1778850758.220953,139.633499,-3.14147,167.111496,2.911408,-0.071529,1.34805
1778850758.22145,139.633499,-3.14147,167.111496,2.911408,-0.071529,1.34805
1778850758.2218962,139.633499,-3.14147,167.111496,2.911408,-0.071529,1.34805
1778850758.2223597,139.633499,-3.14147,167.111496,2.911408,-0.071529,1.34805
1778850758.2227755,139.633499,-3.14147,167.111496,2.911408,-0.071529,1.34805
1778850758.2231803,139.633499,-3.14147,167.111496,2.911408,-0.071529,1.34805
1778850758.22356,139.624649,-3.144255,167.108429,2.911441,-0.071515,1.34781
1778850758.224006,139.624649,-3.144255,167.108429,2.911441,-0.071515,1.34781
1778850758.2244089,139.624649,-3.144255,167.108429,2.911441,-0.071515,1.34781
1778850758.2247782,139.624649,-3.144255,167.108429,2.911441,-0.071515,1.34781
1778850758.2251518,139.624649,-3.144255,167.108429,2.911441,-0.071515,1.34781
1778850758.2255986,139.624649,-3.144255,167.108429,2.911441,-0.071515,1.34781
1778850758.2259865,139.624649,-3.144255,167.108429,2.911441,-0.071515,1.34781
1778850758.2263734,139.624649,-3.144255,167.108429,2.911441,-0.071515,1.34781
1778850758.2267628,139.624649,-3.144255,167.108429,2.911441,-0.071515,1.34781
1778850758.2271893,139.613861,-3.14765,167.104691,2.91148,-0.071499,1.347516
1778850758.2275937,139.613861,-3.14765,167.104691,2.91148,-0.071499,1.347516
1778850758.2279675,139.613861,-3.14765,167.104691,2.91148,-0.071499,1.347516
1778850758.2283552,139.613861,-3.14765,167.104691,2.91148,-0.071499,1.347516
1778850758.2288806,139.613861,-3.14765,167.104691,2.91148,-0.071499,1.347516
1778850758.229365,139.613861,-3.14765,167.104691,2.91148,-0.071499,1.347516
1778850758.2297397,139.613861,-3.14765,167.104691,2.91148,-0.071499,1.347516
1778850758.2301266,139.613861,-3.14765,167.104691,2.91148,-0.071499,1.347516
1778850758.2305293,139.613861,-3.14765,167.104691,2.91148,-0.071499,1.347516
1778850758.2309422,139.601151,-3.151652,167.100296,2.911527,-0.07148,1.347169
1778850758.2313256,139.601151,-3.151652,167.100296,2.911527,-0.07148,1.347169
1778850758.231706,139.601151,-3.151652,167.100296,2.911527,-0.07148,1.347169
1778850758.2321296,139.601151,-3.151652,167.100296,2.911527,-0.07148,1.347169
1778850758.232548,139.601151,-3.151652,167.100296,2.911527,-0.07148,1.347169
1778850758.2329328,139.601151,-3.151652,167.100296,2.911527,-0.07148,1.347169
1778850758.233391,139.601151,-3.151652,167.100296,2.911527,-0.07148,1.347169
1778850758.2338443,139.601151,-3.151652,167.100296,2.911527,-0.07148,1.347169
1778850758.2342136,139.601151,-3.151652,167.100296,2.911527,-0.07148,1.347169
1778850758.2346144,139.601151,-3.151652,167.100296,2.911527,-0.07148,1.347169
1778850758.235052,139.601151,-3.151652,167.100296,2.911527,-0.07148,1.347169
1778850758.2353947,139.601151,-3.151652,167.100296,2.911527,-0.07148,1.347169
1778850758.235764,139.586685,-3.156199,167.095276,2.911581,-0.071457,1.346775
1778850758.2361867,139.586685,-3.156199,167.095276,2.911581,-0.071457,1.346775
1778850758.2365587,139.586685,-3.156199,167.095276,2.911581,-0.071457,1.346775
1778850758.2369082,139.586685,-3.156199,167.095276,2.911581,-0.071457,1.346775
1778850758.2373223,139.586685,-3.156199,167.095276,2.911581,-0.071457,1.346775
1778850758.2376812,139.586685,-3.156199,167.095276,2.911581,-0.071457,1.346775
1778850758.2381153,139.586685,-3.156199,167.095276,2.911581,-0.071457,1.346775
1778850758.2385857,139.586685,-3.156199,167.095276,2.911581,-0.071457,1.346775
1778850758.2389803,139.570663,-3.161228,167.089737,2.91164,-0.071433,1.346339
1778850758.2393532,139.570663,-3.161228,167.089737,2.91164,-0.071433,1.346339
1778850758.2397058,139.570663,-3.161228,167.089737,2.91164,-0.071433,1.346339
1778850758.2400787,139.570663,-3.161228,167.089737,2.91164,-0.071433,1.346339
1778850758.240437,139.570663,-3.161228,167.089737,2.91164,-0.071433,1.346339
1778850758.2408483,139.570663,-3.161228,167.089737,2.91164,-0.071433,1.346339
1778850758.2412183,139.570663,-3.161228,167.089737,2.91164,-0.071433,1.346339
1778850758.241589,139.570663,-3.161228,167.089737,2.91164,-0.071433,1.346339
1778850758.2419982,139.570663,-3.161228,167.089737,2.91164,-0.071433,1.346339
1778850758.2423713,139.570663,-3.161228,167.089737,2.91164,-0.071433,1.346339
1778850758.2427542,139.570663,-3.161228,167.089737,2.91164,-0.071433,1.346339
1778850758.2431295,139.553284,-3.166677,167.083725,2.911704,-0.071407,1.345866
1778850758.243544,139.553284,-3.166677,167.083725,2.911704,-0.071407,1.345866
1778850758.2439897,139.553284,-3.166677,167.083725,2.911704,-0.071407,1.345866
1778850758.2443764,139.553284,-3.166677,167.083725,2.911704,-0.071407,1.345866
1778850758.2448056,139.553284,-3.166677,167.083725,2.911704,-0.071407,1.345866
1778850758.2451913,139.553284,-3.166677,167.083725,2.911704,-0.071407,1.345866
1778850758.245733,139.553284,-3.166677,167.083725,2.911704,-0.071407,1.345866
1778850758.2461696,139.553284,-3.166677,167.083725,2.911704,-0.071407,1.345866
1778850758.2465928,139.553284,-3.166677,167.083725,2.911704,-0.071407,1.345866
1778850758.2470105,139.553284,-3.166677,167.083725,2.911704,-0.071407,1.345866
1778850758.2474003,139.553284,-3.166677,167.083725,2.911704,-0.071407,1.345866
1778850758.2478118,139.534729,-3.172484,167.077316,2.911772,-0.071378,1.345362
1778850758.2481678,139.534729,-3.172484,167.077316,2.911772,-0.071378,1.345362
1778850758.2485254,139.534729,-3.172484,167.077316,2.911772,-0.071378,1.345362
1778850758.2489033,139.534729,-3.172484,167.077316,2.911772,-0.071378,1.345362
1778850758.2493055,139.534729,-3.172484,167.077316,2.911772,-0.071378,1.345362
1778850758.2496722,139.534729,-3.172484,167.077316,2.911772,-0.071378,1.345362
1778850758.250112,139.534729,-3.172484,167.077316,2.911772,-0.071378,1.345362
1778850758.250478,139.534729,-3.172484,167.077316,2.911772,-0.071378,1.345362
1778850758.250886,139.515228,-3.178587,167.070572,2.911844,-0.071348,1.344832
1778850758.2512596,139.515228,-3.178587,167.070572,2.911844,-0.071348,1.344832
1778850758.2516098,139.515228,-3.178587,167.070572,2.911844,-0.071348,1.344832
1778850758.2519825,139.515228,-3.178587,167.070572,2.911844,-0.071348,1.344832
1778850758.2523649,139.515228,-3.178587,167.070572,2.911844,-0.071348,1.344832
1778850758.252724,139.515228,-3.178587,167.070572,2.911844,-0.071348,1.344832
1778850758.2531056,139.515228,-3.178587,167.070572,2.911844,-0.071348,1.344832
1778850758.253473,139.515228,-3.178587,167.070572,2.911844,-0.071348,1.344832
1778850758.2539322,139.515228,-3.178587,167.070572,2.911844,-0.071348,1.344832
1778850758.2543023,139.515228,-3.178587,167.070572,2.911844,-0.071348,1.344832
1778850758.2546947,139.515228,-3.178587,167.070572,2.911844,-0.071348,1.344832
1778850758.2550645,139.494934,-3.184923,167.063553,2.911919,-0.071317,1.344281
1778850758.255424,139.494934,-3.184923,167.063553,2.911919,-0.071317,1.344281
1778850758.255787,139.494934,-3.184923,167.063553,2.911919,-0.071317,1.344281
1778850758.2561646,139.494934,-3.184923,167.063553,2.911919,-0.071317,1.344281
1778850758.2565432,139.494934,-3.184923,167.063553,2.911919,-0.071317,1.344281
1778850758.2569404,139.494934,-3.184923,167.063553,2.911919,-0.071317,1.344281
1778850758.2573211,139.494934,-3.184923,167.063553,2.911919,-0.071317,1.344281
1778850758.2576947,139.494934,-3.184923,167.063553,2.911919,-0.071317,1.344281
1778850758.2580633,139.494934,-3.184923,167.063553,2.911919,-0.071317,1.344281
1778850758.2584403,139.494934,-3.184923,167.063553,2.911919,-0.071317,1.344281
1778850758.2588148,139.494934,-3.184923,167.063553,2.911919,-0.071317,1.344281
1778850758.259187,139.494934,-3.184923,167.063553,2.911919,-0.071317,1.344281
1778850758.259574,139.494934,-3.184923,167.063553,2.911919,-0.071317,1.344281
1778850758.2599328,139.47406,-3.191432,167.056351,2.911997,-0.071286,1.343715
1778850758.260298,139.47406,-3.191432,167.056351,2.911997,-0.071286,1.343715
1778850758.2607303,139.47406,-3.191432,167.056351,2.911997,-0.071286,1.343715
1778850758.2611632,139.47406,-3.191432,167.056351,2.911997,-0.071286,1.343715
1778850758.2617118,139.47406,-3.191432,167.056351,2.911997,-0.071286,1.343715
1778850758.2622404,139.47406,-3.191432,167.056351,2.911997,-0.071286,1.343715
1778850758.2629046,139.452805,-3.19805,167.049011,2.912075,-0.071253,1.343139
1778850758.2633734,139.452805,-3.19805,167.049011,2.912075,-0.071253,1.343139
1778850758.263816,139.452805,-3.19805,167.049011,2.912075,-0.071253,1.343139
1778850758.2642083,139.452805,-3.19805,167.049011,2.912075,-0.071253,1.343139
1778850758.2645767,139.452805,-3.19805,167.049011,2.912075,-0.071253,1.343139
1778850758.264972,139.452805,-3.19805,167.049011,2.912075,-0.071253,1.343139
1778850758.2653785,139.452805,-3.19805,167.049011,2.912075,-0.071253,1.343139
1778850758.2657712,139.452805,-3.19805,167.049011,2.912075,-0.071253,1.343139
1778850758.2661457,139.452805,-3.19805,167.049011,2.912075,-0.071253,1.343139
1778850758.266546,139.452805,-3.19805,167.049011,2.912075,-0.071253,1.343139
1778850758.2669191,139.431366,-3.204718,167.041611,2.912155,-0.07122,1.342558
1778850758.2673063,139.431366,-3.204718,167.041611,2.912155,-0.07122,1.342558
1778850758.2676919,139.431366,-3.204718,167.041611,2.912155,-0.07122,1.342558
1778850758.2681594,139.431366,-3.204718,167.041611,2.912155,-0.07122,1.342558
1778850758.268532,139.431366,-3.204718,167.041611,2.912155,-0.07122,1.342558
1778850758.2689493,139.431366,-3.204718,167.041611,2.912155,-0.07122,1.342558
1778850758.2693317,139.431366,-3.204718,167.041611,2.912155,-0.07122,1.342558
1778850758.2697241,139.431366,-3.204718,167.041611,2.912155,-0.07122,1.342558
1778850758.2701328,139.431366,-3.204718,167.041611,2.912155,-0.07122,1.342558
1778850758.2704918,139.431366,-3.204718,167.041611,2.912155,-0.07122,1.342558
1778850758.2708547,139.431366,-3.204718,167.041611,2.912155,-0.07122,1.342558
1778850758.2712457,139.431366,-3.204718,167.041611,2.912155,-0.07122,1.342558
1778850758.2716103,139.431366,-3.204718,167.041611,2.912155,-0.07122,1.342558
1778850758.2720082,139.409882,-3.211387,167.03421,2.912235,-0.071187,1.341976
1778850758.2723987,139.409882,-3.211387,167.03421,2.912235,-0.071187,1.341976
1778850758.272778,139.409882,-3.211387,167.03421,2.912235,-0.071187,1.341976
1778850758.2731721,139.409882,-3.211387,167.03421,2.912235,-0.071187,1.341976
1778850758.273634,139.409882,-3.211387,167.03421,2.912235,-0.071187,1.341976
1778850758.274017,139.409882,-3.211387,167.03421,2.912235,-0.071187,1.341976
1778850758.274399,139.409882,-3.211387,167.03421,2.912235,-0.071187,1.341976
1778850758.2747746,139.409882,-3.211387,167.03421,2.912235,-0.071187,1.341976
1778850758.275188,139.388397,-3.21805,167.02681,2.912314,-0.071155,1.341394
1778850758.275579,139.388397,-3.21805,167.02681,2.912314,-0.071155,1.341394
1778850758.27596,139.388397,-3.21805,167.02681,2.912314,-0.071155,1.341394
1778850758.2763338,139.388397,-3.21805,167.02681,2.912314,-0.071155,1.341394
1778850758.2767038,139.388397,-3.21805,167.02681,2.912314,-0.071155,1.341394
1778850758.2771938,139.388397,-3.21805,167.02681,2.912314,-0.071155,1.341394
1778850758.2777307,139.388397,-3.21805,167.02681,2.912314,-0.071155,1.341394
1778850758.2781596,139.388397,-3.21805,167.02681,2.912314,-0.071155,1.341394
1778850758.278581,139.388397,-3.21805,167.02681,2.912314,-0.071155,1.341394
1778850758.279158,139.366882,-3.224707,167.019394,2.912395,-0.071122,1.340813
1778850758.2796307,139.366882,-3.224707,167.019394,2.912395,-0.071122,1.340813
1778850758.2801044,139.366882,-3.224707,167.019394,2.912395,-0.071122,1.340813
1778850758.2805002,139.366882,-3.224707,167.019394,2.912395,-0.071122,1.340813
1778850758.2809072,139.366882,-3.224707,167.019394,2.912395,-0.071122,1.340813
1778850758.2813506,139.366882,-3.224707,167.019394,2.912395,-0.071122,1.340813
1778850758.2817397,139.366882,-3.224707,167.019394,2.912395,-0.071122,1.340813
1778850758.2821443,139.366882,-3.224707,167.019394,2.912395,-0.071122,1.340813
1778850758.2825255,139.366882,-3.224707,167.019394,2.912395,-0.071122,1.340813
1778850758.2829368,139.366882,-3.224707,167.019394,2.912395,-0.071122,1.340813
1778850758.2833576,139.366882,-3.224707,167.019394,2.912395,-0.071122,1.340813
1778850758.2838101,139.345367,-3.231359,167.011993,2.912475,-0.071089,1.340231
1778850758.2842567,139.345367,-3.231359,167.011993,2.912475,-0.071089,1.340231
1778850758.2846327,139.345367,-3.231359,167.011993,2.912475,-0.071089,1.340231
1778850758.2852137,139.345367,-3.231359,167.011993,2.912475,-0.071089,1.340231
1778850758.2856162,139.345367,-3.231359,167.011993,2.912475,-0.071089,1.340231
1778850758.2860117,139.345367,-3.231359,167.011993,2.912475,-0.071089,1.340231
1778850758.2863748,139.345367,-3.231359,167.011993,2.912475,-0.071089,1.340231
1778850758.2867634,139.345367,-3.231359,167.011993,2.912475,-0.071089,1.340231
1778850758.2871306,139.323837,-3.238005,167.004578,2.912555,-0.071056,1.33965
1778850758.2874868,139.323837,-3.238005,167.004578,2.912555,-0.071056,1.33965
1778850758.28784,139.323837,-3.238005,167.004578,2.912555,-0.071056,1.33965
1778850758.2881937,139.323837,-3.238005,167.004578,2.912555,-0.071056,1.33965
1778850758.288542,139.323837,-3.238005,167.004578,2.912555,-0.071056,1.33965
1778850758.288919,139.323837,-3.238005,167.004578,2.912555,-0.071056,1.33965
1778850758.2893107,139.323837,-3.238005,167.004578,2.912555,-0.071056,1.33965
1778850758.2896879,139.323837,-3.238005,167.004578,2.912555,-0.071056,1.33965
1778850758.2900977,139.323837,-3.238005,167.004578,2.912555,-0.071056,1.33965
1778850758.2904813,139.323837,-3.238005,167.004578,2.912555,-0.071056,1.33965
1778850758.2908502,139.302277,-3.244646,166.997177,2.912635,-0.071023,1.339068
1778850758.2912252,139.302277,-3.244646,166.997177,2.912635,-0.071023,1.339068
1778850758.2915885,139.302277,-3.244646,166.997177,2.912635,-0.071023,1.339068
1778850758.2919607,139.302277,-3.244646,166.997177,2.912635,-0.071023,1.339068
1778850758.2923245,139.302277,-3.244646,166.997177,2.912635,-0.071023,1.339068
1778850758.2926786,139.302277,-3.244646,166.997177,2.912635,-0.071023,1.339068
1778850758.29306,139.302277,-3.244646,166.997177,2.912635,-0.071023,1.339068
1778850758.2934246,139.302277,-3.244646,166.997177,2.912635,-0.071023,1.339068
1778850758.2938848,139.302277,-3.244646,166.997177,2.912635,-0.071023,1.339068
1778850758.2943103,139.302277,-3.244646,166.997177,2.912635,-0.071023,1.339068
1778850758.2946944,139.302277,-3.244646,166.997177,2.912635,-0.071023,1.339068
1778850758.2950926,139.302277,-3.244646,166.997177,2.912635,-0.071023,1.339068
1778850758.2955213,139.302277,-3.244646,166.997177,2.912635,-0.071023,1.339068
1778850758.2959452,139.280716,-3.25128,166.989761,2.912716,-0.07099,1.338486
1778850758.2964694,139.280716,-3.25128,166.989761,2.912716,-0.07099,1.338486
1778850758.296957,139.280716,-3.25128,166.989761,2.912716,-0.07099,1.338486
1778850758.2974195,139.280716,-3.25128,166.989761,2.912716,-0.07099,1.338486
1778850758.2979014,139.280716,-3.25128,166.989761,2.912716,-0.07099,1.338486
1778850758.2983563,139.280716,-3.25128,166.989761,2.912716,-0.07099,1.338486
1778850758.2987363,139.280716,-3.25128,166.989761,2.912716,-0.07099,1.338486
1778850758.29913,139.25914,-3.257909,166.982361,2.912796,-0.070956,1.337905
1778850758.2994933,139.25914,-3.257909,166.982361,2.912796,-0.070956,1.337905
1778850758.299894,139.25914,-3.257909,166.982361,2.912796,-0.070956,1.337905
1778850758.300261,139.25914,-3.257909,166.982361,2.912796,-0.070956,1.337905
1778850758.3006108,139.25914,-3.257909,166.982361,2.912796,-0.070956,1.337905
1778850758.301061,139.25914,-3.257909,166.982361,2.912796,-0.070956,1.337905
1778850758.3014386,139.25914,-3.257909,166.982361,2.912796,-0.070956,1.337905
1778850758.301852,139.25914,-3.257909,166.982361,2.912796,-0.070956,1.337905
1778850758.3022738,139.25914,-3.257909,166.982361,2.912796,-0.070956,1.337905
1778850758.3026452,139.25914,-3.257909,166.982361,2.912796,-0.070956,1.337905
1778850758.3030157,139.237549,-3.264533,166.974945,2.912877,-0.070923,1.337323
1778850758.303386,139.237549,-3.264533,166.974945,2.912877,-0.070923,1.337323
1778850758.3037736,139.237549,-3.264533,166.974945,2.912877,-0.070923,1.337323
1778850758.3041627,139.237549,-3.264533,166.974945,2.912877,-0.070923,1.337323
1778850758.3045263,139.237549,-3.264533,166.974945,2.912877,-0.070923,1.337323
1778850758.3049786,139.237549,-3.264533,166.974945,2.912877,-0.070923,1.337323
1778850758.305352,139.237549,-3.264533,166.974945,2.912877,-0.070923,1.337323
1778850758.305746,139.237549,-3.264533,166.974945,2.912877,-0.070923,1.337323
1778850758.3061202,139.237549,-3.264533,166.974945,2.912877,-0.070923,1.337323
1778850758.3065174,139.237549,-3.264533,166.974945,2.912877,-0.070923,1.337323
1778850758.3068943,139.237549,-3.264533,166.974945,2.912877,-0.070923,1.337323
1778850758.307269,139.237549,-3.264533,166.974945,2.912877,-0.070923,1.337323
1778850758.307631,139.215942,-3.27115,166.967529,2.912958,-0.07089,1.336742
1778850758.308025,139.215942,-3.27115,166.967529,2.912958,-0.07089,1.336742
1778850758.3084068,139.215942,-3.27115,166.967529,2.912958,-0.07089,1.336742
1778850758.3087819,139.215942,-3.27115,166.967529,2.912958,-0.07089,1.336742
1778850758.309149,139.215942,-3.27115,166.967529,2.912958,-0.07089,1.336742
1778850758.3095644,139.215942,-3.27115,166.967529,2.912958,-0.07089,1.336742
1778850758.309931,139.215942,-3.27115,166.967529,2.912958,-0.07089,1.336742
1778850758.3103745,139.215942,-3.27115,166.967529,2.912958,-0.07089,1.336742
1778850758.3108113,139.194321,-3.277761,166.960114,2.913039,-0.070857,1.33616
1778850758.3111777,139.194321,-3.277761,166.960114,2.913039,-0.070857,1.33616
1778850758.3115776,139.194321,-3.277761,166.960114,2.913039,-0.070857,1.33616
1778850758.311984,139.194321,-3.277761,166.960114,2.913039,-0.070857,1.33616
1778850758.312503,139.194321,-3.277761,166.960114,2.913039,-0.070857,1.33616
1778850758.3129191,139.194321,-3.277761,166.960114,2.913039,-0.070857,1.33616
1778850758.3133602,139.194321,-3.277761,166.960114,2.913039,-0.070857,1.33616
1778850758.3138363,139.194321,-3.277761,166.960114,2.913039,-0.070857,1.33616
1778850758.3142111,139.194321,-3.277761,166.960114,2.913039,-0.070857,1.33616
1778850758.314579,139.194321,-3.277761,166.960114,2.913039,-0.070857,1.33616
1778850758.3149722,139.172684,-3.284367,166.952698,2.91312,-0.070824,1.335579
1778850758.315322,139.172684,-3.284367,166.952698,2.91312,-0.070824,1.335579
1778850758.3156736,139.172684,-3.284367,166.952698,2.91312,-0.070824,1.335579
1778850758.3160462,139.172684,-3.284367,166.952698,2.91312,-0.070824,1.335579
1778850758.3164096,139.172684,-3.284367,166.952698,2.91312,-0.070824,1.335579
1778850758.3167815,139.172684,-3.284367,166.952698,2.91312,-0.070824,1.335579
1778850758.3171582,139.172684,-3.284367,166.952698,2.91312,-0.070824,1.335579
1778850758.317559,139.172684,-3.284367,166.952698,2.91312,-0.070824,1.335579
1778850758.3179514,139.172684,-3.284367,166.952698,2.91312,-0.070824,1.335579
1778850758.318472,139.172684,-3.284367,166.952698,2.91312,-0.070824,1.335579
1778850758.3189552,139.172684,-3.284367,166.952698,2.91312,-0.070824,1.335579
1778850758.3193545,139.172684,-3.284367,166.952698,2.91312,-0.070824,1.335579
1778850758.3198216,139.151031,-3.290967,166.945282,2.913201,-0.070791,1.334997
1778850758.320243,139.151031,-3.290967,166.945282,2.913201,-0.070791,1.334997
1778850758.32062,139.151031,-3.290967,166.945282,2.913201,-0.070791,1.334997
1778850758.321141,139.151031,-3.290967,166.945282,2.913201,-0.070791,1.334997
1778850758.321633,139.151031,-3.290967,166.945282,2.913201,-0.070791,1.334997
1778850758.3221035,139.151031,-3.290967,166.945282,2.913201,-0.070791,1.334997
1778850758.322524,139.151031,-3.290967,166.945282,2.913201,-0.070791,1.334997
1778850758.3229346,139.129379,-3.297561,166.937866,2.913282,-0.070757,1.334415
1778850758.3233352,139.129379,-3.297561,166.937866,2.913282,-0.070757,1.334415
1778850758.323762,139.129379,-3.297561,166.937866,2.913282,-0.070757,1.334415
1778850758.3242073,139.129379,-3.297561,166.937866,2.913282,-0.070757,1.334415
1778850758.324637,139.129379,-3.297561,166.937866,2.913282,-0.070757,1.334415
1778850758.3250782,139.129379,-3.297561,166.937866,2.913282,-0.070757,1.334415
1778850758.3254898,139.129379,-3.297561,166.937866,2.913282,-0.070757,1.334415
1778850758.3259313,139.129379,-3.297561,166.937866,2.913282,-0.070757,1.334415
1778850758.326334,139.129379,-3.297561,166.937866,2.913282,-0.070757,1.334415
1778850758.326731,139.129379,-3.297561,166.937866,2.913282,-0.070757,1.334415
1778850758.3271596,139.107697,-3.304149,166.93045,2.913364,-0.070724,1.333834
1778850758.3275456,139.107697,-3.304149,166.93045,2.913364,-0.070724,1.333834
1778850758.327923,139.107697,-3.304149,166.93045,2.913364,-0.070724,1.333834
1778850758.32832,139.107697,-3.304149,166.93045,2.913364,-0.070724,1.333834
1778850758.3287187,139.107697,-3.304149,166.93045,2.913364,-0.070724,1.333834
1778850758.329317,139.107697,-3.304149,166.93045,2.913364,-0.070724,1.333834
1778850758.3298576,139.107697,-3.304149,166.93045,2.913364,-0.070724,1.333834
1778850758.330377,139.107697,-3.304149,166.93045,2.913364,-0.070724,1.333834
1778850758.330824,139.107697,-3.304149,166.93045,2.913364,-0.070724,1.333834
1778850758.331198,139.107697,-3.304149,166.93045,2.913364,-0.070724,1.333834
1778850758.3316023,139.107697,-3.304149,166.93045,2.913364,-0.070724,1.333834
1778850758.3319983,139.085999,-3.310732,166.923035,2.913445,-0.070691,1.333252
1778850758.332371,139.085999,-3.310732,166.923035,2.913445,-0.070691,1.333252
1778850758.332728,139.085999,-3.310732,166.923035,2.913445,-0.070691,1.333252
1778850758.3331604,139.085999,-3.310732,166.923035,2.913445,-0.070691,1.333252
1778850758.3336391,139.085999,-3.310732,166.923035,2.913445,-0.070691,1.333252
1778850758.3340576,139.085999,-3.310732,166.923035,2.913445,-0.070691,1.333252
1778850758.3344665,139.085999,-3.310732,166.923035,2.913445,-0.070691,1.333252
1778850758.3348594,139.085999,-3.310732,166.923035,2.913445,-0.070691,1.333252
1778850758.3352501,139.064301,-3.317308,166.915619,2.913527,-0.070657,1.332671
1778850758.3356624,139.064301,-3.317308,166.915619,2.913527,-0.070657,1.332671
1778850758.3360353,139.064301,-3.317308,166.915619,2.913527,-0.070657,1.332671
1778850758.3364031,139.064301,-3.317308,166.915619,2.913527,-0.070657,1.332671
1778850758.3367841,139.064301,-3.317308,166.915619,2.913527,-0.070657,1.332671
1778850758.3371522,139.064301,-3.317308,166.915619,2.913527,-0.070657,1.332671
1778850758.337595,139.064301,-3.317308,166.915619,2.913527,-0.070657,1.332671
1778850758.3379726,139.064301,-3.317308,166.915619,2.913527,-0.070657,1.332671
1778850758.3383555,139.064301,-3.317308,166.915619,2.913527,-0.070657,1.332671
1778850758.3387477,139.064301,-3.317308,166.915619,2.913527,-0.070657,1.332671
1778850758.3391714,139.042587,-3.323878,166.908203,2.913609,-0.070624,1.332089
1778850758.3395536,139.042587,-3.323878,166.908203,2.913609,-0.070624,1.332089
1778850758.3399217,139.042587,-3.323878,166.908203,2.913609,-0.070624,1.332089
1778850758.3403187,139.042587,-3.323878,166.908203,2.913609,-0.070624,1.332089
1778850758.340696,139.042587,-3.323878,166.908203,2.913609,-0.070624,1.332089
1778850758.341109,139.042587,-3.323878,166.908203,2.913609,-0.070624,1.332089
1778850758.3414776,139.042587,-3.323878,166.908203,2.913609,-0.070624,1.332089
1778850758.3418748,139.042587,-3.323878,166.908203,2.913609,-0.070624,1.332089
1778850758.3422828,139.042587,-3.323878,166.908203,2.913609,-0.070624,1.332089
1778850758.3426604,139.042587,-3.323878,166.908203,2.913609,-0.070624,1.332089
1778850758.3430696,139.042587,-3.323878,166.908203,2.913609,-0.070624,1.332089
1778850758.3434572,139.042587,-3.323878,166.908203,2.913609,-0.070624,1.332089
1778850758.3438916,139.020844,-3.330443,166.900772,2.913691,-0.07059,1.331508
1778850758.3442726,139.020844,-3.330443,166.900772,2.913691,-0.07059,1.331508
1778850758.3446565,139.020844,-3.330443,166.900772,2.913691,-0.07059,1.331508
1778850758.3450675,139.020844,-3.330443,166.900772,2.913691,-0.07059,1.331508
1778850758.3455143,139.020844,-3.330443,166.900772,2.913691,-0.07059,1.331508
1778850758.3461115,139.020844,-3.330443,166.900772,2.913691,-0.07059,1.331508
1778850758.346597,139.020844,-3.330443,166.900772,2.913691,-0.07059,1.331508
1778850758.3470438,138.9991,-3.337001,166.893356,2.913773,-0.070557,1.330927
1778850758.347422,138.9991,-3.337001,166.893356,2.913773,-0.070557,1.330927
1778850758.3478892,138.9991,-3.337001,166.893356,2.913773,-0.070557,1.330927
1778850758.3482502,138.9991,-3.337001,166.893356,2.913773,-0.070557,1.330927
1778850758.3486037,138.9991,-3.337001,166.893356,2.913773,-0.070557,1.330927
1778850758.3490143,138.9991,-3.337001,166.893356,2.913773,-0.070557,1.330927
1778850758.3493822,138.9991,-3.337001,166.893356,2.913773,-0.070557,1.330927
1778850758.349851,138.9991,-3.337001,166.893356,2.913773,-0.070557,1.330927
1778850758.3502157,138.9991,-3.337001,166.893356,2.913773,-0.070557,1.330927
1778850758.3505757,138.9991,-3.337001,166.893356,2.913773,-0.070557,1.330927
1778850758.3509455,138.977341,-3.343554,166.885941,2.913855,-0.070523,1.330345
1778850758.351307,138.977341,-3.343554,166.885941,2.913855,-0.070523,1.330345
1778850758.3516786,138.977341,-3.343554,166.885941,2.913855,-0.070523,1.330345
1778850758.3520594,138.977341,-3.343554,166.885941,2.913855,-0.070523,1.330345
1778850758.3524387,138.977341,-3.343554,166.885941,2.913855,-0.070523,1.330345
1778850758.3528414,138.977341,-3.343554,166.885941,2.913855,-0.070523,1.330345
1778850758.3532197,138.977341,-3.343554,166.885941,2.913855,-0.070523,1.330345
1778850758.3535929,138.977341,-3.343554,166.885941,2.913855,-0.070523,1.330345
1778850758.3540318,138.977341,-3.343554,166.885941,2.913855,-0.070523,1.330345
1778850758.3544004,138.977341,-3.343554,166.885941,2.913855,-0.070523,1.330345
1778850758.354847,138.977341,-3.343554,166.885941,2.913855,-0.070523,1.330345
1778850758.3552532,138.977341,-3.343554,166.885941,2.913855,-0.070523,1.330345
1778850758.3556218,138.955566,-3.3501,166.87851,2.913937,-0.07049,1.329764
1778850758.3559985,138.955566,-3.3501,166.87851,2.913937,-0.07049,1.329764
1778850758.3563576,138.955566,-3.3501,166.87851,2.913937,-0.07049,1.329764
1778850758.3567178,138.955566,-3.3501,166.87851,2.913937,-0.07049,1.329764
1778850758.3571424,138.955566,-3.3501,166.87851,2.913937,-0.07049,1.329764
1778850758.3575437,138.955566,-3.3501,166.87851,2.913937,-0.07049,1.329764
1778850758.3579183,138.955566,-3.3501,166.87851,2.913937,-0.07049,1.329764
1778850758.3582795,138.955566,-3.3501,166.87851,2.913937,-0.07049,1.329764
1778850758.3586426,138.955566,-3.3501,166.87851,2.913937,-0.07049,1.329764
1778850758.359006,138.933777,-3.35664,166.871094,2.91402,-0.070456,1.329182
1778850758.3594003,138.933777,-3.35664,166.871094,2.91402,-0.070456,1.329182
1778850758.3598506,138.933777,-3.35664,166.871094,2.91402,-0.070456,1.329182
1778850758.3602738,138.933777,-3.35664,166.871094,2.91402,-0.070456,1.329182
1778850758.3606884,138.933777,-3.35664,166.871094,2.91402,-0.070456,1.329182
1778850758.361099,138.933777,-3.35664,166.871094,2.91402,-0.070456,1.329182
1778850758.3615026,138.933777,-3.35664,166.871094,2.91402,-0.070456,1.329182
1778850758.3619173,138.933777,-3.35664,166.871094,2.91402,-0.070456,1.329182
1778850758.3624253,138.933777,-3.35664,166.871094,2.91402,-0.070456,1.329182
1778850758.3635163,138.911972,-3.363175,166.863663,2.914102,-0.070423,1.328601
1778850758.3639827,138.911972,-3.363175,166.863663,2.914102,-0.070423,1.328601
1778850758.3644097,138.911972,-3.363175,166.863663,2.914102,-0.070423,1.328601
1778850758.364847,138.911972,-3.363175,166.863663,2.914102,-0.070423,1.328601
1778850758.3653069,138.911972,-3.363175,166.863663,2.914102,-0.070423,1.328601
1778850758.365674,138.911972,-3.363175,166.863663,2.914102,-0.070423,1.328601
1778850758.3660865,138.911972,-3.363175,166.863663,2.914102,-0.070423,1.328601
1778850758.3664641,138.911972,-3.363175,166.863663,2.914102,-0.070423,1.328601
1778850758.366855,138.911972,-3.363175,166.863663,2.914102,-0.070423,1.328601
1778850758.367275,138.911972,-3.363175,166.863663,2.914102,-0.070423,1.328601
1778850758.367665,138.890167,-3.369703,166.856247,2.914185,-0.070389,1.328019
1778850758.3680527,138.890167,-3.369703,166.856247,2.914185,-0.070389,1.328019
1778850758.3684242,138.890167,-3.369703,166.856247,2.914185,-0.070389,1.328019
1778850758.3688278,138.890167,-3.369703,166.856247,2.914185,-0.070389,1.328019
1778850758.3692236,138.890167,-3.369703,166.856247,2.914185,-0.070389,1.328019
1778850758.3696136,138.890167,-3.369703,166.856247,2.914185,-0.070389,1.328019
1778850758.3700914,138.890167,-3.369703,166.856247,2.914185,-0.070389,1.328019
1778850758.3704693,138.890167,-3.369703,166.856247,2.914185,-0.070389,1.328019
1778850758.3708992,138.868332,-3.376225,166.848816,2.914268,-0.070355,1.327438
1778850758.3712916,138.868332,-3.376225,166.848816,2.914268,-0.070355,1.327438
1778850758.3716652,138.868332,-3.376225,166.848816,2.914268,-0.070355,1.327438
1778850758.3720295,138.868332,-3.376225,166.848816,2.914268,-0.070355,1.327438
1778850758.3723774,138.868332,-3.376225,166.848816,2.914268,-0.070355,1.327438
1778850758.3727274,138.868332,-3.376225,166.848816,2.914268,-0.070355,1.327438
1778850758.373126,138.868332,-3.376225,166.848816,2.914268,-0.070355,1.327438
1778850758.3735704,138.868332,-3.376225,166.848816,2.914268,-0.070355,1.327438
1778850758.3739715,138.868332,-3.376225,166.848816,2.914268,-0.070355,1.327438
1778850758.3743896,138.868332,-3.376225,166.848816,2.914268,-0.070355,1.327438
1778850758.3747933,138.868332,-3.376225,166.848816,2.914268,-0.070355,1.327438
1778850758.3751657,138.846481,-3.382741,166.841385,2.914351,-0.070322,1.326857
1778850758.3755255,138.846481,-3.382741,166.841385,2.914351,-0.070322,1.326857
1778850758.3758829,138.846481,-3.382741,166.841385,2.914351,-0.070322,1.326857
1778850758.376245,138.846481,-3.382741,166.841385,2.914351,-0.070322,1.326857
1778850758.3766017,138.846481,-3.382741,166.841385,2.914351,-0.070322,1.326857
1778850758.376968,138.846481,-3.382741,166.841385,2.914351,-0.070322,1.326857
1778850758.377411,138.846481,-3.382741,166.841385,2.914351,-0.070322,1.326857
1778850758.3778381,138.846481,-3.382741,166.841385,2.914351,-0.070322,1.326857
1778850758.378232,138.846481,-3.382741,166.841385,2.914351,-0.070322,1.326857
1778850758.3787143,138.846481,-3.382741,166.841385,2.914351,-0.070322,1.326857
1778850758.3792164,138.846481,-3.382741,166.841385,2.914351,-0.070322,1.326857
1778850758.379682,138.824631,-3.389251,166.833969,2.914433,-0.070288,1.326275
1778850758.3801043,138.824631,-3.389251,166.833969,2.914433,-0.070288,1.326275
1778850758.3804843,138.824631,-3.389251,166.833969,2.914433,-0.070288,1.326275
1778850758.3808715,138.824631,-3.389251,166.833969,2.914433,-0.070288,1.326275
1778850758.381291,138.824631,-3.389251,166.833969,2.914433,-0.070288,1.326275
1778850758.3817186,138.824631,-3.389251,166.833969,2.914433,-0.070288,1.326275
1778850758.382196,138.824631,-3.389251,166.833969,2.914433,-0.070288,1.326275
1778850758.382584,138.824631,-3.389251,166.833969,2.914433,-0.070288,1.326275
1778850758.382953,138.802765,-3.395755,166.826538,2.914517,-0.070254,1.325694
1778850758.3833513,138.802765,-3.395755,166.826538,2.914517,-0.070254,1.325694
1778850758.3837194,138.802765,-3.395755,166.826538,2.914517,-0.070254,1.325694
1778850758.3841157,138.802765,-3.395755,166.826538,2.914517,-0.070254,1.325694
1778850758.3844676,138.802765,-3.395755,166.826538,2.914517,-0.070254,1.325694
1778850758.3848264,138.802765,-3.395755,166.826538,2.914517,-0.070254,1.325694
1778850758.3851993,138.802765,-3.395755,166.826538,2.914517,-0.070254,1.325694
1778850758.3855991,138.802765,-3.395755,166.826538,2.914517,-0.070254,1.325694
1778850758.3859758,138.802765,-3.395755,166.826538,2.914517,-0.070254,1.325694
1778850758.3863685,138.802765,-3.395755,166.826538,2.914517,-0.070254,1.325694
1778850758.386786,138.802765,-3.395755,166.826538,2.914517,-0.070254,1.325694
1778850758.3871586,138.780869,-3.402252,166.819107,2.9146,-0.07022,1.325112
1778850758.3875291,138.780869,-3.402252,166.819107,2.9146,-0.07022,1.325112
1778850758.3878863,138.780869,-3.402252,166.819107,2.9146,-0.07022,1.325112
1778850758.3882427,138.780869,-3.402252,166.819107,2.9146,-0.07022,1.325112
1778850758.3885996,138.780869,-3.402252,166.819107,2.9146,-0.07022,1.325112
1778850758.3889654,138.780869,-3.402252,166.819107,2.9146,-0.07022,1.325112
1778850758.3893676,138.780869,-3.402252,166.819107,2.9146,-0.07022,1.325112
1778850758.3897974,138.780869,-3.402252,166.819107,2.9146,-0.07022,1.325112
1778850758.3901734,138.780869,-3.402252,166.819107,2.9146,-0.07022,1.325112
1778850758.390547,138.780869,-3.402252,166.819107,2.9146,-0.07022,1.325112
1778850758.3909266,138.780869,-3.402252,166.819107,2.9146,-0.07022,1.325112
1778850758.3912897,138.780869,-3.402252,166.819107,2.9146,-0.07022,1.325112
1778850758.3917127,138.758972,-3.408743,166.811676,2.914683,-0.070187,1.324531
1778850758.3921092,138.758972,-3.408743,166.811676,2.914683,-0.070187,1.324531
1778850758.3924866,138.758972,-3.408743,166.811676,2.914683,-0.070187,1.324531
1778850758.3928509,138.758972,-3.408743,166.811676,2.914683,-0.070187,1.324531
1778850758.3932402,138.758972,-3.408743,166.811676,2.914683,-0.070187,1.324531
1778850758.393609,138.758972,-3.408743,166.811676,2.914683,-0.070187,1.324531
1778850758.3940823,138.758972,-3.408743,166.811676,2.914683,-0.070187,1.324531
1778850758.3944638,138.758972,-3.408743,166.811676,2.914683,-0.070187,1.324531
1778850758.3948786,138.737061,-3.415228,166.804245,2.914767,-0.070153,1.32395
1778850758.395286,138.737061,-3.415228,166.804245,2.914767,-0.070153,1.32395
1778850758.3957994,138.737061,-3.415228,166.804245,2.914767,-0.070153,1.32395
1778850758.396281,138.737061,-3.415228,166.804245,2.914767,-0.070153,1.32395
1778850758.3969247,138.737061,-3.415228,166.804245,2.914767,-0.070153,1.32395
1778850758.3973603,138.737061,-3.415228,166.804245,2.914767,-0.070153,1.32395
1778850758.3977416,138.737061,-3.415228,166.804245,2.914767,-0.070153,1.32395
1778850758.3981497,138.737061,-3.415228,166.804245,2.914767,-0.070153,1.32395
1778850758.3985167,138.737061,-3.415228,166.804245,2.914767,-0.070153,1.32395
1778850758.3989136,138.715134,-3.421707,166.796814,2.91485,-0.070119,1.323368
1778850758.3993251,138.715134,-3.421707,166.796814,2.91485,-0.070119,1.323368
1778850758.3996754,138.715134,-3.421707,166.796814,2.91485,-0.070119,1.323368
1778850758.4000304,138.715134,-3.421707,166.796814,2.91485,-0.070119,1.323368
1778850758.4003785,138.715134,-3.421707,166.796814,2.91485,-0.070119,1.323368
1778850758.400738,138.715134,-3.421707,166.796814,2.91485,-0.070119,1.323368
1778850758.4011524,138.715134,-3.421707,166.796814,2.91485,-0.070119,1.323368
1778850758.401542,138.715134,-3.421707,166.796814,2.91485,-0.070119,1.323368
1778850758.4019248,138.715134,-3.421707,166.796814,2.91485,-0.070119,1.323368
1778850758.4022954,138.715134,-3.421707,166.796814,2.91485,-0.070119,1.323368
1778850758.4026628,138.715134,-3.421707,166.796814,2.91485,-0.070119,1.323368
1778850758.403049,138.715134,-3.421707,166.796814,2.91485,-0.070119,1.323368
1778850758.4034445,138.715134,-3.421707,166.796814,2.91485,-0.070119,1.323368
1778850758.4038742,138.693192,-3.42818,166.789383,2.914934,-0.070085,1.322787
1778850758.4042401,138.693192,-3.42818,166.789383,2.914934,-0.070085,1.322787
1778850758.404607,138.693192,-3.42818,166.789383,2.914934,-0.070085,1.322787
1778850758.4050932,138.693192,-3.42818,166.789383,2.914934,-0.070085,1.322787
1778850758.4054542,138.693192,-3.42818,166.789383,2.914934,-0.070085,1.322787
1778850758.4058404,138.693192,-3.42818,166.789383,2.914934,-0.070085,1.322787
1778850758.4062257,138.693192,-3.42818,166.789383,2.914934,-0.070085,1.322787
1778850758.4065897,138.693192,-3.42818,166.789383,2.914934,-0.070085,1.322787
1778850758.4069676,138.671234,-3.434646,166.781952,2.915018,-0.070051,1.322206
1778850758.4073334,138.671234,-3.434646,166.781952,2.915018,-0.070051,1.322206
1778850758.4076917,138.671234,-3.434646,166.781952,2.915018,-0.070051,1.322206
1778850758.4080617,138.671234,-3.434646,166.781952,2.915018,-0.070051,1.322206
1778850758.4084184,138.671234,-3.434646,166.781952,2.915018,-0.070051,1.322206
1778850758.4087882,138.671234,-3.434646,166.781952,2.915018,-0.070051,1.322206
1778850758.4091446,138.671234,-3.434646,166.781952,2.915018,-0.070051,1.322206
1778850758.409535,138.671234,-3.434646,166.781952,2.915018,-0.070051,1.322206
1778850758.4098988,138.671234,-3.434646,166.781952,2.915018,-0.070051,1.322206
1778850758.4103844,138.671234,-3.434646,166.781952,2.915018,-0.070051,1.322206
1778850758.4108183,138.649277,-3.441106,166.774521,2.915102,-0.070017,1.321625
1778850758.4112103,138.649277,-3.441106,166.774521,2.915102,-0.070017,1.321625
1778850758.411586,138.649277,-3.441106,166.774521,2.915102,-0.070017,1.321625
1778850758.4120095,138.649277,-3.441106,166.774521,2.915102,-0.070017,1.321625
1778850758.4125068,138.649277,-3.441106,166.774521,2.915102,-0.070017,1.321625
1778850758.4129133,138.649277,-3.441106,166.774521,2.915102,-0.070017,1.321625
1778850758.4133735,138.649277,-3.441106,166.774521,2.915102,-0.070017,1.321625
1778850758.4137883,138.649277,-3.441106,166.774521,2.915102,-0.070017,1.321625
1778850758.414176,138.649277,-3.441106,166.774521,2.915102,-0.070017,1.321625
1778850758.4146068,138.649277,-3.441106,166.774521,2.915102,-0.070017,1.321625
1778850758.415016,138.649277,-3.441106,166.774521,2.915102,-0.070017,1.321625
1778850758.4154015,138.649277,-3.441106,166.774521,2.915102,-0.070017,1.321625
1778850758.415775,138.627289,-3.44756,166.76709,2.915186,-0.069983,1.321043
1778850758.4161716,138.627289,-3.44756,166.76709,2.915186,-0.069983,1.321043
1778850758.4165516,138.627289,-3.44756,166.76709,2.915186,-0.069983,1.321043
1778850758.4169185,138.627289,-3.44756,166.76709,2.915186,-0.069983,1.321043
1778850758.4173238,138.627289,-3.44756,166.76709,2.915186,-0.069983,1.321043
1778850758.417704,138.627289,-3.44756,166.76709,2.915186,-0.069983,1.321043
1778850758.4181292,138.627289,-3.44756,166.76709,2.915186,-0.069983,1.321043
1778850758.4185019,138.627289,-3.44756,166.76709,2.915186,-0.069983,1.321043
1778850758.4188726,138.605301,-3.454008,166.759659,2.91527,-0.069949,1.320462
1778850758.419232,138.605301,-3.454008,166.759659,2.91527,-0.069949,1.320462
1778850758.41961,138.605301,-3.454008,166.759659,2.91527,-0.069949,1.320462
1778850758.4199688,138.605301,-3.454008,166.759659,2.91527,-0.069949,1.320462
1778850758.4203296,138.605301,-3.454008,166.759659,2.91527,-0.069949,1.320462
1778850758.4206874,138.605301,-3.454008,166.759659,2.91527,-0.069949,1.320462
1778850758.4211082,138.605301,-3.454008,166.759659,2.91527,-0.069949,1.320462
1778850758.421494,138.605301,-3.454008,166.759659,2.91527,-0.069949,1.320462
1778850758.4218757,138.605301,-3.454008,166.759659,2.91527,-0.069949,1.320462
1778850758.4222806,138.605301,-3.454008,166.759659,2.91527,-0.069949,1.320462
1778850758.4226577,138.605301,-3.454008,166.759659,2.91527,-0.069949,1.320462
1778850758.4230247,138.583282,-3.460449,166.752213,2.915355,-0.069915,1.319881
1778850758.4233983,138.583282,-3.460449,166.752213,2.915355,-0.069915,1.319881
1778850758.4237883,138.583282,-3.460449,166.752213,2.915355,-0.069915,1.319881
1778850758.4241743,138.583282,-3.460449,166.752213,2.915355,-0.069915,1.319881
1778850758.4246042,138.583282,-3.460449,166.752213,2.915355,-0.069915,1.319881
1778850758.4250178,138.583282,-3.460449,166.752213,2.915355,-0.069915,1.319881
1778850758.425402,138.583282,-3.460449,166.752213,2.915355,-0.069915,1.319881
1778850758.4257908,138.583282,-3.460449,166.752213,2.915355,-0.069915,1.319881
1778850758.4261746,138.583282,-3.460449,166.752213,2.915355,-0.069915,1.319881
1778850758.4265435,138.583282,-3.460449,166.752213,2.915355,-0.069915,1.319881
1778850758.426906,138.583282,-3.460449,166.752213,2.915355,-0.069915,1.319881
1778850758.4273221,138.583282,-3.460449,166.752213,2.915355,-0.069915,1.319881
1778850758.427695,138.561264,-3.466883,166.744781,2.915439,-0.069881,1.319299
1778850758.4280758,138.561264,-3.466883,166.744781,2.915439,-0.069881,1.319299
1778850758.4284775,138.561264,-3.466883,166.744781,2.915439,-0.069881,1.319299
1778850758.4290242,138.561264,-3.466883,166.744781,2.915439,-0.069881,1.319299
1778850758.4295113,138.561264,-3.466883,166.744781,2.915439,-0.069881,1.319299
1778850758.4299955,138.561264,-3.466883,166.744781,2.915439,-0.069881,1.319299
1778850758.430406,138.561264,-3.466883,166.744781,2.915439,-0.069881,1.319299
1778850758.43079,138.561264,-3.466883,166.744781,2.915439,-0.069881,1.319299
1778850758.4312663,138.53923,-3.473312,166.73735,2.915524,-0.069847,1.318718
1778850758.4316723,138.53923,-3.473312,166.73735,2.915524,-0.069847,1.318718
1778850758.4320498,138.53923,-3.473312,166.73735,2.915524,-0.069847,1.318718
1778850758.432422,138.53923,-3.473312,166.73735,2.915524,-0.069847,1.318718
1778850758.4327948,138.53923,-3.473312,166.73735,2.915524,-0.069847,1.318718
1778850758.4332092,138.53923,-3.473312,166.73735,2.915524,-0.069847,1.318718
1778850758.433606,138.53923,-3.473312,166.73735,2.915524,-0.069847,1.318718
1778850758.4342446,138.53923,-3.473312,166.73735,2.915524,-0.069847,1.318718
1778850758.4346654,138.53923,-3.473312,166.73735,2.915524,-0.069847,1.318718
1778850758.4350548,138.517181,-3.479734,166.729904,2.915608,-0.069813,1.318137
1778850758.4354496,138.517181,-3.479734,166.729904,2.915608,-0.069813,1.318137
1778850758.4358118,138.517181,-3.479734,166.729904,2.915608,-0.069813,1.318137
1778850758.4361985,138.517181,-3.479734,166.729904,2.915608,-0.069813,1.318137
1778850758.4365535,138.517181,-3.479734,166.729904,2.915608,-0.069813,1.318137
1778850758.436909,138.517181,-3.479734,166.729904,2.915608,-0.069813,1.318137
1778850758.437282,138.517181,-3.479734,166.729904,2.915608,-0.069813,1.318137
1778850758.4376414,138.517181,-3.479734,166.729904,2.915608,-0.069813,1.318137
1778850758.4380531,138.517181,-3.479734,166.729904,2.915608,-0.069813,1.318137
1778850758.438445,138.517181,-3.479734,166.729904,2.915608,-0.069813,1.318137
1778850758.438842,138.517181,-3.479734,166.729904,2.915608,-0.069813,1.318137
1778850758.439214,138.517181,-3.479734,166.729904,2.915608,-0.069813,1.318137
1778850758.4396238,138.517181,-3.479734,166.729904,2.915608,-0.069813,1.318137
1778850758.4400184,138.495117,-3.486149,166.722473,2.915693,-0.069778,1.317556
1778850758.4404013,138.495117,-3.486149,166.722473,2.915693,-0.069778,1.317556
1778850758.4407754,138.495117,-3.486149,166.722473,2.915693,-0.069778,1.317556
1778850758.441145,138.495117,-3.486149,166.722473,2.915693,-0.069778,1.317556
1778850758.4415658,138.495117,-3.486149,166.722473,2.915693,-0.069778,1.317556
1778850758.441939,138.495117,-3.486149,166.722473,2.915693,-0.069778,1.317556
1778850758.4423947,138.495117,-3.486149,166.722473,2.915693,-0.069778,1.317556
1778850758.442821,138.495117,-3.486149,166.722473,2.915693,-0.069778,1.317556
1778850758.4431973,138.473038,-3.492558,166.715027,2.915778,-0.069744,1.316974
1778850758.443593,138.473038,-3.492558,166.715027,2.915778,-0.069744,1.316974
1778850758.4440248,138.473038,-3.492558,166.715027,2.915778,-0.069744,1.316974
1778850758.4444087,138.473038,-3.492558,166.715027,2.915778,-0.069744,1.316974
1778850758.4448202,138.473038,-3.492558,166.715027,2.915778,-0.069744,1.316974
1778850758.4452443,138.473038,-3.492558,166.715027,2.915778,-0.069744,1.316974
1778850758.4457712,138.473038,-3.492558,166.715027,2.915778,-0.069744,1.316974
1778850758.4462597,138.473038,-3.492558,166.715027,2.915778,-0.069744,1.316974
1778850758.4467278,138.473038,-3.492558,166.715027,2.915778,-0.069744,1.316974
1778850758.4471538,138.450943,-3.498961,166.707596,2.915863,-0.06971,1.316393
1778850758.4475505,138.450943,-3.498961,166.707596,2.915863,-0.06971,1.316393
1778850758.4479318,138.450943,-3.498961,166.707596,2.915863,-0.06971,1.316393
1778850758.44833,138.450943,-3.498961,166.707596,2.915863,-0.06971,1.316393
1778850758.4487317,138.450943,-3.498961,166.707596,2.915863,-0.06971,1.316393
1778850758.4491236,138.450943,-3.498961,166.707596,2.915863,-0.06971,1.316393
1778850758.4495177,138.450943,-3.498961,166.707596,2.915863,-0.06971,1.316393
1778850758.4499116,138.450943,-3.498961,166.707596,2.915863,-0.06971,1.316393
1778850758.4503415,138.450943,-3.498961,166.707596,2.915863,-0.06971,1.316393
1778850758.4507244,138.450943,-3.498961,166.707596,2.915863,-0.06971,1.316393
1778850758.4511247,138.450943,-3.498961,166.707596,2.915863,-0.06971,1.316393
1778850758.4515173,138.450943,-3.498961,166.707596,2.915863,-0.06971,1.316393
1778850758.4518905,138.428848,-3.505357,166.70015,2.915948,-0.069676,1.315812
1778850758.4522855,138.428848,-3.505357,166.70015,2.915948,-0.069676,1.315812
1778850758.4526715,138.428848,-3.505357,166.70015,2.915948,-0.069676,1.315812
1778850758.45311,138.428848,-3.505357,166.70015,2.915948,-0.069676,1.315812
1778850758.453497,138.428848,-3.505357,166.70015,2.915948,-0.069676,1.315812
1778850758.4538941,138.428848,-3.505357,166.70015,2.915948,-0.069676,1.315812
1778850758.4543033,138.428848,-3.505357,166.70015,2.915948,-0.069676,1.315812
1778850758.4547138,138.428848,-3.505357,166.70015,2.915948,-0.069676,1.315812
1778850758.455109,138.406723,-3.511747,166.692703,2.916034,-0.069641,1.315231
1778850758.4554741,138.406723,-3.511747,166.692703,2.916034,-0.069641,1.315231
1778850758.4558465,138.406723,-3.511747,166.692703,2.916034,-0.069641,1.315231
1778850758.4562268,138.406723,-3.511747,166.692703,2.916034,-0.069641,1.315231
1778850758.4565983,138.406723,-3.511747,166.692703,2.916034,-0.069641,1.315231
1778850758.4569814,138.406723,-3.511747,166.692703,2.916034,-0.069641,1.315231
1778850758.4573576,138.406723,-3.511747,166.692703,2.916034,-0.069641,1.315231
1778850758.45773,138.406723,-3.511747,166.692703,2.916034,-0.069641,1.315231
1778850758.4581208,138.406723,-3.511747,166.692703,2.916034,-0.069641,1.315231
1778850758.458546,138.406723,-3.511747,166.692703,2.916034,-0.069641,1.315231
1778850758.4589195,138.384598,-3.51813,166.685272,2.916119,-0.069607,1.31465
1778850758.4593017,138.384598,-3.51813,166.685272,2.916119,-0.069607,1.31465
1778850758.4596703,138.384598,-3.51813,166.685272,2.916119,-0.069607,1.31465
1778850758.4600496,138.384598,-3.51813,166.685272,2.916119,-0.069607,1.31465
1778850758.4604473,138.384598,-3.51813,166.685272,2.916119,-0.069607,1.31465
1778850758.4608593,138.384598,-3.51813,166.685272,2.916119,-0.069607,1.31465
1778850758.4612525,138.384598,-3.51813,166.685272,2.916119,-0.069607,1.31465
1778850758.4616427,138.384598,-3.51813,166.685272,2.916119,-0.069607,1.31465
1778850758.4620924,138.384598,-3.51813,166.685272,2.916119,-0.069607,1.31465
1778850758.4626472,138.384598,-3.51813,166.685272,2.916119,-0.069607,1.31465
1778850758.4631705,138.384598,-3.51813,166.685272,2.916119,-0.069607,1.31465
1778850758.4636004,138.384598,-3.51813,166.685272,2.916119,-0.069607,1.31465
1778850758.463995,138.362442,-3.524507,166.677826,2.916205,-0.069573,1.314069
1778850758.464365,138.362442,-3.524507,166.677826,2.916205,-0.069573,1.314069
1778850758.464745,138.362442,-3.524507,166.677826,2.916205,-0.069573,1.314069
1778850758.4651284,138.362442,-3.524507,166.677826,2.916205,-0.069573,1.314069
1778850758.4655476,138.362442,-3.524507,166.677826,2.916205,-0.069573,1.314069
1778850758.4659493,138.362442,-3.524507,166.677826,2.916205,-0.069573,1.314069
1778850758.4664035,138.362442,-3.524507,166.677826,2.916205,-0.069573,1.314069
1778850758.4667625,138.362442,-3.524507,166.677826,2.916205,-0.069573,1.314069
1778850758.4671135,138.340286,-3.530877,166.67038,2.91629,-0.069538,1.313487
1778850758.4674644,138.340286,-3.530877,166.67038,2.91629,-0.069538,1.313487
1778850758.4678144,138.340286,-3.530877,166.67038,2.91629,-0.069538,1.313487
1778850758.468168,138.340286,-3.530877,166.67038,2.91629,-0.069538,1.313487
1778850758.4685113,138.340286,-3.530877,166.67038,2.91629,-0.069538,1.313487
1778850758.4688904,138.340286,-3.530877,166.67038,2.91629,-0.069538,1.313487
1778850758.4693224,138.340286,-3.530877,166.67038,2.91629,-0.069538,1.313487
1778850758.469694,138.340286,-3.530877,166.67038,2.91629,-0.069538,1.313487
1778850758.470103,138.340286,-3.530877,166.67038,2.91629,-0.069538,1.313487
1778850758.4705079,138.340286,-3.530877,166.67038,2.91629,-0.069538,1.313487
1778850758.4708784,138.318115,-3.53724,166.662933,2.916376,-0.069504,1.312906
1778850758.4712505,138.318115,-3.53724,166.662933,2.916376,-0.069504,1.312906
1778850758.471619,138.318115,-3.53724,166.662933,2.916376,-0.069504,1.312906
1778850758.4719973,138.318115,-3.53724,166.662933,2.916376,-0.069504,1.312906
1778850758.4723527,138.318115,-3.53724,166.662933,2.916376,-0.069504,1.312906
1778850758.4728112,138.318115,-3.53724,166.662933,2.916376,-0.069504,1.312906
1778850758.473184,138.318115,-3.53724,166.662933,2.916376,-0.069504,1.312906
1778850758.4735782,138.318115,-3.53724,166.662933,2.916376,-0.069504,1.312906
1778850758.4739833,138.318115,-3.53724,166.662933,2.916376,-0.069504,1.312906
1778850758.4744105,138.318115,-3.53724,166.662933,2.916376,-0.069504,1.312906
1778850758.4748516,138.318115,-3.53724,166.662933,2.916376,-0.069504,1.312906
1778850758.47527,138.318115,-3.53724,166.662933,2.916376,-0.069504,1.312906
1778850758.47567,138.295929,-3.543597,166.655487,2.916462,-0.069469,1.312325
1778850758.4760838,138.295929,-3.543597,166.655487,2.916462,-0.069469,1.312325
1778850758.476452,138.295929,-3.543597,166.655487,2.916462,-0.069469,1.312325
1778850758.4768243,138.295929,-3.543597,166.655487,2.916462,-0.069469,1.312325
1778850758.477347,138.295929,-3.543597,166.655487,2.916462,-0.069469,1.312325
1778850758.4777377,138.295929,-3.543597,166.655487,2.916462,-0.069469,1.312325
1778850758.4781716,138.295929,-3.543597,166.655487,2.916462,-0.069469,1.312325
1778850758.4785924,138.295929,-3.543597,166.655487,2.916462,-0.069469,1.312325
1778850758.479159,138.273727,-3.549948,166.648056,2.916548,-0.069435,1.311744
1778850758.4796658,138.273727,-3.549948,166.648056,2.916548,-0.069435,1.311744
1778850758.4800627,138.273727,-3.549948,166.648056,2.916548,-0.069435,1.311744
1778850758.480436,138.273727,-3.549948,166.648056,2.916548,-0.069435,1.311744
1778850758.4808347,138.273727,-3.549948,166.648056,2.916548,-0.069435,1.311744
1778850758.4812298,138.273727,-3.549948,166.648056,2.916548,-0.069435,1.311744
1778850758.4816577,138.273727,-3.549948,166.648056,2.916548,-0.069435,1.311744
1778850758.4821148,138.273727,-3.549948,166.648056,2.916548,-0.069435,1.311744
1778850758.4825356,138.273727,-3.549948,166.648056,2.916548,-0.069435,1.311744
1778850758.48293,138.251526,-3.556291,166.64061,2.916634,-0.0694,1.311163
1778850758.4833388,138.251526,-3.556291,166.64061,2.916634,-0.0694,1.311163
1778850758.4837217,138.251526,-3.556291,166.64061,2.916634,-0.0694,1.311163
1778850758.4842005,138.251526,-3.556291,166.64061,2.916634,-0.0694,1.311163
1778850758.4845674,138.251526,-3.556291,166.64061,2.916634,-0.0694,1.311163
1778850758.484971,138.251526,-3.556291,166.64061,2.916634,-0.0694,1.311163
1778850758.4854095,138.251526,-3.556291,166.64061,2.916634,-0.0694,1.311163
1778850758.485807,138.251526,-3.556291,166.64061,2.916634,-0.0694,1.311163
1778850758.4861681,138.251526,-3.556291,166.64061,2.916634,-0.0694,1.311163
1778850758.4865518,138.251526,-3.556291,166.64061,2.916634,-0.0694,1.311163
1778850758.4869132,138.251526,-3.556291,166.64061,2.916634,-0.0694,1.311163
1778850758.4873013,138.251526,-3.556291,166.64061,2.916634,-0.0694,1.311163
1778850758.4876785,138.229294,-3.562628,166.633163,2.91672,-0.069366,1.310582
1778850758.4880505,138.229294,-3.562628,166.633163,2.91672,-0.069366,1.310582
1778850758.4884121,138.229294,-3.562628,166.633163,2.91672,-0.069366,1.310582
1778850758.488768,138.229294,-3.562628,166.633163,2.91672,-0.069366,1.310582
1778850758.4891303,138.229294,-3.562628,166.633163,2.91672,-0.069366,1.310582
1778850758.489572,138.229294,-3.562628,166.633163,2.91672,-0.069366,1.310582
1778850758.489951,138.229294,-3.562628,166.633163,2.91672,-0.069366,1.310582
1778850758.490339,138.229294,-3.562628,166.633163,2.91672,-0.069366,1.310582
1778850758.4907348,138.229294,-3.562628,166.633163,2.91672,-0.069366,1.310582
1778850758.4910994,138.207062,-3.568959,166.625717,2.916806,-0.069331,1.310001
1778850758.491457,138.207062,-3.568959,166.625717,2.916806,-0.069331,1.310001
1778850758.4918115,138.207062,-3.568959,166.625717,2.916806,-0.069331,1.310001
1778850758.4921658,138.207062,-3.568959,166.625717,2.916806,-0.069331,1.310001
1778850758.4925196,138.207062,-3.568959,166.625717,2.916806,-0.069331,1.310001
1778850758.4928923,138.207062,-3.568959,166.625717,2.916806,-0.069331,1.310001
1778850758.4933217,138.207062,-3.568959,166.625717,2.916806,-0.069331,1.310001
1778850758.4937196,138.207062,-3.568959,166.625717,2.916806,-0.069331,1.310001
1778850758.494183,138.207062,-3.568959,166.625717,2.916806,-0.069331,1.310001
1778850758.4946418,138.207062,-3.568959,166.625717,2.916806,-0.069331,1.310001
1778850758.495123,138.184799,-3.575282,166.618256,2.916893,-0.069297,1.30942
1778850758.495609,138.184799,-3.575282,166.618256,2.916893,-0.069297,1.30942
1778850758.4960835,138.184799,-3.575282,166.618256,2.916893,-0.069297,1.30942
1778850758.4965308,138.184799,-3.575282,166.618256,2.916893,-0.069297,1.30942
1778850758.4969385,138.184799,-3.575282,166.618256,2.916893,-0.069297,1.30942
1778850758.497353,138.184799,-3.575282,166.618256,2.916893,-0.069297,1.30942
1778850758.4977703,138.184799,-3.575282,166.618256,2.916893,-0.069297,1.30942
1778850758.4981663,138.184799,-3.575282,166.618256,2.916893,-0.069297,1.30942
1778850758.498555,138.184799,-3.575282,166.618256,2.916893,-0.069297,1.30942
1778850758.4989352,138.184799,-3.575282,166.618256,2.916893,-0.069297,1.30942
1778850758.4993334,138.184799,-3.575282,166.618256,2.916893,-0.069297,1.30942
1778850758.4997158,138.162537,-3.581599,166.610809,2.91698,-0.069262,1.308838
1778850758.5001,138.162537,-3.581599,166.610809,2.91698,-0.069262,1.308838
1778850758.500464,138.162537,-3.581599,166.610809,2.91698,-0.069262,1.308838
1778850758.500883,138.162537,-3.581599,166.610809,2.91698,-0.069262,1.308838
1778850758.5013158,138.162537,-3.581599,166.610809,2.91698,-0.069262,1.308838
1778850758.5016937,138.162537,-3.581599,166.610809,2.91698,-0.069262,1.308838
1778850758.5021574,138.162537,-3.581599,166.610809,2.91698,-0.069262,1.308838
1778850758.5025692,138.162537,-3.581599,166.610809,2.91698,-0.069262,1.308838
1778850758.5029416,138.140259,-3.58791,166.603363,2.917066,-0.069227,1.308257
1778850758.5033479,138.140259,-3.58791,166.603363,2.917066,-0.069227,1.308257
1778850758.5037816,138.140259,-3.58791,166.603363,2.917066,-0.069227,1.308257
1778850758.5041835,138.140259,-3.58791,166.603363,2.917066,-0.069227,1.308257
1778850758.5045714,138.140259,-3.58791,166.603363,2.917066,-0.069227,1.308257
1778850758.5049736,138.140259,-3.58791,166.603363,2.917066,-0.069227,1.308257
1778850758.505361,138.140259,-3.58791,166.603363,2.917066,-0.069227,1.308257
1778850758.505737,138.140259,-3.58791,166.603363,2.917066,-0.069227,1.308257
1778850758.5061321,138.140259,-3.58791,166.603363,2.917066,-0.069227,1.308257
1778850758.5065355,138.140259,-3.58791,166.603363,2.917066,-0.069227,1.308257
1778850758.5069304,138.117966,-3.594213,166.595917,2.917153,-0.069193,1.307676
1778850758.5073156,138.117966,-3.594213,166.595917,2.917153,-0.069193,1.307676
1778850758.507697,138.117966,-3.594213,166.595917,2.917153,-0.069193,1.307676
1778850758.5080934,138.117966,-3.594213,166.595917,2.917153,-0.069193,1.307676
1778850758.508479,138.117966,-3.594213,166.595917,2.917153,-0.069193,1.307676
1778850758.5088885,138.117966,-3.594213,166.595917,2.917153,-0.069193,1.307676
1778850758.5093348,138.117966,-3.594213,166.595917,2.917153,-0.069193,1.307676
1778850758.5097313,138.117966,-3.594213,166.595917,2.917153,-0.069193,1.307676
1778850758.510165,138.117966,-3.594213,166.595917,2.917153,-0.069193,1.307676
1778850758.5106382,138.117966,-3.594213,166.595917,2.917153,-0.069193,1.307676
1778850758.511047,138.117966,-3.594213,166.595917,2.917153,-0.069193,1.307676
1778850758.5114503,138.117966,-3.594213,166.595917,2.917153,-0.069193,1.307676
1778850758.5118992,138.095657,-3.60051,166.58847,2.91724,-0.069158,1.307095
1778850758.5124214,138.095657,-3.60051,166.58847,2.91724,-0.069158,1.307095
1778850758.5128577,138.095657,-3.60051,166.58847,2.91724,-0.069158,1.307095
1778850758.5133555,138.095657,-3.60051,166.58847,2.91724,-0.069158,1.307095
1778850758.5138104,138.095657,-3.60051,166.58847,2.91724,-0.069158,1.307095
1778850758.514212,138.095657,-3.60051,166.58847,2.91724,-0.069158,1.307095
1778850758.5146513,138.095657,-3.60051,166.58847,2.91724,-0.069158,1.307095
1778850758.5150647,138.073349,-3.6068,166.581009,2.917327,-0.069123,1.306514
1778850758.515454,138.073349,-3.6068,166.581009,2.917327,-0.069123,1.306514
1778850758.515934,138.073349,-3.6068,166.581009,2.917327,-0.069123,1.306514
1778850758.5163035,138.073349,-3.6068,166.581009,2.917327,-0.069123,1.306514
1778850758.516667,138.073349,-3.6068,166.581009,2.917327,-0.069123,1.306514
1778850758.5170987,138.073349,-3.6068,166.581009,2.917327,-0.069123,1.306514
1778850758.5175862,138.073349,-3.6068,166.581009,2.917327,-0.069123,1.306514
1778850758.5179758,138.073349,-3.6068,166.581009,2.917327,-0.069123,1.306514
1778850758.5183465,138.073349,-3.6068,166.581009,2.917327,-0.069123,1.306514
1778850758.5187256,138.073349,-3.6068,166.581009,2.917327,-0.069123,1.306514
1778850758.519113,138.05101,-3.613083,166.573563,2.917414,-0.069088,1.305933
1778850758.519468,138.05101,-3.613083,166.573563,2.917414,-0.069088,1.305933
1778850758.5198343,138.05101,-3.613083,166.573563,2.917414,-0.069088,1.305933
1778850758.5201905,138.05101,-3.613083,166.573563,2.917414,-0.069088,1.305933
1778850758.5205693,138.05101,-3.613083,166.573563,2.917414,-0.069088,1.305933
1778850758.5209377,138.05101,-3.613083,166.573563,2.917414,-0.069088,1.305933
1778850758.5213833,138.05101,-3.613083,166.573563,2.917414,-0.069088,1.305933
1778850758.5217862,138.05101,-3.613083,166.573563,2.917414,-0.069088,1.305933
1778850758.5221634,138.05101,-3.613083,166.573563,2.917414,-0.069088,1.305933
1778850758.5225568,138.05101,-3.613083,166.573563,2.917414,-0.069088,1.305933
1778850758.5229852,138.05101,-3.613083,166.573563,2.917414,-0.069088,1.305933
1778850758.5233884,138.05101,-3.613083,166.573563,2.917414,-0.069088,1.305933
1778850758.5237746,138.028656,-3.61936,166.566116,2.917501,-0.069054,1.305352
1778850758.524172,138.028656,-3.61936,166.566116,2.917501,-0.069054,1.305352
1778850758.5245507,138.028656,-3.61936,166.566116,2.917501,-0.069054,1.305352
1778850758.5249674,138.028656,-3.61936,166.566116,2.917501,-0.069054,1.305352
1778850758.52542,138.028656,-3.61936,166.566116,2.917501,-0.069054,1.305352
1778850758.5258253,138.028656,-3.61936,166.566116,2.917501,-0.069054,1.305352
1778850758.5262284,138.028656,-3.61936,166.566116,2.917501,-0.069054,1.305352
1778850758.5266645,138.028656,-3.61936,166.566116,2.917501,-0.069054,1.305352
1778850758.5270908,138.006302,-3.625629,166.558655,2.917589,-0.069019,1.304771
1778850758.5275216,138.006302,-3.625629,166.558655,2.917589,-0.069019,1.304771
1778850758.527919,138.006302,-3.625629,166.558655,2.917589,-0.069019,1.304771
1778850758.5283098,138.006302,-3.625629,166.558655,2.917589,-0.069019,1.304771
1778850758.5289683,138.006302,-3.625629,166.558655,2.917589,-0.069019,1.304771
1778850758.5296118,138.006302,-3.625629,166.558655,2.917589,-0.069019,1.304771
1778850758.530301,138.006302,-3.625629,166.558655,2.917589,-0.069019,1.304771
1778850758.5308743,138.006302,-3.625629,166.558655,2.917589,-0.069019,1.304771
1778850758.5313287,137.983932,-3.631892,166.551208,2.917676,-0.068984,1.30419
1778850758.5317779,137.983932,-3.631892,166.551208,2.917676,-0.068984,1.30419
1778850758.5323217,137.983932,-3.631892,166.551208,2.917676,-0.068984,1.30419
1778850758.5327466,137.983932,-3.631892,166.551208,2.917676,-0.068984,1.30419
1778850758.5331528,137.983932,-3.631892,166.551208,2.917676,-0.068984,1.30419
1778850758.533574,137.983932,-3.631892,166.551208,2.917676,-0.068984,1.30419
1778850758.5340044,137.983932,-3.631892,166.551208,2.917676,-0.068984,1.30419
1778850758.5344098,137.983932,-3.631892,166.551208,2.917676,-0.068984,1.30419
1778850758.5349534,137.983932,-3.631892,166.551208,2.917676,-0.068984,1.30419
1778850758.535416,137.983932,-3.631892,166.551208,2.917676,-0.068984,1.30419
1778850758.5358071,137.961548,-3.638148,166.543747,2.917764,-0.068949,1.303609
1778850758.5362442,137.961548,-3.638148,166.543747,2.917764,-0.068949,1.303609
1778850758.536662,137.961548,-3.638148,166.543747,2.917764,-0.068949,1.303609
1778850758.5371044,137.961548,-3.638148,166.543747,2.917764,-0.068949,1.303609
1778850758.5374734,137.961548,-3.638148,166.543747,2.917764,-0.068949,1.303609
1778850758.5378408,137.961548,-3.638148,166.543747,2.917764,-0.068949,1.303609
1778850758.5382183,137.961548,-3.638148,166.543747,2.917764,-0.068949,1.303609
1778850758.538577,137.961548,-3.638148,166.543747,2.917764,-0.068949,1.303609
1778850758.538935,137.939148,-3.644397,166.536301,2.917852,-0.068914,1.303028
1778850758.5393066,137.939148,-3.644397,166.536301,2.917852,-0.068914,1.303028
1778850758.539659,137.939148,-3.644397,166.536301,2.917852,-0.068914,1.303028
1778850758.539995,137.939148,-3.644397,166.536301,2.917852,-0.068914,1.303028
1778850758.5403268,137.939148,-3.644397,166.536301,2.917852,-0.068914,1.303028
1778850758.5406556,137.939148,-3.644397,166.536301,2.917852,-0.068914,1.303028
1778850758.5410156,137.939148,-3.644397,166.536301,2.917852,-0.068914,1.303028
1778850758.5413673,137.939148,-3.644397,166.536301,2.917852,-0.068914,1.303028
1778850758.541714,137.939148,-3.644397,166.536301,2.917852,-0.068914,1.303028
1778850758.5421283,137.939148,-3.644397,166.536301,2.917852,-0.068914,1.303028
1778850758.5424743,137.939148,-3.644397,166.536301,2.917852,-0.068914,1.303028
1778850758.5428216,137.916733,-3.65064,166.528839,2.91794,-0.068879,1.302448
1778850758.5431957,137.916733,-3.65064,166.528839,2.91794,-0.068879,1.302448
1778850758.5435407,137.916733,-3.65064,166.528839,2.91794,-0.068879,1.302448
1778850758.5439641,137.916733,-3.65064,166.528839,2.91794,-0.068879,1.302448
1778850758.544354,137.916733,-3.65064,166.528839,2.91794,-0.068879,1.302448
1778850758.5448084,137.916733,-3.65064,166.528839,2.91794,-0.068879,1.302448
1778850758.545458,137.916733,-3.65064,166.528839,2.91794,-0.068879,1.302448
1778850758.5461764,137.916733,-3.65064,166.528839,2.91794,-0.068879,1.302448
1778850758.5466363,137.916733,-3.65064,166.528839,2.91794,-0.068879,1.302448
1778850758.5470352,137.916733,-3.65064,166.528839,2.91794,-0.068879,1.302448
1778850758.5474262,137.916733,-3.65064,166.528839,2.91794,-0.068879,1.302448
1778850758.5478384,137.894302,-3.656875,166.521393,2.918028,-0.068844,1.301867
1778850758.548225,137.894302,-3.656875,166.521393,2.918028,-0.068844,1.301867
1778850758.548595,137.894302,-3.656875,166.521393,2.918028,-0.068844,1.301867
1778850758.5489817,137.894302,-3.656875,166.521393,2.918028,-0.068844,1.301867
1778850758.549362,137.894302,-3.656875,166.521393,2.918028,-0.068844,1.301867
1778850758.5497665,137.894302,-3.656875,166.521393,2.918028,-0.068844,1.301867
1778850758.5501547,137.894302,-3.656875,166.521393,2.918028,-0.068844,1.301867
1778850758.5506094,137.894302,-3.656875,166.521393,2.918028,-0.068844,1.301867
1778850758.5510104,137.871872,-3.663103,166.513931,2.918116,-0.068809,1.301286
1778850758.5513713,137.871872,-3.663103,166.513931,2.918116,-0.068809,1.301286
1778850758.5517256,137.871872,-3.663103,166.513931,2.918116,-0.068809,1.301286
1778850758.5520923,137.871872,-3.663103,166.513931,2.918116,-0.068809,1.301286
1778850758.5524557,137.871872,-3.663103,166.513931,2.918116,-0.068809,1.301286
1778850758.5528412,137.871872,-3.663103,166.513931,2.918116,-0.068809,1.301286
1778850758.553264,137.871872,-3.663103,166.513931,2.918116,-0.068809,1.301286
1778850758.5536342,137.871872,-3.663103,166.513931,2.918116,-0.068809,1.301286
1778850758.5539994,137.871872,-3.663103,166.513931,2.918116,-0.068809,1.301286
1778850758.5544097,137.871872,-3.663103,166.513931,2.918116,-0.068809,1.301286
1778850758.5548053,137.871872,-3.663103,166.513931,2.918116,-0.068809,1.301286
1778850758.5551865,137.849426,-3.669325,166.50647,2.918204,-0.068774,1.300705
1778850758.5555532,137.849426,-3.669325,166.50647,2.918204,-0.068774,1.300705
1778850758.5559452,137.849426,-3.669325,166.50647,2.918204,-0.068774,1.300705
1778850758.5563197,137.849426,-3.669325,166.50647,2.918204,-0.068774,1.300705
1778850758.5566807,137.849426,-3.669325,166.50647,2.918204,-0.068774,1.300705
1778850758.5570982,137.849426,-3.669325,166.50647,2.918204,-0.068774,1.300705
1778850758.5574646,137.849426,-3.669325,166.50647,2.918204,-0.068774,1.300705
1778850758.5578506,137.849426,-3.669325,166.50647,2.918204,-0.068774,1.300705
1778850758.558229,137.849426,-3.669325,166.50647,2.918204,-0.068774,1.300705
1778850758.5586581,137.849426,-3.669325,166.50647,2.918204,-0.068774,1.300705
1778850758.5590847,137.849426,-3.669325,166.50647,2.918204,-0.068774,1.300705
1778850758.5594482,137.849426,-3.669325,166.50647,2.918204,-0.068774,1.300705
1778850758.5598295,137.82695,-3.675539,166.499023,2.918292,-0.068739,1.300124
1778850758.5602245,137.82695,-3.675539,166.499023,2.918292,-0.068739,1.300124
1778850758.5606046,137.82695,-3.675539,166.499023,2.918292,-0.068739,1.300124
1778850758.5609846,137.82695,-3.675539,166.499023,2.918292,-0.068739,1.300124
1778850758.561346,137.82695,-3.675539,166.499023,2.918292,-0.068739,1.300124
1778850758.5617104,137.82695,-3.675539,166.499023,2.918292,-0.068739,1.300124
1778850758.5621145,137.82695,-3.675539,166.499023,2.918292,-0.068739,1.300124
1778850758.5626614,137.82695,-3.675539,166.499023,2.918292,-0.068739,1.300124
1778850758.56369,137.804474,-3.681746,166.491562,2.91838,-0.068704,1.299543
1778850758.5641587,137.804474,-3.681746,166.491562,2.91838,-0.068704,1.299543
1778850758.5645535,137.804474,-3.681746,166.491562,2.91838,-0.068704,1.299543
1778850758.5650356,137.804474,-3.681746,166.491562,2.91838,-0.068704,1.299543
1778850758.5654943,137.804474,-3.681746,166.491562,2.91838,-0.068704,1.299543
1778850758.5660467,137.804474,-3.681746,166.491562,2.91838,-0.068704,1.299543
1778850758.5664756,137.804474,-3.681746,166.491562,2.91838,-0.068704,1.299543
1778850758.566876,137.781982,-3.687947,166.4841,2.918469,-0.068669,1.298962
1778850758.5672557,137.781982,-3.687947,166.4841,2.918469,-0.068669,1.298962
1778850758.5676281,137.781982,-3.687947,166.4841,2.918469,-0.068669,1.298962
1778850758.5679996,137.781982,-3.687947,166.4841,2.918469,-0.068669,1.298962
1778850758.568374,137.781982,-3.687947,166.4841,2.918469,-0.068669,1.298962
1778850758.5687225,137.781982,-3.687947,166.4841,2.918469,-0.068669,1.298962
1778850758.5691278,137.781982,-3.687947,166.4841,2.918469,-0.068669,1.298962
1778850758.5694866,137.781982,-3.687947,166.4841,2.918469,-0.068669,1.298962
1778850758.569897,137.781982,-3.687947,166.4841,2.918469,-0.068669,1.298962
1778850758.570304,137.781982,-3.687947,166.4841,2.918469,-0.068669,1.298962
1778850758.5706775,137.781982,-3.687947,166.4841,2.918469,-0.068669,1.298962
1778850758.5711164,137.781982,-3.687947,166.4841,2.918469,-0.068669,1.298962
1778850758.5714865,137.781982,-3.687947,166.4841,2.918469,-0.068669,1.298962
1778850758.571879,137.759476,-3.69414,166.476639,2.918558,-0.068634,1.298381
1778850758.572244,137.759476,-3.69414,166.476639,2.918558,-0.068634,1.298381
1778850758.5726044,137.759476,-3.69414,166.476639,2.918558,-0.068634,1.298381
1778850758.5729737,137.759476,-3.69414,166.476639,2.918558,-0.068634,1.298381
1778850758.5733593,137.759476,-3.69414,166.476639,2.918558,-0.068634,1.298381
1778850758.5737774,137.759476,-3.69414,166.476639,2.918558,-0.068634,1.298381
1778850758.5741446,137.759476,-3.69414,166.476639,2.918558,-0.068634,1.298381
1778850758.5746882,137.759476,-3.69414,166.476639,2.918558,-0.068634,1.298381
1778850758.575065,137.736969,-3.700327,166.469177,2.918647,-0.068598,1.2978
1778850758.5754485,137.736969,-3.700327,166.469177,2.918647,-0.068598,1.2978
1778850758.5758893,137.736969,-3.700327,166.469177,2.918647,-0.068598,1.2978
1778850758.5762787,137.736969,-3.700327,166.469177,2.918647,-0.068598,1.2978
1778850758.5766551,137.736969,-3.700327,166.469177,2.918647,-0.068598,1.2978
1778850758.5771031,137.736969,-3.700327,166.469177,2.918647,-0.068598,1.2978
1778850758.577606,137.736969,-3.700327,166.469177,2.918647,-0.068598,1.2978
1778850758.5780532,137.736969,-3.700327,166.469177,2.918647,-0.068598,1.2978
1778850758.578454,137.736969,-3.700327,166.469177,2.918647,-0.068598,1.2978
1778850758.5788543,137.714432,-3.706506,166.461716,2.918735,-0.068563,1.29722
1778850758.5792475,137.714432,-3.706506,166.461716,2.918735,-0.068563,1.29722
1778850758.5796278,137.714432,-3.706506,166.461716,2.918735,-0.068563,1.29722
1778850758.580061,137.714432,-3.706506,166.461716,2.918735,-0.068563,1.29722
1778850758.580482,137.714432,-3.706506,166.461716,2.918735,-0.068563,1.29722
1778850758.5809526,137.714432,-3.706506,166.461716,2.918735,-0.068563,1.29722
1778850758.5813699,137.714432,-3.706506,166.461716,2.918735,-0.068563,1.29722
1778850758.5818272,137.714432,-3.706506,166.461716,2.918735,-0.068563,1.29722
1778850758.582231,137.714432,-3.706506,166.461716,2.918735,-0.068563,1.29722
1778850758.582643,137.714432,-3.706506,166.461716,2.918735,-0.068563,1.29722
1778850758.5832074,137.714432,-3.706506,166.461716,2.918735,-0.068563,1.29722
1778850758.5835855,137.691895,-3.712678,166.454254,2.918824,-0.068528,1.296639
1778850758.5839734,137.691895,-3.712678,166.454254,2.918824,-0.068528,1.296639
1778850758.584338,137.691895,-3.712678,166.454254,2.918824,-0.068528,1.296639
1778850758.584694,137.691895,-3.712678,166.454254,2.918824,-0.068528,1.296639
1778850758.5850818,137.691895,-3.712678,166.454254,2.918824,-0.068528,1.296639
1778850758.585445,137.691895,-3.712678,166.454254,2.918824,-0.068528,1.296639
1778850758.5858207,137.691895,-3.712678,166.454254,2.918824,-0.068528,1.296639
1778850758.5861878,137.691895,-3.712678,166.454254,2.918824,-0.068528,1.296639
1778850758.5865796,137.691895,-3.712678,166.454254,2.918824,-0.068528,1.296639
1778850758.5870318,137.669327,-3.718843,166.446793,2.918913,-0.068493,1.296058
1778850758.5873997,137.669327,-3.718843,166.446793,2.918913,-0.068493,1.296058
1778850758.587803,137.669327,-3.718843,166.446793,2.918913,-0.068493,1.296058
1778850758.588173,137.669327,-3.718843,166.446793,2.918913,-0.068493,1.296058
1778850758.588521,137.669327,-3.718843,166.446793,2.918913,-0.068493,1.296058
1778850758.588894,137.669327,-3.718843,166.446793,2.918913,-0.068493,1.296058
1778850758.5893285,137.669327,-3.718843,166.446793,2.918913,-0.068493,1.296058
1778850758.589703,137.669327,-3.718843,166.446793,2.918913,-0.068493,1.296058
1778850758.590087,137.669327,-3.718843,166.446793,2.918913,-0.068493,1.296058
1778850758.5904796,137.669327,-3.718843,166.446793,2.918913,-0.068493,1.296058
1778850758.590874,137.646759,-3.725002,166.439331,2.919003,-0.068457,1.295477
1778850758.59124,137.646759,-3.725002,166.439331,2.919003,-0.068457,1.295477
1778850758.5916111,137.646759,-3.725002,166.439331,2.919003,-0.068457,1.295477
1778850758.5920055,137.646759,-3.725002,166.439331,2.919003,-0.068457,1.295477
1778850758.5923686,137.646759,-3.725002,166.439331,2.919003,-0.068457,1.295477
1778850758.592737,137.646759,-3.725002,166.439331,2.919003,-0.068457,1.295477
1778850758.5931323,137.646759,-3.725002,166.439331,2.919003,-0.068457,1.295477
1778850758.5935862,137.646759,-3.725002,166.439331,2.919003,-0.068457,1.295477
1778850758.5939903,137.646759,-3.725002,166.439331,2.919003,-0.068457,1.295477
1778850758.594395,137.646759,-3.725002,166.439331,2.919003,-0.068457,1.295477
1778850758.5948362,137.646759,-3.725002,166.439331,2.919003,-0.068457,1.295477
1778850758.5952168,137.646759,-3.725002,166.439331,2.919003,-0.068457,1.295477
1778850758.5955837,137.646759,-3.725002,166.439331,2.919003,-0.068457,1.295477
1778850758.5959735,137.624176,-3.731153,166.43187,2.919092,-0.068422,1.294896
1778850758.5963595,137.624176,-3.731153,166.43187,2.919092,-0.068422,1.294896
1778850758.5967226,137.624176,-3.731153,166.43187,2.919092,-0.068422,1.294896
1778850758.5971286,137.624176,-3.731153,166.43187,2.919092,-0.068422,1.294896
1778850758.5975015,137.624176,-3.731153,166.43187,2.919092,-0.068422,1.294896
1778850758.5978906,137.624176,-3.731153,166.43187,2.919092,-0.068422,1.294896
1778850758.5982764,137.624176,-3.731153,166.43187,2.919092,-0.068422,1.294896
1778850758.5986545,137.624176,-3.731153,166.43187,2.919092,-0.068422,1.294896
1778850758.5990298,137.601578,-3.737296,166.424408,2.919182,-0.068387,1.294316
1778850758.5994005,137.601578,-3.737296,166.424408,2.919182,-0.068387,1.294316
1778850758.59977,137.601578,-3.737296,166.424408,2.919182,-0.068387,1.294316
1778850758.6001503,137.601578,-3.737296,166.424408,2.919182,-0.068387,1.294316
1778850758.6005278,137.601578,-3.737296,166.424408,2.919182,-0.068387,1.294316
1778850758.600965,137.601578,-3.737296,166.424408,2.919182,-0.068387,1.294316
1778850758.6013649,137.601578,-3.737296,166.424408,2.919182,-0.068387,1.294316
1778850758.6017828,137.601578,-3.737296,166.424408,2.919182,-0.068387,1.294316
1778850758.6021602,137.601578,-3.737296,166.424408,2.919182,-0.068387,1.294316
1778850758.6025379,137.601578,-3.737296,166.424408,2.919182,-0.068387,1.294316
1778850758.6029003,137.578979,-3.743433,166.416946,2.919271,-0.068351,1.293735
1778850758.6032763,137.578979,-3.743433,166.416946,2.919271,-0.068351,1.293735
1778850758.6036463,137.578979,-3.743433,166.416946,2.919271,-0.068351,1.293735
1778850758.6040497,137.578979,-3.743433,166.416946,2.919271,-0.068351,1.293735
1778850758.6044242,137.578979,-3.743433,166.416946,2.919271,-0.068351,1.293735
1778850758.6048338,137.578979,-3.743433,166.416946,2.919271,-0.068351,1.293735
1778850758.6052248,137.578979,-3.743433,166.416946,2.919271,-0.068351,1.293735
1778850758.6055982,137.578979,-3.743433,166.416946,2.919271,-0.068351,1.293735
1778850758.6059704,137.578979,-3.743433,166.416946,2.919271,-0.068351,1.293735
1778850758.6063614,137.578979,-3.743433,166.416946,2.919271,-0.068351,1.293735
1778850758.6067314,137.578979,-3.743433,166.416946,2.919271,-0.068351,1.293735
1778850758.607106,137.578979,-3.743433,166.416946,2.919271,-0.068351,1.293735
1778850758.6074784,137.578979,-3.743433,166.416946,2.919271,-0.068351,1.293735
1778850758.6078618,137.556351,-3.749562,166.409485,2.919361,-0.068316,1.293154
1778850758.6082325,137.556351,-3.749562,166.409485,2.919361,-0.068316,1.293154
1778850758.6085997,137.556351,-3.749562,166.409485,2.919361,-0.068316,1.293154
1778850758.6089783,137.556351,-3.749562,166.409485,2.919361,-0.068316,1.293154
1778850758.609359,137.556351,-3.749562,166.409485,2.919361,-0.068316,1.293154
1778850758.6097946,137.556351,-3.749562,166.409485,2.919361,-0.068316,1.293154
1778850758.6101902,137.556351,-3.749562,166.409485,2.919361,-0.068316,1.293154
1778850758.6107388,137.556351,-3.749562,166.409485,2.919361,-0.068316,1.293154
1778850758.6111083,137.533722,-3.755685,166.402023,2.919451,-0.068281,1.292573
1778850758.6114724,137.533722,-3.755685,166.402023,2.919451,-0.068281,1.292573
1778850758.6118388,137.533722,-3.755685,166.402023,2.919451,-0.068281,1.292573
1778850758.6122174,137.533722,-3.755685,166.402023,2.919451,-0.068281,1.292573
1778850758.6125925,137.533722,-3.755685,166.402023,2.919451,-0.068281,1.292573
1778850758.6129794,137.533722,-3.755685,166.402023,2.919451,-0.068281,1.292573
1778850758.6133676,137.533722,-3.755685,166.402023,2.919451,-0.068281,1.292573
1778850758.6137776,137.533722,-3.755685,166.402023,2.919451,-0.068281,1.292573
1778850758.6141996,137.533722,-3.755685,166.402023,2.919451,-0.068281,1.292573
1778850758.6146443,137.533722,-3.755685,166.402023,2.919451,-0.068281,1.292573
1778850758.6150935,137.511078,-3.7618,166.394547,2.91954,-0.068245,1.291993
1778850758.6154702,137.511078,-3.7618,166.394547,2.91954,-0.068245,1.291993
1778850758.6158404,137.511078,-3.7618,166.394547,2.91954,-0.068245,1.291993
1778850758.616234,137.511078,-3.7618,166.394547,2.91954,-0.068245,1.291993
1778850758.6166286,137.511078,-3.7618,166.394547,2.91954,-0.068245,1.291993
1778850758.6171892,137.511078,-3.7618,166.394547,2.91954,-0.068245,1.291993
1778850758.6176152,137.511078,-3.7618,166.394547,2.91954,-0.068245,1.291993
1778850758.6180694,137.511078,-3.7618,166.394547,2.91954,-0.068245,1.291993
1778850758.6184661,137.511078,-3.7618,166.394547,2.91954,-0.068245,1.291993
1778850758.61885,137.511078,-3.7618,166.394547,2.91954,-0.068245,1.291993
1778850758.6192613,137.511078,-3.7618,166.394547,2.91954,-0.068245,1.291993
1778850758.6196275,137.488403,-3.767908,166.387085,2.91963,-0.06821,1.291412
1778850758.6200044,137.488403,-3.767908,166.387085,2.91963,-0.06821,1.291412
1778850758.6203804,137.488403,-3.767908,166.387085,2.91963,-0.06821,1.291412
1778850758.620728,137.488403,-3.767908,166.387085,2.91963,-0.06821,1.291412
1778850758.621103,137.488403,-3.767908,166.387085,2.91963,-0.06821,1.291412
1778850758.6214762,137.488403,-3.767908,166.387085,2.91963,-0.06821,1.291412
1778850758.621861,137.488403,-3.767908,166.387085,2.91963,-0.06821,1.291412
1778850758.6222515,137.488403,-3.767908,166.387085,2.91963,-0.06821,1.291412
1778850758.6226091,137.488403,-3.767908,166.387085,2.91963,-0.06821,1.291412
1778850758.622965,137.465744,-3.774008,166.379623,2.91972,-0.068174,1.290831
1778850758.623325,137.465744,-3.774008,166.379623,2.91972,-0.068174,1.290831
1778850758.6236866,137.465744,-3.774008,166.379623,2.91972,-0.068174,1.290831
1778850758.6240592,137.465744,-3.774008,166.379623,2.91972,-0.068174,1.290831
1778850758.624416,137.465744,-3.774008,166.379623,2.91972,-0.068174,1.290831
1778850758.6247818,137.465744,-3.774008,166.379623,2.91972,-0.068174,1.290831
1778850758.6251485,137.465744,-3.774008,166.379623,2.91972,-0.068174,1.290831
1778850758.6255355,137.465744,-3.774008,166.379623,2.91972,-0.068174,1.290831
1778850758.6259074,137.465744,-3.774008,166.379623,2.91972,-0.068174,1.290831
1778850758.6262856,137.465744,-3.774008,166.379623,2.91972,-0.068174,1.290831
1778850758.6266716,137.465744,-3.774008,166.379623,2.91972,-0.068174,1.290831
1778850758.6270642,137.443054,-3.780101,166.372162,2.919811,-0.068139,1.29025
1778850758.6274626,137.443054,-3.780101,166.372162,2.919811,-0.068139,1.29025
1778850758.6278281,137.443054,-3.780101,166.372162,2.919811,-0.068139,1.29025
1778850758.6282043,137.443054,-3.780101,166.372162,2.919811,-0.068139,1.29025
1778850758.6285658,137.443054,-3.780101,166.372162,2.919811,-0.068139,1.29025
1778850758.6289365,137.443054,-3.780101,166.372162,2.919811,-0.068139,1.29025
1778850758.6293147,137.443054,-3.780101,166.372162,2.919811,-0.068139,1.29025
1778850758.629685,137.443054,-3.780101,166.372162,2.919811,-0.068139,1.29025
1778850758.63009,137.443054,-3.780101,166.372162,2.919811,-0.068139,1.29025
1778850758.630457,137.443054,-3.780101,166.372162,2.919811,-0.068139,1.29025
1778850758.6308324,137.443054,-3.780101,166.372162,2.919811,-0.068139,1.29025
1778850758.6311955,137.443054,-3.780101,166.372162,2.919811,-0.068139,1.29025
1778850758.6315615,137.443054,-3.780101,166.372162,2.919811,-0.068139,1.29025
1778850758.6319711,137.420349,-3.786187,166.364685,2.919901,-0.068103,1.28967
1778850758.6323364,137.420349,-3.786187,166.364685,2.919901,-0.068103,1.28967
1778850758.6327035,137.420349,-3.786187,166.364685,2.919901,-0.068103,1.28967
1778850758.633135,137.420349,-3.786187,166.364685,2.919901,-0.068103,1.28967
1778850758.6335928,137.420349,-3.786187,166.364685,2.919901,-0.068103,1.28967
1778850758.6339827,137.420349,-3.786187,166.364685,2.919901,-0.068103,1.28967
1778850758.6344104,137.420349,-3.786187,166.364685,2.919901,-0.068103,1.28967
1778850758.6347964,137.420349,-3.786187,166.364685,2.919901,-0.068103,1.28967
1778850758.6351783,137.397644,-3.792266,166.357224,2.919991,-0.068067,1.289089
1778850758.635558,137.397644,-3.792266,166.357224,2.919991,-0.068067,1.289089
1778850758.6359239,137.397644,-3.792266,166.357224,2.919991,-0.068067,1.289089
1778850758.6362839,137.397644,-3.792266,166.357224,2.919991,-0.068067,1.289089
1778850758.6366405,137.397644,-3.792266,166.357224,2.919991,-0.068067,1.289089
1778850758.6370635,137.397644,-3.792266,166.357224,2.919991,-0.068067,1.289089
1778850758.637435,137.397644,-3.792266,166.357224,2.919991,-0.068067,1.289089
1778850758.63789,137.397644,-3.792266,166.357224,2.919991,-0.068067,1.289089
1778850758.6382666,137.397644,-3.792266,166.357224,2.919991,-0.068067,1.289089
1778850758.6386442,137.397644,-3.792266,166.357224,2.919991,-0.068067,1.289089
1778850758.6390276,137.374908,-3.798338,166.349747,2.920082,-0.068032,1.288508
1778850758.6393974,137.374908,-3.798338,166.349747,2.920082,-0.068032,1.288508
1778850758.6397755,137.374908,-3.798338,166.349747,2.920082,-0.068032,1.288508
1778850758.6401536,137.374908,-3.798338,166.349747,2.920082,-0.068032,1.288508
1778850758.6405208,137.374908,-3.798338,166.349747,2.920082,-0.068032,1.288508
1778850758.6408873,137.374908,-3.798338,166.349747,2.920082,-0.068032,1.288508
1778850758.641363,137.374908,-3.798338,166.349747,2.920082,-0.068032,1.288508
1778850758.6417332,137.374908,-3.798338,166.349747,2.920082,-0.068032,1.288508
1778850758.642142,137.374908,-3.798338,166.349747,2.920082,-0.068032,1.288508
1778850758.6425188,137.374908,-3.798338,166.349747,2.920082,-0.068032,1.288508
1778850758.6429074,137.374908,-3.798338,166.349747,2.920082,-0.068032,1.288508
1778850758.643366,137.374908,-3.798338,166.349747,2.920082,-0.068032,1.288508
1778850758.6437604,137.352173,-3.804402,166.342285,2.920173,-0.067996,1.287928
1778850758.6441252,137.352173,-3.804402,166.342285,2.920173,-0.067996,1.287928
1778850758.6445296,137.352173,-3.804402,166.342285,2.920173,-0.067996,1.287928
1778850758.6449137,137.352173,-3.804402,166.342285,2.920173,-0.067996,1.287928
1778850758.6453223,137.352173,-3.804402,166.342285,2.920173,-0.067996,1.287928
1778850758.6456845,137.352173,-3.804402,166.342285,2.920173,-0.067996,1.287928
1778850758.6461003,137.352173,-3.804402,166.342285,2.920173,-0.067996,1.287928
1778850758.6464696,137.352173,-3.804402,166.342285,2.920173,-0.067996,1.287928
1778850758.6468425,137.329422,-3.810458,166.334808,2.920264,-0.06796,1.287347
1778850758.6472168,137.329422,-3.810458,166.334808,2.920264,-0.06796,1.287347
1778850758.6475866,137.329422,-3.810458,166.334808,2.920264,-0.06796,1.287347
1778850758.647983,137.329422,-3.810458,166.334808,2.920264,-0.06796,1.287347
1778850758.6483994,137.329422,-3.810458,166.334808,2.920264,-0.06796,1.287347
1778850758.648942,137.329422,-3.810458,166.334808,2.920264,-0.06796,1.287347
1778850758.6493669,137.329422,-3.810458,166.334808,2.920264,-0.06796,1.287347
1778850758.6497836,137.329422,-3.810458,166.334808,2.920264,-0.06796,1.287347
1778850758.650203,137.329422,-3.810458,166.334808,2.920264,-0.06796,1.287347
1778850758.6506414,137.329422,-3.810458,166.334808,2.920264,-0.06796,1.287347
1778850758.6511478,137.306656,-3.816508,166.327347,2.920355,-0.067925,1.286767
1778850758.6515563,137.306656,-3.816508,166.327347,2.920355,-0.067925,1.286767
1778850758.6519678,137.306656,-3.816508,166.327347,2.920355,-0.067925,1.286767
1778850758.6523504,137.306656,-3.816508,166.327347,2.920355,-0.067925,1.286767
1778850758.6527286,137.306656,-3.816508,166.327347,2.920355,-0.067925,1.286767
1778850758.6531932,137.306656,-3.816508,166.327347,2.920355,-0.067925,1.286767
1778850758.6536214,137.306656,-3.816508,166.327347,2.920355,-0.067925,1.286767
1778850758.6540604,137.306656,-3.816508,166.327347,2.920355,-0.067925,1.286767
1778850758.6544645,137.306656,-3.816508,166.327347,2.920355,-0.067925,1.286767
1778850758.6549113,137.306656,-3.816508,166.327347,2.920355,-0.067925,1.286767
1778850758.655315,137.306656,-3.816508,166.327347,2.920355,-0.067925,1.286767
1778850758.6556957,137.306656,-3.816508,166.327347,2.920355,-0.067925,1.286767
1778850758.656121,137.28389,-3.82255,166.31987,2.920445,-0.067889,1.286186
1778850758.6565049,137.28389,-3.82255,166.31987,2.920445,-0.067889,1.286186
1778850758.6568892,137.28389,-3.82255,166.31987,2.920445,-0.067889,1.286186
1778850758.6572907,137.28389,-3.82255,166.31987,2.920445,-0.067889,1.286186
1778850758.657667,137.28389,-3.82255,166.31987,2.920445,-0.067889,1.286186
1778850758.6581037,137.28389,-3.82255,166.31987,2.920445,-0.067889,1.286186
1778850758.658484,137.28389,-3.82255,166.31987,2.920445,-0.067889,1.286186
1778850758.6588511,137.261093,-3.828584,166.312408,2.920537,-0.067853,1.285605
1778850758.6592283,137.261093,-3.828584,166.312408,2.920537,-0.067853,1.285605
1778850758.6596034,137.261093,-3.828584,166.312408,2.920537,-0.067853,1.285605
1778850758.6599712,137.261093,-3.828584,166.312408,2.920537,-0.067853,1.285605
1778850758.6603913,137.261093,-3.828584,166.312408,2.920537,-0.067853,1.285605
1778850758.6607952,137.261093,-3.828584,166.312408,2.920537,-0.067853,1.285605
1778850758.6611598,137.261093,-3.828584,166.312408,2.920537,-0.067853,1.285605
1778850758.6615636,137.261093,-3.828584,166.312408,2.920537,-0.067853,1.285605
1778850758.6619284,137.261093,-3.828584,166.312408,2.920537,-0.067853,1.285605
1778850758.662439,137.261093,-3.828584,166.312408,2.920537,-0.067853,1.285605
1778850758.6627946,137.238297,-3.834612,166.304932,2.920628,-0.067818,1.285025
1778850758.6631703,137.238297,-3.834612,166.304932,2.920628,-0.067818,1.285025
1778850758.6635294,137.238297,-3.834612,166.304932,2.920628,-0.067818,1.285025
1778850758.6638868,137.238297,-3.834612,166.304932,2.920628,-0.067818,1.285025
1778850758.6642566,137.238297,-3.834612,166.304932,2.920628,-0.067818,1.285025
1778850758.6646106,137.238297,-3.834612,166.304932,2.920628,-0.067818,1.285025
1778850758.6649942,137.238297,-3.834612,166.304932,2.920628,-0.067818,1.285025
1778850758.665358,137.238297,-3.834612,166.304932,2.920628,-0.067818,1.285025
1778850758.6658137,137.238297,-3.834612,166.304932,2.920628,-0.067818,1.285025
1778850758.6661742,137.238297,-3.834612,166.304932,2.920628,-0.067818,1.285025
1778850758.666549,137.238297,-3.834612,166.304932,2.920628,-0.067818,1.285025
1778850758.6669195,137.238297,-3.834612,166.304932,2.920628,-0.067818,1.285025
1778850758.6672978,137.238297,-3.834612,166.304932,2.920628,-0.067818,1.285025
1778850758.6676583,137.215485,-3.840631,166.297455,2.920719,-0.067782,1.284444
1778850758.6680357,137.215485,-3.840631,166.297455,2.920719,-0.067782,1.284444
1778850758.668412,137.215485,-3.840631,166.297455,2.920719,-0.067782,1.284444
1778850758.66877,137.215485,-3.840631,166.297455,2.920719,-0.067782,1.284444
1778850758.6691468,137.215485,-3.840631,166.297455,2.920719,-0.067782,1.284444
1778850758.6696079,137.215485,-3.840631,166.297455,2.920719,-0.067782,1.284444
1778850758.6699874,137.215485,-3.840631,166.297455,2.920719,-0.067782,1.284444
1778850758.670371,137.215485,-3.840631,166.297455,2.920719,-0.067782,1.284444
1778850758.6707518,137.215485,-3.840631,166.297455,2.920719,-0.067782,1.284444
1778850758.6711316,137.192657,-3.846644,166.289993,2.920811,-0.067746,1.283864
1778850758.6715145,137.192657,-3.846644,166.289993,2.920811,-0.067746,1.283864
1778850758.671893,137.192657,-3.846644,166.289993,2.920811,-0.067746,1.283864
1778850758.6722572,137.192657,-3.846644,166.289993,2.920811,-0.067746,1.283864
1778850758.6726208,137.192657,-3.846644,166.289993,2.920811,-0.067746,1.283864
1778850758.673069,137.192657,-3.846644,166.289993,2.920811,-0.067746,1.283864
1778850758.6734862,137.192657,-3.846644,166.289993,2.920811,-0.067746,1.283864
1778850758.673878,137.192657,-3.846644,166.289993,2.920811,-0.067746,1.283864
1778850758.674258,137.192657,-3.846644,166.289993,2.920811,-0.067746,1.283864
1778850758.674684,137.192657,-3.846644,166.289993,2.920811,-0.067746,1.283864
1778850758.6750793,137.169815,-3.852648,166.282516,2.920902,-0.06771,1.283283
1778850758.6755157,137.169815,-3.852648,166.282516,2.920902,-0.06771,1.283283
1778850758.6759138,137.169815,-3.852648,166.282516,2.920902,-0.06771,1.283283
1778850758.6763017,137.169815,-3.852648,166.282516,2.920902,-0.06771,1.283283
1778850758.6766787,137.169815,-3.852648,166.282516,2.920902,-0.06771,1.283283
1778850758.6771173,137.169815,-3.852648,166.282516,2.920902,-0.06771,1.283283
1778850758.677581,137.169815,-3.852648,166.282516,2.920902,-0.06771,1.283283
1778850758.6779983,137.169815,-3.852648,166.282516,2.920902,-0.06771,1.283283
1778850758.678384,137.169815,-3.852648,166.282516,2.920902,-0.06771,1.283283
1778850758.6787825,137.169815,-3.852648,166.282516,2.920902,-0.06771,1.283283
1778850758.6791682,137.169815,-3.852648,166.282516,2.920902,-0.06771,1.283283
1778850758.6795602,137.169815,-3.852648,166.282516,2.920902,-0.06771,1.283283
1778850758.679947,137.146957,-3.858646,166.27504,2.920994,-0.067674,1.282703
1778850758.6803439,137.146957,-3.858646,166.27504,2.920994,-0.067674,1.282703
1778850758.6807382,137.146957,-3.858646,166.27504,2.920994,-0.067674,1.282703
1778850758.6811302,137.146957,-3.858646,166.27504,2.920994,-0.067674,1.282703
1778850758.6815228,137.146957,-3.858646,166.27504,2.920994,-0.067674,1.282703
1778850758.6819217,137.146957,-3.858646,166.27504,2.920994,-0.067674,1.282703
1778850758.68238,137.146957,-3.858646,166.27504,2.920994,-0.067674,1.282703
1778850758.68284,137.1241,-3.864636,166.267563,2.921086,-0.067638,1.282122
1778850758.6832204,137.1241,-3.864636,166.267563,2.921086,-0.067638,1.282122
1778850758.6836014,137.1241,-3.864636,166.267563,2.921086,-0.067638,1.282122
1778850758.6839957,137.1241,-3.864636,166.267563,2.921086,-0.067638,1.282122
1778850758.6843655,137.1241,-3.864636,166.267563,2.921086,-0.067638,1.282122
1778850758.6847641,137.1241,-3.864636,166.267563,2.921086,-0.067638,1.282122
1778850758.6851346,137.1241,-3.864636,166.267563,2.921086,-0.067638,1.282122
1778850758.6855898,137.1241,-3.864636,166.267563,2.921086,-0.067638,1.282122
1778850758.685977,137.1241,-3.864636,166.267563,2.921086,-0.067638,1.282122
1778850758.686355,137.1241,-3.864636,166.267563,2.921086,-0.067638,1.282122
1778850758.6867294,137.1241,-3.864636,166.267563,2.921086,-0.067638,1.282122
1778850758.6871018,137.101212,-3.870618,166.260101,2.921178,-0.067602,1.281541
1778850758.6874778,137.101212,-3.870618,166.260101,2.921178,-0.067602,1.281541
1778850758.6878483,137.101212,-3.870618,166.260101,2.921178,-0.067602,1.281541
1778850758.6882176,137.101212,-3.870618,166.260101,2.921178,-0.067602,1.281541
1778850758.6885855,137.101212,-3.870618,166.260101,2.921178,-0.067602,1.281541
1778850758.688971,137.101212,-3.870618,166.260101,2.921178,-0.067602,1.281541
1778850758.6893423,137.101212,-3.870618,166.260101,2.921178,-0.067602,1.281541
1778850758.6897378,137.101212,-3.870618,166.260101,2.921178,-0.067602,1.281541
1778850758.690162,137.101212,-3.870618,166.260101,2.921178,-0.067602,1.281541
1778850758.691481,137.101212,-3.870618,166.260101,2.921178,-0.067602,1.281541
1778850758.691881,137.078323,-3.876593,166.252625,2.92127,-0.067566,1.280961
1778850758.6922624,137.078323,-3.876593,166.252625,2.92127,-0.067566,1.280961
1778850758.6926363,137.078323,-3.876593,166.252625,2.92127,-0.067566,1.280961
1778850758.6930587,137.078323,-3.876593,166.252625,2.92127,-0.067566,1.280961
1778850758.6934545,137.078323,-3.876593,166.252625,2.92127,-0.067566,1.280961
1778850758.6938844,137.078323,-3.876593,166.252625,2.92127,-0.067566,1.280961
1778850758.6942887,137.078323,-3.876593,166.252625,2.92127,-0.067566,1.280961
1778850758.694679,137.078323,-3.876593,166.252625,2.92127,-0.067566,1.280961
1778850758.6950958,137.05542,-3.88256,166.245148,2.921362,-0.06753,1.28038
1778850758.6955028,137.05542,-3.88256,166.245148,2.921362,-0.06753,1.28038
1778850758.6959035,137.05542,-3.88256,166.245148,2.921362,-0.06753,1.28038
1778850758.696288,137.05542,-3.88256,166.245148,2.921362,-0.06753,1.28038
1778850758.696672,137.05542,-3.88256,166.245148,2.921362,-0.06753,1.28038
1778850758.6970978,137.05542,-3.88256,166.245148,2.921362,-0.06753,1.28038
1778850758.6974888,137.05542,-3.88256,166.245148,2.921362,-0.06753,1.28038
1778850758.6978815,137.05542,-3.88256,166.245148,2.921362,-0.06753,1.28038
1778850758.698279,137.05542,-3.88256,166.245148,2.921362,-0.06753,1.28038
1778850758.6986895,137.05542,-3.88256,166.245148,2.921362,-0.06753,1.28038
1778850758.6991243,137.032501,-3.88852,166.237671,2.921454,-0.067494,1.2798
1778850758.6995215,137.032501,-3.88852,166.237671,2.921454,-0.067494,1.2798
1778850758.6998997,137.032501,-3.88852,166.237671,2.921454,-0.067494,1.2798
1778850758.7002962,137.032501,-3.88852,166.237671,2.921454,-0.067494,1.2798
1778850758.7007174,137.032501,-3.88852,166.237671,2.921454,-0.067494,1.2798
1778850758.7012482,137.032501,-3.88852,166.237671,2.921454,-0.067494,1.2798
1778850758.7016754,137.032501,-3.88852,166.237671,2.921454,-0.067494,1.2798
1778850758.7021265,137.032501,-3.88852,166.237671,2.921454,-0.067494,1.2798
1778850758.7025058,137.032501,-3.88852,166.237671,2.921454,-0.067494,1.2798
1778850758.702891,137.032501,-3.88852,166.237671,2.921454,-0.067494,1.2798
1778850758.7032995,137.032501,-3.88852,166.237671,2.921454,-0.067494,1.2798
1778850758.7037072,137.009583,-3.894472,166.230194,2.921546,-0.067458,1.27922
1778850758.7041168,137.009583,-3.894472,166.230194,2.921546,-0.067458,1.27922
1778850758.7044997,137.009583,-3.894472,166.230194,2.921546,-0.067458,1.27922
1778850758.7048886,137.009583,-3.894472,166.230194,2.921546,-0.067458,1.27922
1778850758.7052834,137.009583,-3.894472,166.230194,2.921546,-0.067458,1.27922
1778850758.7056572,137.009583,-3.894472,166.230194,2.921546,-0.067458,1.27922
1778850758.706127,137.009583,-3.894472,166.230194,2.921546,-0.067458,1.27922
1778850758.7065294,137.009583,-3.894472,166.230194,2.921546,-0.067458,1.27922
1778850758.7069204,136.986633,-3.900416,166.222717,2.921639,-0.067422,1.278639
1778850758.7072978,136.986633,-3.900416,166.222717,2.921639,-0.067422,1.278639
1778850758.7076755,136.986633,-3.900416,166.222717,2.921639,-0.067422,1.278639
1778850758.708054,136.986633,-3.900416,166.222717,2.921639,-0.067422,1.278639
1778850758.7084167,136.986633,-3.900416,166.222717,2.921639,-0.067422,1.278639
1778850758.7087953,136.986633,-3.900416,166.222717,2.921639,-0.067422,1.278639
1778850758.7091806,136.986633,-3.900416,166.222717,2.921639,-0.067422,1.278639
1778850758.7096124,136.986633,-3.900416,166.222717,2.921639,-0.067422,1.278639
1778850758.7100098,136.986633,-3.900416,166.222717,2.921639,-0.067422,1.278639
1778850758.7104194,136.986633,-3.900416,166.222717,2.921639,-0.067422,1.278639
1778850758.7108703,136.963684,-3.906353,166.21524,2.921731,-0.067386,1.278059
1778850758.7112603,136.963684,-3.906353,166.21524,2.921731,-0.067386,1.278059
1778850758.7116563,136.963684,-3.906353,166.21524,2.921731,-0.067386,1.278059
1778850758.7120433,136.963684,-3.906353,166.21524,2.921731,-0.067386,1.278059
1778850758.7124188,136.963684,-3.906353,166.21524,2.921731,-0.067386,1.278059
1778850758.7128458,136.963684,-3.906353,166.21524,2.921731,-0.067386,1.278059
1778850758.7132218,136.963684,-3.906353,166.21524,2.921731,-0.067386,1.278059
1778850758.7136219,136.963684,-3.906353,166.21524,2.921731,-0.067386,1.278059
1778850758.714056,136.963684,-3.906353,166.21524,2.921731,-0.067386,1.278059
1778850758.7144427,136.963684,-3.906353,166.21524,2.921731,-0.067386,1.278059
1778850758.714844,136.963684,-3.906353,166.21524,2.921731,-0.067386,1.278059
1778850758.7152686,136.963684,-3.906353,166.21524,2.921731,-0.067386,1.278059
1778850758.7156577,136.94072,-3.912282,166.207764,2.921824,-0.06735,1.277478
1778850758.7161005,136.94072,-3.912282,166.207764,2.921824,-0.06735,1.277478
1778850758.7164896,136.94072,-3.912282,166.207764,2.921824,-0.06735,1.277478
1778850758.7168913,136.94072,-3.912282,166.207764,2.921824,-0.06735,1.277478
1778850758.717272,136.94072,-3.912282,166.207764,2.921824,-0.06735,1.277478
1778850758.7176638,136.94072,-3.912282,166.207764,2.921824,-0.06735,1.277478
1778850758.7180765,136.94072,-3.912282,166.207764,2.921824,-0.06735,1.277478
1778850758.718476,136.94072,-3.912282,166.207764,2.921824,-0.06735,1.277478
1778850758.7188563,136.94072,-3.912282,166.207764,2.921824,-0.06735,1.277478
1778850758.719246,136.91774,-3.918204,166.200287,2.921917,-0.067314,1.276898
1778850758.7196352,136.91774,-3.918204,166.200287,2.921917,-0.067314,1.276898
1778850758.7200308,136.91774,-3.918204,166.200287,2.921917,-0.067314,1.276898
1778850758.7204356,136.91774,-3.918204,166.200287,2.921917,-0.067314,1.276898
1778850758.720845,136.91774,-3.918204,166.200287,2.921917,-0.067314,1.276898
1778850758.7212722,136.91774,-3.918204,166.200287,2.921917,-0.067314,1.276898
1778850758.7217,136.91774,-3.918204,166.200287,2.921917,-0.067314,1.276898
1778850758.72216,136.91774,-3.918204,166.200287,2.921917,-0.067314,1.276898
1778850758.7225833,136.91774,-3.918204,166.200287,2.921917,-0.067314,1.276898
1778850758.7229884,136.894745,-3.924118,166.19281,2.92201,-0.067278,1.276317
1778850758.7233741,136.894745,-3.924118,166.19281,2.92201,-0.067278,1.276317
1778850758.7237751,136.894745,-3.924118,166.19281,2.92201,-0.067278,1.276317
1778850758.7241595,136.894745,-3.924118,166.19281,2.92201,-0.067278,1.276317
1778850758.7245808,136.894745,-3.924118,166.19281,2.92201,-0.067278,1.276317
1778850758.7249968,136.894745,-3.924118,166.19281,2.92201,-0.067278,1.276317
1778850758.7253876,136.894745,-3.924118,166.19281,2.92201,-0.067278,1.276317
1778850758.725869,136.894745,-3.924118,166.19281,2.92201,-0.067278,1.276317
1778850758.7262573,136.894745,-3.924118,166.19281,2.92201,-0.067278,1.276317
1778850758.7266414,136.894745,-3.924118,166.19281,2.92201,-0.067278,1.276317
1778850758.7270646,136.894745,-3.924118,166.19281,2.92201,-0.067278,1.276317
1778850758.727471,136.894745,-3.924118,166.19281,2.92201,-0.067278,1.276317
1778850758.7278597,136.87175,-3.930024,166.185333,2.922103,-0.067241,1.275737
1778850758.7282705,136.87175,-3.930024,166.185333,2.922103,-0.067241,1.275737
1778850758.7286632,136.87175,-3.930024,166.185333,2.922103,-0.067241,1.275737
1778850758.7291021,136.87175,-3.930024,166.185333,2.922103,-0.067241,1.275737
1778850758.729531,136.87175,-3.930024,166.185333,2.922103,-0.067241,1.275737
1778850758.7299333,136.87175,-3.930024,166.185333,2.922103,-0.067241,1.275737
1778850758.7303584,136.87175,-3.930024,166.185333,2.922103,-0.067241,1.275737
1778850758.730776,136.87175,-3.930024,166.185333,2.922103,-0.067241,1.275737
1778850758.7312121,136.848724,-3.935923,166.177856,2.922196,-0.067205,1.275157
1778850758.7316194,136.848724,-3.935923,166.177856,2.922196,-0.067205,1.275157
1778850758.732046,136.848724,-3.935923,166.177856,2.922196,-0.067205,1.275157
1778850758.7324467,136.848724,-3.935923,166.177856,2.922196,-0.067205,1.275157
1778850758.732893,136.848724,-3.935923,166.177856,2.922196,-0.067205,1.275157
1778850758.7333512,136.848724,-3.935923,166.177856,2.922196,-0.067205,1.275157
1778850758.7337725,136.848724,-3.935923,166.177856,2.922196,-0.067205,1.275157
1778850758.7342067,136.848724,-3.935923,166.177856,2.922196,-0.067205,1.275157
1778850758.7346845,136.848724,-3.935923,166.177856,2.922196,-0.067205,1.275157
1778850758.735197,136.825699,-3.941813,166.17038,2.922289,-0.067169,1.274576
1778850758.7357016,136.825699,-3.941813,166.17038,2.922289,-0.067169,1.274576
1778850758.736137,136.825699,-3.941813,166.17038,2.922289,-0.067169,1.274576
1778850758.736566,136.825699,-3.941813,166.17038,2.922289,-0.067169,1.274576
1778850758.7371073,136.825699,-3.941813,166.17038,2.922289,-0.067169,1.274576
1778850758.7375634,136.825699,-3.941813,166.17038,2.922289,-0.067169,1.274576
1778850758.7380757,136.825699,-3.941813,166.17038,2.922289,-0.067169,1.274576
1778850758.7385004,136.825699,-3.941813,166.17038,2.922289,-0.067169,1.274576
1778850758.7389252,136.825699,-3.941813,166.17038,2.922289,-0.067169,1.274576
1778850758.7393448,136.825699,-3.941813,166.17038,2.922289,-0.067169,1.274576
1778850758.7397602,136.802658,-3.947697,166.162903,2.922382,-0.067133,1.273996
1778850758.740164,136.802658,-3.947697,166.162903,2.922382,-0.067133,1.273996
1778850758.7405992,136.802658,-3.947697,166.162903,2.922382,-0.067133,1.273996
1778850758.7409852,136.802658,-3.947697,166.162903,2.922382,-0.067133,1.273996
1778850758.7413716,136.802658,-3.947697,166.162903,2.922382,-0.067133,1.273996
1778850758.7417572,136.802658,-3.947697,166.162903,2.922382,-0.067133,1.273996
1778850758.7421722,136.802658,-3.947697,166.162903,2.922382,-0.067133,1.273996
1778850758.74252,136.802658,-3.947697,166.162903,2.922382,-0.067133,1.273996
1778850758.7428837,136.802658,-3.947697,166.162903,2.922382,-0.067133,1.273996
1778850758.7432382,136.779602,-3.953572,166.155411,2.922476,-0.067096,1.273416
1778850758.743606,136.779602,-3.953572,166.155411,2.922476,-0.067096,1.273416
1778850758.743991,136.779602,-3.953572,166.155411,2.922476,-0.067096,1.273416
1778850758.7443547,136.779602,-3.953572,166.155411,2.922476,-0.067096,1.273416
1778850758.744695,136.779602,-3.953572,166.155411,2.922476,-0.067096,1.273416
1778850758.7450628,136.779602,-3.953572,166.155411,2.922476,-0.067096,1.273416
1778850758.7454154,136.779602,-3.953572,166.155411,2.922476,-0.067096,1.273416
1778850758.7457948,136.779602,-3.953572,166.155411,2.922476,-0.067096,1.273416
1778850758.7461393,136.779602,-3.953572,166.155411,2.922476,-0.067096,1.273416
1778850758.7464957,136.779602,-3.953572,166.155411,2.922476,-0.067096,1.273416
1778850758.746856,136.756546,-3.95944,166.147934,2.92257,-0.06706,1.272835
1778850758.7472456,136.756546,-3.95944,166.147934,2.92257,-0.06706,1.272835
1778850758.7476156,136.756546,-3.95944,166.147934,2.92257,-0.06706,1.272835
1778850758.7479887,136.756546,-3.95944,166.147934,2.92257,-0.06706,1.272835
1778850758.748359,136.756546,-3.95944,166.147934,2.92257,-0.06706,1.272835
1778850758.7487273,136.756546,-3.95944,166.147934,2.92257,-0.06706,1.272835
1778850758.7491052,136.756546,-3.95944,166.147934,2.92257,-0.06706,1.272835
1778850758.749489,136.756546,-3.95944,166.147934,2.92257,-0.06706,1.272835
1778850758.749859,136.756546,-3.95944,166.147934,2.92257,-0.06706,1.272835
1778850758.7503097,136.756546,-3.95944,166.147934,2.92257,-0.06706,1.272835
1778850758.7506893,136.756546,-3.95944,166.147934,2.92257,-0.06706,1.272835
1778850758.7510703,136.756546,-3.95944,166.147934,2.92257,-0.06706,1.272835
1778850758.7514496,136.756546,-3.95944,166.147934,2.92257,-0.06706,1.272835
1778850758.7518768,136.733459,-3.965299,166.140457,2.922663,-0.067024,1.272255
1778850758.7522671,136.733459,-3.965299,166.140457,2.922663,-0.067024,1.272255
1778850758.7526422,136.733459,-3.965299,166.140457,2.922663,-0.067024,1.272255
1778850758.7531118,136.733459,-3.965299,166.140457,2.922663,-0.067024,1.272255
1778850758.7535143,136.733459,-3.965299,166.140457,2.922663,-0.067024,1.272255
1778850758.7539067,136.733459,-3.965299,166.140457,2.922663,-0.067024,1.272255
1778850758.7543406,136.733459,-3.965299,166.140457,2.922663,-0.067024,1.272255
1778850758.7547174,136.733459,-3.965299,166.140457,2.922663,-0.067024,1.272255
1778850758.7550888,136.710373,-3.971151,166.13298,2.922757,-0.066987,1.271675
1778850758.7554543,136.710373,-3.971151,166.13298,2.922757,-0.066987,1.271675
1778850758.7558854,136.710373,-3.971151,166.13298,2.922757,-0.066987,1.271675
1778850758.756254,136.710373,-3.971151,166.13298,2.922757,-0.066987,1.271675
1778850758.756613,136.710373,-3.971151,166.13298,2.922757,-0.066987,1.271675
1778850758.7570305,136.710373,-3.971151,166.13298,2.922757,-0.066987,1.271675
1778850758.757407,136.710373,-3.971151,166.13298,2.922757,-0.066987,1.271675
1778850758.7578118,136.710373,-3.971151,166.13298,2.922757,-0.066987,1.271675
1778850758.7581847,136.710373,-3.971151,166.13298,2.922757,-0.066987,1.271675
1778850758.7585866,136.710373,-3.971151,166.13298,2.922757,-0.066987,1.271675
1778850758.7589767,136.687271,-3.976995,166.125488,2.922851,-0.066951,1.271095
1778850758.7593415,136.687271,-3.976995,166.125488,2.922851,-0.066951,1.271095
1778850758.7597022,136.687271,-3.976995,166.125488,2.922851,-0.066951,1.271095
1778850758.7600708,136.687271,-3.976995,166.125488,2.922851,-0.066951,1.271095
1778850758.7604337,136.687271,-3.976995,166.125488,2.922851,-0.066951,1.271095
1778850758.7609086,136.687271,-3.976995,166.125488,2.922851,-0.066951,1.271095
1778850758.761346,136.687271,-3.976995,166.125488,2.922851,-0.066951,1.271095
1778850758.7617588,136.687271,-3.976995,166.125488,2.922851,-0.066951,1.271095
1778850758.762148,136.687271,-3.976995,166.125488,2.922851,-0.066951,1.271095
1778850758.7626042,136.687271,-3.976995,166.125488,2.922851,-0.066951,1.271095
1778850758.7632885,136.687271,-3.976995,166.125488,2.922851,-0.066951,1.271095
1778850758.7637258,136.664154,-3.982832,166.118011,2.922945,-0.066915,1.270514
1778850758.7641385,136.664154,-3.982832,166.118011,2.922945,-0.066915,1.270514
1778850758.764527,136.664154,-3.982832,166.118011,2.922945,-0.066915,1.270514
1778850758.764911,136.664154,-3.982832,166.118011,2.922945,-0.066915,1.270514
1778850758.7652874,136.664154,-3.982832,166.118011,2.922945,-0.066915,1.270514
1778850758.7656848,136.664154,-3.982832,166.118011,2.922945,-0.066915,1.270514
1778850758.7661304,136.664154,-3.982832,166.118011,2.922945,-0.066915,1.270514
1778850758.7665956,136.664154,-3.982832,166.118011,2.922945,-0.066915,1.270514
1778850758.7669997,136.641022,-3.98866,166.110535,2.923039,-0.066878,1.269934
1778850758.767384,136.641022,-3.98866,166.110535,2.923039,-0.066878,1.269934
1778850758.7678044,136.641022,-3.98866,166.110535,2.923039,-0.066878,1.269934
1778850758.7684386,136.641022,-3.98866,166.110535,2.923039,-0.066878,1.269934
1778850758.7689128,136.641022,-3.98866,166.110535,2.923039,-0.066878,1.269934
1778850758.7693372,136.641022,-3.98866,166.110535,2.923039,-0.066878,1.269934
1778850758.7697895,136.641022,-3.98866,166.110535,2.923039,-0.066878,1.269934
1778850758.7701519,136.641022,-3.98866,166.110535,2.923039,-0.066878,1.269934
1778850758.7705288,136.641022,-3.98866,166.110535,2.923039,-0.066878,1.269934
1778850758.7709067,136.617889,-3.994481,166.103043,2.923133,-0.066842,1.269354
1778850758.7713249,136.617889,-3.994481,166.103043,2.923133,-0.066842,1.269354
1778850758.7716856,136.617889,-3.994481,166.103043,2.923133,-0.066842,1.269354
1778850758.7720726,136.617889,-3.994481,166.103043,2.923133,-0.066842,1.269354
1778850758.7724385,136.617889,-3.994481,166.103043,2.923133,-0.066842,1.269354
1778850758.7727969,136.617889,-3.994481,166.103043,2.923133,-0.066842,1.269354
1778850758.7731652,136.617889,-3.994481,166.103043,2.923133,-0.066842,1.269354
1778850758.7735837,136.617889,-3.994481,166.103043,2.923133,-0.066842,1.269354
1778850758.7739835,136.617889,-3.994481,166.103043,2.923133,-0.066842,1.269354
1778850758.7743866,136.617889,-3.994481,166.103043,2.923133,-0.066842,1.269354
1778850758.7748318,136.617889,-3.994481,166.103043,2.923133,-0.066842,1.269354
1778850758.7752514,136.617889,-3.994481,166.103043,2.923133,-0.066842,1.269354
1778850758.7756205,136.594727,-4.000293,166.095566,2.923227,-0.066805,1.268774
1778850758.7760446,136.594727,-4.000293,166.095566,2.923227,-0.066805,1.268774
1778850758.7764149,136.594727,-4.000293,166.095566,2.923227,-0.066805,1.268774
1778850758.7768507,136.594727,-4.000293,166.095566,2.923227,-0.066805,1.268774
1778850758.7773244,136.594727,-4.000293,166.095566,2.923227,-0.066805,1.268774
1778850758.7777271,136.594727,-4.000293,166.095566,2.923227,-0.066805,1.268774
1778850758.7781503,136.594727,-4.000293,166.095566,2.923227,-0.066805,1.268774
1778850758.7785823,136.594727,-4.000293,166.095566,2.923227,-0.066805,1.268774
1778850758.7789836,136.571564,-4.006098,166.088089,2.923322,-0.066769,1.268193
1778850758.7793844,136.571564,-4.006098,166.088089,2.923322,-0.066769,1.268193
1778850758.7797713,136.571564,-4.006098,166.088089,2.923322,-0.066769,1.268193
1778850758.7801418,136.571564,-4.006098,166.088089,2.923322,-0.066769,1.268193
1778850758.7805276,136.571564,-4.006098,166.088089,2.923322,-0.066769,1.268193
1778850758.7809196,136.571564,-4.006098,166.088089,2.923322,-0.066769,1.268193
1778850758.7813504,136.571564,-4.006098,166.088089,2.923322,-0.066769,1.268193
1778850758.7817156,136.571564,-4.006098,166.088089,2.923322,-0.066769,1.268193
1778850758.7820957,136.571564,-4.006098,166.088089,2.923322,-0.066769,1.268193
1778850758.7824655,136.571564,-4.006098,166.088089,2.923322,-0.066769,1.268193
1778850758.7828531,136.571564,-4.006098,166.088089,2.923322,-0.066769,1.268193
1778850758.783226,136.548386,-4.011895,166.080597,2.923416,-0.066732,1.267613
1778850758.7835965,136.548386,-4.011895,166.080597,2.923416,-0.066732,1.267613
1778850758.7839675,136.548386,-4.011895,166.080597,2.923416,-0.066732,1.267613
1778850758.784352,136.548386,-4.011895,166.080597,2.923416,-0.066732,1.267613
1778850758.7847142,136.548386,-4.011895,166.080597,2.923416,-0.066732,1.267613
1778850758.7850926,136.548386,-4.011895,166.080597,2.923416,-0.066732,1.267613
1778850758.7854846,136.548386,-4.011895,166.080597,2.923416,-0.066732,1.267613
1778850758.7858748,136.548386,-4.011895,166.080597,2.923416,-0.066732,1.267613
1778850758.7862387,136.548386,-4.011895,166.080597,2.923416,-0.066732,1.267613
1778850758.786607,136.548386,-4.011895,166.080597,2.923416,-0.066732,1.267613
1778850758.786991,136.548386,-4.011895,166.080597,2.923416,-0.066732,1.267613
1778850758.7873497,136.548386,-4.011895,166.080597,2.923416,-0.066732,1.267613
1778850758.787712,136.525208,-4.017684,166.07312,2.923511,-0.066695,1.267033
1778850758.7880828,136.525208,-4.017684,166.07312,2.923511,-0.066695,1.267033
1778850758.78844,136.525208,-4.017684,166.07312,2.923511,-0.066695,1.267033
1778850758.7888079,136.525208,-4.017684,166.07312,2.923511,-0.066695,1.267033
1778850758.7891784,136.525208,-4.017684,166.07312,2.923511,-0.066695,1.267033
1778850758.7896113,136.525208,-4.017684,166.07312,2.923511,-0.066695,1.267033
1778850758.7900116,136.525208,-4.017684,166.07312,2.923511,-0.066695,1.267033
1778850758.7903926,136.525208,-4.017684,166.07312,2.923511,-0.066695,1.267033
1778850758.790799,136.525208,-4.017684,166.07312,2.923511,-0.066695,1.267033
1778850758.7911878,136.501999,-4.023465,166.065628,2.923605,-0.066659,1.266453
1778850758.791552,136.501999,-4.023465,166.065628,2.923605,-0.066659,1.266453
1778850758.7919111,136.501999,-4.023465,166.065628,2.923605,-0.066659,1.266453
1778850758.7922726,136.501999,-4.023465,166.065628,2.923605,-0.066659,1.266453
1778850758.7926433,136.501999,-4.023465,166.065628,2.923605,-0.066659,1.266453
1778850758.7930412,136.501999,-4.023465,166.065628,2.923605,-0.066659,1.266453
1778850758.7934241,136.501999,-4.023465,166.065628,2.923605,-0.066659,1.266453
1778850758.793934,136.501999,-4.023465,166.065628,2.923605,-0.066659,1.266453
1778850758.794322,136.501999,-4.023465,166.065628,2.923605,-0.066659,1.266453
1778850758.794728,136.501999,-4.023465,166.065628,2.923605,-0.066659,1.266453
1778850758.7951055,136.47879,-4.029238,166.058151,2.9237,-0.066622,1.265873
1778850758.795482,136.47879,-4.029238,166.058151,2.9237,-0.066622,1.265873
1778850758.7958496,136.47879,-4.029238,166.058151,2.9237,-0.066622,1.265873
1778850758.7962196,136.47879,-4.029238,166.058151,2.9237,-0.066622,1.265873
1778850758.7965906,136.47879,-4.029238,166.058151,2.9237,-0.066622,1.265873
1778850758.7969885,136.47879,-4.029238,166.058151,2.9237,-0.066622,1.265873
1778850758.7973776,136.47879,-4.029238,166.058151,2.9237,-0.066622,1.265873
1778850758.7978523,136.47879,-4.029238,166.058151,2.9237,-0.066622,1.265873
1778850758.7982297,136.47879,-4.029238,166.058151,2.9237,-0.066622,1.265873
1778850758.7986052,136.47879,-4.029238,166.058151,2.9237,-0.066622,1.265873
1778850758.798987,136.47879,-4.029238,166.058151,2.9237,-0.066622,1.265873
1778850758.7993608,136.47879,-4.029238,166.058151,2.9237,-0.066622,1.265873
1778850758.799763,136.455566,-4.035004,166.050659,2.923795,-0.066586,1.265293
1778850758.8001397,136.455566,-4.035004,166.050659,2.923795,-0.066586,1.265293
1778850758.800508,136.455566,-4.035004,166.050659,2.923795,-0.066586,1.265293
1778850758.800879,136.455566,-4.035004,166.050659,2.923795,-0.066586,1.265293
1778850758.801278,136.455566,-4.035004,166.050659,2.923795,-0.066586,1.265293
1778850758.8016517,136.455566,-4.035004,166.050659,2.923795,-0.066586,1.265293
1778850758.802083,136.455566,-4.035004,166.050659,2.923795,-0.066586,1.265293
1778850758.8024573,136.455566,-4.035004,166.050659,2.923795,-0.066586,1.265293
1778850758.8028316,136.455566,-4.035004,166.050659,2.923795,-0.066586,1.265293
1778850758.8032026,136.432327,-4.040761,166.043182,2.92389,-0.066549,1.264712
1778850758.803567,136.432327,-4.040761,166.043182,2.92389,-0.066549,1.264712
1778850758.803951,136.432327,-4.040761,166.043182,2.92389,-0.066549,1.264712
1778850758.804346,136.432327,-4.040761,166.043182,2.92389,-0.066549,1.264712
1778850758.8047137,136.432327,-4.040761,166.043182,2.92389,-0.066549,1.264712
1778850758.8051019,136.432327,-4.040761,166.043182,2.92389,-0.066549,1.264712
1778850758.8055308,136.432327,-4.040761,166.043182,2.92389,-0.066549,1.264712
1778850758.8058956,136.432327,-4.040761,166.043182,2.92389,-0.066549,1.264712
1778850758.8063264,136.432327,-4.040761,166.043182,2.92389,-0.066549,1.264712
1778850758.8067014,136.432327,-4.040761,166.043182,2.92389,-0.066549,1.264712
1778850758.8070807,136.409073,-4.04651,166.03569,2.923985,-0.066512,1.264132
1778850758.807447,136.409073,-4.04651,166.03569,2.923985,-0.066512,1.264132
1778850758.8078144,136.409073,-4.04651,166.03569,2.923985,-0.066512,1.264132
1778850758.8081715,136.409073,-4.04651,166.03569,2.923985,-0.066512,1.264132
1778850758.8085334,136.409073,-4.04651,166.03569,2.923985,-0.066512,1.264132
1778850758.808964,136.409073,-4.04651,166.03569,2.923985,-0.066512,1.264132
1778850758.8093526,136.409073,-4.04651,166.03569,2.923985,-0.066512,1.264132
1778850758.8097339,136.409073,-4.04651,166.03569,2.923985,-0.066512,1.264132
1778850758.8101108,136.409073,-4.04651,166.03569,2.923985,-0.066512,1.264132
1778850758.8104997,136.409073,-4.04651,166.03569,2.923985,-0.066512,1.264132
1778850758.8108919,136.409073,-4.04651,166.03569,2.923985,-0.066512,1.264132
1778850758.8112562,136.409073,-4.04651,166.03569,2.923985,-0.066512,1.264132
1778850758.8116174,136.385803,-4.052251,166.028214,2.924081,-0.066476,1.263552
1778850758.8120184,136.385803,-4.052251,166.028214,2.924081,-0.066476,1.263552
1778850758.8123834,136.385803,-4.052251,166.028214,2.924081,-0.066476,1.263552
1778850758.8127663,136.385803,-4.052251,166.028214,2.924081,-0.066476,1.263552
1778850758.8131635,136.385803,-4.052251,166.028214,2.924081,-0.066476,1.263552
1778850758.8135817,136.385803,-4.052251,166.028214,2.924081,-0.066476,1.263552
1778850758.8140204,136.385803,-4.052251,166.028214,2.924081,-0.066476,1.263552
1778850758.8144178,136.385803,-4.052251,166.028214,2.924081,-0.066476,1.263552
1778850758.8148608,136.362534,-4.057984,166.020721,2.924176,-0.066439,1.262972
1778850758.8153121,136.362534,-4.057984,166.020721,2.924176,-0.066439,1.262972
1778850758.8156748,136.362534,-4.057984,166.020721,2.924176,-0.066439,1.262972
1778850758.8160484,136.362534,-4.057984,166.020721,2.924176,-0.066439,1.262972
1778850758.8164232,136.362534,-4.057984,166.020721,2.924176,-0.066439,1.262972
1778850758.816817,136.362534,-4.057984,166.020721,2.924176,-0.066439,1.262972
1778850758.817183,136.362534,-4.057984,166.020721,2.924176,-0.066439,1.262972
1778850758.8176255,136.362534,-4.057984,166.020721,2.924176,-0.066439,1.262972
1778850758.8180187,136.362534,-4.057984,166.020721,2.924176,-0.066439,1.262972
1778850758.8184,136.362534,-4.057984,166.020721,2.924176,-0.066439,1.262972
1778850758.8187933,136.362534,-4.057984,166.020721,2.924176,-0.066439,1.262972
1778850758.81916,136.339249,-4.063709,166.013229,2.924272,-0.066402,1.262392
1778850758.8195362,136.339249,-4.063709,166.013229,2.924272,-0.066402,1.262392
1778850758.8199148,136.339249,-4.063709,166.013229,2.924272,-0.066402,1.262392
1778850758.8202991,136.339249,-4.063709,166.013229,2.924272,-0.066402,1.262392
1778850758.8206646,136.339249,-4.063709,166.013229,2.924272,-0.066402,1.262392
1778850758.8210661,136.339249,-4.063709,166.013229,2.924272,-0.066402,1.262392
1778850758.8214335,136.339249,-4.063709,166.013229,2.924272,-0.066402,1.262392
1778850758.821841,136.339249,-4.063709,166.013229,2.924272,-0.066402,1.262392
1778850758.82221,136.339249,-4.063709,166.013229,2.924272,-0.066402,1.262392
1778850758.8225887,136.339249,-4.063709,166.013229,2.924272,-0.066402,1.262392
1778850758.8229668,136.315948,-4.069426,166.005753,2.924367,-0.066365,1.261812
1778850758.8233564,136.315948,-4.069426,166.005753,2.924367,-0.066365,1.261812
1778850758.823763,136.315948,-4.069426,166.005753,2.924367,-0.066365,1.261812
1778850758.824199,136.315948,-4.069426,166.005753,2.924367,-0.066365,1.261812
1778850758.8245645,136.315948,-4.069426,166.005753,2.924367,-0.066365,1.261812
1778850758.8249724,136.315948,-4.069426,166.005753,2.924367,-0.066365,1.261812
1778850758.8253589,136.315948,-4.069426,166.005753,2.924367,-0.066365,1.261812
1778850758.8257267,136.315948,-4.069426,166.005753,2.924367,-0.066365,1.261812
1778850758.8260994,136.315948,-4.069426,166.005753,2.924367,-0.066365,1.261812
1778850758.8264742,136.315948,-4.069426,166.005753,2.924367,-0.066365,1.261812
1778850758.826848,136.292633,-4.075134,165.99826,2.924463,-0.066328,1.261232
1778850758.8272223,136.292633,-4.075134,165.99826,2.924463,-0.066328,1.261232
1778850758.8276012,136.292633,-4.075134,165.99826,2.924463,-0.066328,1.261232
1778850758.8279982,136.292633,-4.075134,165.99826,2.924463,-0.066328,1.261232
1778850758.828378,136.292633,-4.075134,165.99826,2.924463,-0.066328,1.261232
1778850758.828782,136.292633,-4.075134,165.99826,2.924463,-0.066328,1.261232
1778850758.8291738,136.292633,-4.075134,165.99826,2.924463,-0.066328,1.261232
1778850758.8295827,136.292633,-4.075134,165.99826,2.924463,-0.066328,1.261232
1778850758.830004,136.292633,-4.075134,165.99826,2.924463,-0.066328,1.261232
1778850758.8303974,136.292633,-4.075134,165.99826,2.924463,-0.066328,1.261232
1778850758.8307831,136.292633,-4.075134,165.99826,2.924463,-0.066328,1.261232
1778850758.831197,136.269318,-4.080835,165.990768,2.924559,-0.066292,1.260652
1778850758.8315723,136.269318,-4.080835,165.990768,2.924559,-0.066292,1.260652
1778850758.8319578,136.269318,-4.080835,165.990768,2.924559,-0.066292,1.260652
1778850758.8323119,136.269318,-4.080835,165.990768,2.924559,-0.066292,1.260652
1778850758.832692,136.269318,-4.080835,165.990768,2.924559,-0.066292,1.260652
1778850758.8330808,136.269318,-4.080835,165.990768,2.924559,-0.066292,1.260652
1778850758.8334546,136.269318,-4.080835,165.990768,2.924559,-0.066292,1.260652
1778850758.8338864,136.269318,-4.080835,165.990768,2.924559,-0.066292,1.260652
1778850758.8343382,136.269318,-4.080835,165.990768,2.924559,-0.066292,1.260652
1778850758.8347216,136.269318,-4.080835,165.990768,2.924559,-0.066292,1.260652
1778850758.835084,136.245987,-4.086528,165.983292,2.924654,-0.066255,1.260072
1778850758.8354688,136.245987,-4.086528,165.983292,2.924654,-0.066255,1.260072
1778850758.8358407,136.245987,-4.086528,165.983292,2.924654,-0.066255,1.260072
1778850758.836204,136.245987,-4.086528,165.983292,2.924654,-0.066255,1.260072
1778850758.836567,136.245987,-4.086528,165.983292,2.924654,-0.066255,1.260072
1778850758.8369343,136.245987,-4.086528,165.983292,2.924654,-0.066255,1.260072
1778850758.8373601,136.245987,-4.086528,165.983292,2.924654,-0.066255,1.260072
1778850758.8377695,136.245987,-4.086528,165.983292,2.924654,-0.066255,1.260072
1778850758.8381557,136.245987,-4.086528,165.983292,2.924654,-0.066255,1.260072
1778850758.8385603,136.245987,-4.086528,165.983292,2.924654,-0.066255,1.260072
1778850758.838934,136.222641,-4.092212,165.9758,2.924751,-0.066218,1.259492
1778850758.8393066,136.222641,-4.092212,165.9758,2.924751,-0.066218,1.259492
1778850758.8396792,136.222641,-4.092212,165.9758,2.924751,-0.066218,1.259492
1778850758.8400605,136.222641,-4.092212,165.9758,2.924751,-0.066218,1.259492
1778850758.8404477,136.222641,-4.092212,165.9758,2.924751,-0.066218,1.259492
1778850758.8408887,136.222641,-4.092212,165.9758,2.924751,-0.066218,1.259492
1778850758.8413188,136.222641,-4.092212,165.9758,2.924751,-0.066218,1.259492
1778850758.8416827,136.222641,-4.092212,165.9758,2.924751,-0.066218,1.259492
1778850758.8421063,136.222641,-4.092212,165.9758,2.924751,-0.066218,1.259492
1778850758.8424785,136.222641,-4.092212,165.9758,2.924751,-0.066218,1.259492
1778850758.8428485,136.19928,-4.097888,165.968307,2.924847,-0.066181,1.258912
1778850758.8432193,136.19928,-4.097888,165.968307,2.924847,-0.066181,1.258912
1778850758.843599,136.19928,-4.097888,165.968307,2.924847,-0.066181,1.258912
1778850758.8440037,136.19928,-4.097888,165.968307,2.924847,-0.066181,1.258912
1778850758.844376,136.19928,-4.097888,165.968307,2.924847,-0.066181,1.258912
1778850758.8447611,136.19928,-4.097888,165.968307,2.924847,-0.066181,1.258912
1778850758.8451946,136.19928,-4.097888,165.968307,2.924847,-0.066181,1.258912
1778850758.8455937,136.19928,-4.097888,165.968307,2.924847,-0.066181,1.258912
1778850758.845983,136.19928,-4.097888,165.968307,2.924847,-0.066181,1.258912
1778850758.8463464,136.19928,-4.097888,165.968307,2.924847,-0.066181,1.258912
1778850758.8467188,136.19928,-4.097888,165.968307,2.924847,-0.066181,1.258912
1778850758.8470955,136.175903,-4.103557,165.960815,2.924943,-0.066144,1.258332
1778850758.8474646,136.175903,-4.103557,165.960815,2.924943,-0.066144,1.258332
1778850758.8478296,136.175903,-4.103557,165.960815,2.924943,-0.066144,1.258332
1778850758.8481996,136.175903,-4.103557,165.960815,2.924943,-0.066144,1.258332
1778850758.848579,136.175903,-4.103557,165.960815,2.924943,-0.066144,1.258332
1778850758.8489668,136.175903,-4.103557,165.960815,2.924943,-0.066144,1.258332
1778850758.8493924,136.175903,-4.103557,165.960815,2.924943,-0.066144,1.258332
1778850758.849814,136.175903,-4.103557,165.960815,2.924943,-0.066144,1.258332
1778850758.850232,136.175903,-4.103557,165.960815,2.924943,-0.066144,1.258332
1778850758.8506088,136.175903,-4.103557,165.960815,2.924943,-0.066144,1.258332
1778850758.8509889,136.152527,-4.109217,165.953339,2.925039,-0.066107,1.257752
1778850758.8513541,136.152527,-4.109217,165.953339,2.925039,-0.066107,1.257752
1778850758.851715,136.152527,-4.109217,165.953339,2.925039,-0.066107,1.257752
1778850758.8520863,136.152527,-4.109217,165.953339,2.925039,-0.066107,1.257752
1778850758.8524516,136.152527,-4.109217,165.953339,2.925039,-0.066107,1.257752
1778850758.8528378,136.152527,-4.109217,165.953339,2.925039,-0.066107,1.257752
1778850758.853216,136.152527,-4.109217,165.953339,2.925039,-0.066107,1.257752
1778850758.8536177,136.152527,-4.109217,165.953339,2.925039,-0.066107,1.257752
1778850758.854127,136.152527,-4.109217,165.953339,2.925039,-0.066107,1.257752
1778850758.854528,136.152527,-4.109217,165.953339,2.925039,-0.066107,1.257752
1778850758.8549254,136.129135,-4.114869,165.945847,2.925136,-0.06607,1.257172
1778850758.8552964,136.129135,-4.114869,165.945847,2.925136,-0.06607,1.257172
1778850758.8556669,136.129135,-4.114869,165.945847,2.925136,-0.06607,1.257172
1778850758.8560543,136.129135,-4.114869,165.945847,2.925136,-0.06607,1.257172
1778850758.8564122,136.129135,-4.114869,165.945847,2.925136,-0.06607,1.257172
1778850758.8567863,136.129135,-4.114869,165.945847,2.925136,-0.06607,1.257172
1778850758.8571625,136.129135,-4.114869,165.945847,2.925136,-0.06607,1.257172
1778850758.8575683,136.129135,-4.114869,165.945847,2.925136,-0.06607,1.257172
1778850758.8579495,136.129135,-4.114869,165.945847,2.925136,-0.06607,1.257172
1778850758.8583622,136.129135,-4.114869,165.945847,2.925136,-0.06607,1.257172
1778850758.8587322,136.129135,-4.114869,165.945847,2.925136,-0.06607,1.257172
1778850758.8591068,136.105728,-4.120512,165.938354,2.925232,-0.066033,1.256592
1778850758.8594697,136.105728,-4.120512,165.938354,2.925232,-0.066033,1.256592
1778850758.8598425,136.105728,-4.120512,165.938354,2.925232,-0.066033,1.256592
1778850758.8602343,136.105728,-4.120512,165.938354,2.925232,-0.066033,1.256592
1778850758.8605986,136.105728,-4.120512,165.938354,2.925232,-0.066033,1.256592
1778850758.860971,136.105728,-4.120512,165.938354,2.925232,-0.066033,1.256592
1778850758.8613484,136.105728,-4.120512,165.938354,2.925232,-0.066033,1.256592
1778850758.8617268,136.105728,-4.120512,165.938354,2.925232,-0.066033,1.256592
1778850758.8621442,136.105728,-4.120512,165.938354,2.925232,-0.066033,1.256592
1778850758.8625085,136.105728,-4.120512,165.938354,2.925232,-0.066033,1.256592
1778850758.8628743,136.082306,-4.126147,165.930862,2.925329,-0.065996,1.256012
1778850758.863244,136.082306,-4.126147,165.930862,2.925329,-0.065996,1.256012
1778850758.863615,136.082306,-4.126147,165.930862,2.925329,-0.065996,1.256012
1778850758.863995,136.082306,-4.126147,165.930862,2.925329,-0.065996,1.256012
1778850758.864389,136.082306,-4.126147,165.930862,2.925329,-0.065996,1.256012
1778850758.8647714,136.082306,-4.126147,165.930862,2.925329,-0.065996,1.256012
1778850758.865136,136.082306,-4.126147,165.930862,2.925329,-0.065996,1.256012
1778850758.8655436,136.082306,-4.126147,165.930862,2.925329,-0.065996,1.256012
1778850758.8659098,136.082306,-4.126147,165.930862,2.925329,-0.065996,1.256012
1778850758.8662782,136.082306,-4.126147,165.930862,2.925329,-0.065996,1.256012
1778850758.866652,136.082306,-4.126147,165.930862,2.925329,-0.065996,1.256012
1778850758.8670335,136.058868,-4.131774,165.92337,2.925426,-0.065959,1.255432
1778850758.8674324,136.058868,-4.131774,165.92337,2.925426,-0.065959,1.255432
1778850758.8678114,136.058868,-4.131774,165.92337,2.925426,-0.065959,1.255432
1778850758.8681798,136.058868,-4.131774,165.92337,2.925426,-0.065959,1.255432
1778850758.8685465,136.058868,-4.131774,165.92337,2.925426,-0.065959,1.255432
1778850758.868912,136.058868,-4.131774,165.92337,2.925426,-0.065959,1.255432
1778850758.8693383,136.058868,-4.131774,165.92337,2.925426,-0.065959,1.255432
1778850758.86971,136.058868,-4.131774,165.92337,2.925426,-0.065959,1.255432
1778850758.8701203,136.058868,-4.131774,165.92337,2.925426,-0.065959,1.255432
1778850758.8705173,136.058868,-4.131774,165.92337,2.925426,-0.065959,1.255432
1778850758.8708925,136.058868,-4.131774,165.92337,2.925426,-0.065959,1.255432
1778850758.8713055,136.058868,-4.131774,165.92337,2.925426,-0.065959,1.255432
1778850758.8716707,136.035431,-4.137393,165.915894,2.925522,-0.065922,1.254852
1778850758.8720484,136.035431,-4.137393,165.915894,2.925522,-0.065922,1.254852
1778850758.8724067,136.035431,-4.137393,165.915894,2.925522,-0.065922,1.254852
1778850758.8727744,136.035431,-4.137393,165.915894,2.925522,-0.065922,1.254852
1778850758.8731465,136.035431,-4.137393,165.915894,2.925522,-0.065922,1.254852
1778850758.8735797,136.035431,-4.137393,165.915894,2.925522,-0.065922,1.254852
1778850758.8740048,136.035431,-4.137393,165.915894,2.925522,-0.065922,1.254852
1778850758.874389,136.035431,-4.137393,165.915894,2.925522,-0.065922,1.254852
1778850758.8748224,136.011978,-4.143004,165.908401,2.925619,-0.065885,1.254272
1778850758.8752182,136.011978,-4.143004,165.908401,2.925619,-0.065885,1.254272
1778850758.87562,136.011978,-4.143004,165.908401,2.925619,-0.065885,1.254272
1778850758.8760104,136.011978,-4.143004,165.908401,2.925619,-0.065885,1.254272
1778850758.8763902,136.011978,-4.143004,165.908401,2.925619,-0.065885,1.254272
1778850758.876765,136.011978,-4.143004,165.908401,2.925619,-0.065885,1.254272
1778850758.8771713,136.011978,-4.143004,165.908401,2.925619,-0.065885,1.254272
1778850758.8776205,136.011978,-4.143004,165.908401,2.925619,-0.065885,1.254272
1778850758.878015,136.011978,-4.143004,165.908401,2.925619,-0.065885,1.254272
1778850758.8783946,136.011978,-4.143004,165.908401,2.925619,-0.065885,1.254272
1778850758.8787742,136.011978,-4.143004,165.908401,2.925619,-0.065885,1.254272
1778850758.8791451,135.98851,-4.148606,165.900909,2.925716,-0.065848,1.253692
1778850758.8795075,135.98851,-4.148606,165.900909,2.925716,-0.065848,1.253692
1778850758.8798869,135.98851,-4.148606,165.900909,2.925716,-0.065848,1.253692
1778850758.8802505,135.98851,-4.148606,165.900909,2.925716,-0.065848,1.253692
1778850758.8806431,135.98851,-4.148606,165.900909,2.925716,-0.065848,1.253692
1778850758.8810794,135.98851,-4.148606,165.900909,2.925716,-0.065848,1.253692
1778850758.8814936,135.98851,-4.148606,165.900909,2.925716,-0.065848,1.253692
1778850758.8818913,135.98851,-4.148606,165.900909,2.925716,-0.065848,1.253692
1778850758.8823476,135.98851,-4.148606,165.900909,2.925716,-0.065848,1.253692
1778850758.8827333,135.98851,-4.148606,165.900909,2.925716,-0.065848,1.253692
1778850758.8831475,135.965027,-4.1542,165.893417,2.925813,-0.065811,1.253113
1778850758.8835285,135.965027,-4.1542,165.893417,2.925813,-0.065811,1.253113
1778850758.8839016,135.965027,-4.1542,165.893417,2.925813,-0.065811,1.253113
1778850758.884262,135.965027,-4.1542,165.893417,2.925813,-0.065811,1.253113
1778850758.8846211,135.965027,-4.1542,165.893417,2.925813,-0.065811,1.253113
1778850758.885053,135.965027,-4.1542,165.893417,2.925813,-0.065811,1.253113
1778850758.8854396,135.965027,-4.1542,165.893417,2.925813,-0.065811,1.253113
1778850758.8858566,135.965027,-4.1542,165.893417,2.925813,-0.065811,1.253113
1778850758.8862643,135.965027,-4.1542,165.893417,2.925813,-0.065811,1.253113
1778850758.8866358,135.965027,-4.1542,165.893417,2.925813,-0.065811,1.253113
1778850758.886999,135.941544,-4.159786,165.885925,2.925911,-0.065773,1.252533
1778850758.8873765,135.941544,-4.159786,165.885925,2.925911,-0.065773,1.252533
1778850758.887749,135.941544,-4.159786,165.885925,2.925911,-0.065773,1.252533
1778850758.8881142,135.941544,-4.159786,165.885925,2.925911,-0.065773,1.252533
1778850758.8884745,135.941544,-4.159786,165.885925,2.925911,-0.065773,1.252533
1778850758.8888514,135.941544,-4.159786,165.885925,2.925911,-0.065773,1.252533
1778850758.8892593,135.941544,-4.159786,165.885925,2.925911,-0.065773,1.252533
1778850758.8896902,135.941544,-4.159786,165.885925,2.925911,-0.065773,1.252533
1778850758.8901417,135.941544,-4.159786,165.885925,2.925911,-0.065773,1.252533
1778850758.8905146,135.941544,-4.159786,165.885925,2.925911,-0.065773,1.252533
1778850758.8908887,135.918045,-4.165363,165.878433,2.926008,-0.065736,1.251953
1778850758.8912737,135.918045,-4.165363,165.878433,2.926008,-0.065736,1.251953
1778850758.8916698,135.918045,-4.165363,165.878433,2.926008,-0.065736,1.251953
1778850758.8920481,135.918045,-4.165363,165.878433,2.926008,-0.065736,1.251953
1778850758.8924162,135.918045,-4.165363,165.878433,2.926008,-0.065736,1.251953
1778850758.8927946,135.918045,-4.165363,165.878433,2.926008,-0.065736,1.251953
1778850758.8931668,135.918045,-4.165363,165.878433,2.926008,-0.065736,1.251953
1778850758.8936014,135.918045,-4.165363,165.878433,2.926008,-0.065736,1.251953
1778850758.8939698,135.918045,-4.165363,165.878433,2.926008,-0.065736,1.251953
1778850758.8943357,135.918045,-4.165363,165.878433,2.926008,-0.065736,1.251953
1778850758.8947139,135.918045,-4.165363,165.878433,2.926008,-0.065736,1.251953
1778850758.8950956,135.894531,-4.170932,165.870941,2.926105,-0.065699,1.251373
1778850758.8954513,135.894531,-4.170932,165.870941,2.926105,-0.065699,1.251373
1778850758.8958538,135.894531,-4.170932,165.870941,2.926105,-0.065699,1.251373
1778850758.8962326,135.894531,-4.170932,165.870941,2.926105,-0.065699,1.251373
1778850758.8965876,135.894531,-4.170932,165.870941,2.926105,-0.065699,1.251373
1778850758.896963,135.894531,-4.170932,165.870941,2.926105,-0.065699,1.251373
1778850758.8973496,135.894531,-4.170932,165.870941,2.926105,-0.065699,1.251373
1778850758.897726,135.894531,-4.170932,165.870941,2.926105,-0.065699,1.251373
1778850758.8981092,135.894531,-4.170932,165.870941,2.926105,-0.065699,1.251373
1778850758.8984747,135.894531,-4.170932,165.870941,2.926105,-0.065699,1.251373
1778850758.898844,135.871002,-4.176493,165.863449,2.926203,-0.065662,1.250793
1778850758.8992233,135.871002,-4.176493,165.863449,2.926203,-0.065662,1.250793
1778850758.8995857,135.871002,-4.176493,165.863449,2.926203,-0.065662,1.250793
1778850758.8999646,135.871002,-4.176493,165.863449,2.926203,-0.065662,1.250793
1778850758.900332,135.871002,-4.176493,165.863449,2.926203,-0.065662,1.250793
1778850758.9007027,135.871002,-4.176493,165.863449,2.926203,-0.065662,1.250793
1778850758.9011047,135.871002,-4.176493,165.863449,2.926203,-0.065662,1.250793
1778850758.9014666,135.871002,-4.176493,165.863449,2.926203,-0.065662,1.250793
1778850758.9018679,135.871002,-4.176493,165.863449,2.926203,-0.065662,1.250793
1778850758.9022448,135.871002,-4.176493,165.863449,2.926203,-0.065662,1.250793
1778850758.90263,135.871002,-4.176493,165.863449,2.926203,-0.065662,1.250793
1778850758.9030144,135.847458,-4.182045,165.855957,2.926301,-0.065625,1.250214
1778850758.9034038,135.847458,-4.182045,165.855957,2.926301,-0.065625,1.250214
1778850758.9037752,135.847458,-4.182045,165.855957,2.926301,-0.065625,1.250214
1778850758.9041672,135.847458,-4.182045,165.855957,2.926301,-0.065625,1.250214
1778850758.9045355,135.847458,-4.182045,165.855957,2.926301,-0.065625,1.250214
1778850758.9049287,135.847458,-4.182045,165.855957,2.926301,-0.065625,1.250214
1778850758.9053347,135.847458,-4.182045,165.855957,2.926301,-0.065625,1.250214
1778850758.905702,135.847458,-4.182045,165.855957,2.926301,-0.065625,1.250214
1778850758.906083,135.847458,-4.182045,165.855957,2.926301,-0.065625,1.250214
1778850758.9064643,135.847458,-4.182045,165.855957,2.926301,-0.065625,1.250214
1778850758.9068358,135.847458,-4.182045,165.855957,2.926301,-0.065625,1.250214
1778850758.907195,135.823914,-4.187588,165.848465,2.926399,-0.065587,1.249634
1778850758.9075544,135.823914,-4.187588,165.848465,2.926399,-0.065587,1.249634
1778850758.9079132,135.823914,-4.187588,165.848465,2.926399,-0.065587,1.249634
1778850758.9082787,135.823914,-4.187588,165.848465,2.926399,-0.065587,1.249634
1778850758.9086442,135.823914,-4.187588,165.848465,2.926399,-0.065587,1.249634
1778850758.9090948,135.823914,-4.187588,165.848465,2.926399,-0.065587,1.249634
1778850758.9094694,135.823914,-4.187588,165.848465,2.926399,-0.065587,1.249634
1778850758.9098444,135.823914,-4.187588,165.848465,2.926399,-0.065587,1.249634
1778850758.910229,135.823914,-4.187588,165.848465,2.926399,-0.065587,1.249634
1778850758.9106035,135.823914,-4.187588,165.848465,2.926399,-0.065587,1.249634
1778850758.910978,135.800354,-4.193124,165.840973,2.926496,-0.06555,1.249054
1778850758.91136,135.800354,-4.193124,165.840973,2.926496,-0.06555,1.249054
1778850758.9117215,135.800354,-4.193124,165.840973,2.926496,-0.06555,1.249054
1778850758.912101,135.800354,-4.193124,165.840973,2.926496,-0.06555,1.249054
1778850758.912462,135.800354,-4.193124,165.840973,2.926496,-0.06555,1.249054
1778850758.912859,135.800354,-4.193124,165.840973,2.926496,-0.06555,1.249054
1778850758.913249,135.800354,-4.193124,165.840973,2.926496,-0.06555,1.249054
1778850758.9136405,135.800354,-4.193124,165.840973,2.926496,-0.06555,1.249054
1778850758.914118,135.800354,-4.193124,165.840973,2.926496,-0.06555,1.249054
1778850758.9145062,135.800354,-4.193124,165.840973,2.926496,-0.06555,1.249054
1778850758.9148922,135.776779,-4.198651,165.833481,2.926594,-0.065513,1.248474
1778850758.9152563,135.776779,-4.198651,165.833481,2.926594,-0.065513,1.248474
1778850758.915616,135.776779,-4.198651,165.833481,2.926594,-0.065513,1.248474
1778850758.9159815,135.776779,-4.198651,165.833481,2.926594,-0.065513,1.248474
1778850758.916351,135.776779,-4.198651,165.833481,2.926594,-0.065513,1.248474
1778850758.9167204,135.776779,-4.198651,165.833481,2.926594,-0.065513,1.248474
1778850758.9171207,135.776779,-4.198651,165.833481,2.926594,-0.065513,1.248474
1778850758.9175053,135.776779,-4.198651,165.833481,2.926594,-0.065513,1.248474
1778850758.9178839,135.776779,-4.198651,165.833481,2.926594,-0.065513,1.248474
1778850758.9182644,135.776779,-4.198651,165.833481,2.926594,-0.065513,1.248474
1778850758.918631,135.776779,-4.198651,165.833481,2.926594,-0.065513,1.248474
1778850758.9190395,135.753204,-4.204169,165.825989,2.926692,-0.065475,1.247894
1778850758.919406,135.753204,-4.204169,165.825989,2.926692,-0.065475,1.247894
1778850758.9197824,135.753204,-4.204169,165.825989,2.926692,-0.065475,1.247894
1778850758.9201448,135.753204,-4.204169,165.825989,2.926692,-0.065475,1.247894
1778850758.9205067,135.753204,-4.204169,165.825989,2.926692,-0.065475,1.247894
1778850758.9208908,135.753204,-4.204169,165.825989,2.926692,-0.065475,1.247894
1778850758.9213517,135.753204,-4.204169,165.825989,2.926692,-0.065475,1.247894
1778850758.9217715,135.753204,-4.204169,165.825989,2.926692,-0.065475,1.247894
1778850758.922172,135.753204,-4.204169,165.825989,2.926692,-0.065475,1.247894
1778850758.922571,135.753204,-4.204169,165.825989,2.926692,-0.065475,1.247894
1778850758.922974,135.729599,-4.20968,165.818497,2.92679,-0.065438,1.247315
1778850758.923382,135.729599,-4.20968,165.818497,2.92679,-0.065438,1.247315
1778850758.9238527,135.729599,-4.20968,165.818497,2.92679,-0.065438,1.247315
1778850758.9242635,135.729599,-4.20968,165.818497,2.92679,-0.065438,1.247315
1778850758.9246824,135.729599,-4.20968,165.818497,2.92679,-0.065438,1.247315
1778850758.9251363,135.729599,-4.20968,165.818497,2.92679,-0.065438,1.247315
1778850758.9255757,135.729599,-4.20968,165.818497,2.92679,-0.065438,1.247315
1778850758.9260216,135.729599,-4.20968,165.818497,2.92679,-0.065438,1.247315
1778850758.926404,135.729599,-4.20968,165.818497,2.92679,-0.065438,1.247315
1778850758.9267702,135.729599,-4.20968,165.818497,2.92679,-0.065438,1.247315
1778850758.9271395,135.705994,-4.215181,165.811005,2.926889,-0.065401,1.246735
1778850758.9275694,135.705994,-4.215181,165.811005,2.926889,-0.065401,1.246735
1778850758.927941,135.705994,-4.215181,165.811005,2.926889,-0.065401,1.246735
1778850758.928296,135.705994,-4.215181,165.811005,2.926889,-0.065401,1.246735
1778850758.928659,135.705994,-4.215181,165.811005,2.926889,-0.065401,1.246735
1778850758.9290895,135.705994,-4.215181,165.811005,2.926889,-0.065401,1.246735
1778850758.929454,135.705994,-4.215181,165.811005,2.926889,-0.065401,1.246735
1778850758.9298823,135.705994,-4.215181,165.811005,2.926889,-0.065401,1.246735
1778850758.930292,135.705994,-4.215181,165.811005,2.926889,-0.065401,1.246735
1778850758.9307964,135.705994,-4.215181,165.811005,2.926889,-0.065401,1.246735
1778850758.9311733,135.682373,-4.220674,165.803513,2.926987,-0.065363,1.246155
1778850758.9315383,135.682373,-4.220674,165.803513,2.926987,-0.065363,1.246155
1778850758.9319384,135.682373,-4.220674,165.803513,2.926987,-0.065363,1.246155
1778850758.932309,135.682373,-4.220674,165.803513,2.926987,-0.065363,1.246155
1778850758.9326785,135.682373,-4.220674,165.803513,2.926987,-0.065363,1.246155
1778850758.9330919,135.682373,-4.220674,165.803513,2.926987,-0.065363,1.246155
1778850758.9334717,135.682373,-4.220674,165.803513,2.926987,-0.065363,1.246155
1778850758.9338965,135.682373,-4.220674,165.803513,2.926987,-0.065363,1.246155
1778850758.9342647,135.682373,-4.220674,165.803513,2.926987,-0.065363,1.246155
1778850758.9346328,135.682373,-4.220674,165.803513,2.926987,-0.065363,1.246155
1778850758.9350252,135.658752,-4.226159,165.796021,2.927086,-0.065326,1.245576
1778850758.9353886,135.658752,-4.226159,165.796021,2.927086,-0.065326,1.245576
1778850758.9357624,135.658752,-4.226159,165.796021,2.927086,-0.065326,1.245576
1778850758.936135,135.658752,-4.226159,165.796021,2.927086,-0.065326,1.245576
1778850758.9364896,135.658752,-4.226159,165.796021,2.927086,-0.065326,1.245576
1778850758.9369254,135.658752,-4.226159,165.796021,2.927086,-0.065326,1.245576
1778850758.9373574,135.658752,-4.226159,165.796021,2.927086,-0.065326,1.245576
1778850758.937762,135.658752,-4.226159,165.796021,2.927086,-0.065326,1.245576
1778850758.9381716,135.658752,-4.226159,165.796021,2.927086,-0.065326,1.245576
1778850758.9386113,135.658752,-4.226159,165.796021,2.927086,-0.065326,1.245576
1778850758.9390216,135.635101,-4.231635,165.788528,2.927184,-0.065288,1.244996
1778850758.939398,135.635101,-4.231635,165.788528,2.927184,-0.065288,1.244996
1778850758.9397972,135.635101,-4.231635,165.788528,2.927184,-0.065288,1.244996
1778850758.9401786,135.635101,-4.231635,165.788528,2.927184,-0.065288,1.244996
1778850758.9405715,135.635101,-4.231635,165.788528,2.927184,-0.065288,1.244996
1778850758.9410017,135.635101,-4.231635,165.788528,2.927184,-0.065288,1.244996
1778850758.941552,135.635101,-4.231635,165.788528,2.927184,-0.065288,1.244996
1778850758.9420154,135.635101,-4.231635,165.788528,2.927184,-0.065288,1.244996
1778850758.942446,135.635101,-4.231635,165.788528,2.927184,-0.065288,1.244996
1778850758.9428775,135.635101,-4.231635,165.788528,2.927184,-0.065288,1.244996
1778850758.9433427,135.61145,-4.237103,165.781021,2.927283,-0.065251,1.244416
1778850758.9437573,135.61145,-4.237103,165.781021,2.927283,-0.065251,1.244416
1778850758.9442184,135.61145,-4.237103,165.781021,2.927283,-0.065251,1.244416
1778850758.9446578,135.61145,-4.237103,165.781021,2.927283,-0.065251,1.244416
1778850758.9451368,135.61145,-4.237103,165.781021,2.927283,-0.065251,1.244416
1778850758.9455786,135.61145,-4.237103,165.781021,2.927283,-0.065251,1.244416
1778850758.9459925,135.61145,-4.237103,165.781021,2.927283,-0.065251,1.244416
1778850758.9463894,135.61145,-4.237103,165.781021,2.927283,-0.065251,1.244416
1778850758.9467738,135.61145,-4.237103,165.781021,2.927283,-0.065251,1.244416
1778850758.9471502,135.587784,-4.242561,165.773529,2.927382,-0.065213,1.243837
1778850758.9475157,135.587784,-4.242561,165.773529,2.927382,-0.065213,1.243837
1778850758.9478908,135.587784,-4.242561,165.773529,2.927382,-0.065213,1.243837
1778850758.9482348,135.587784,-4.242561,165.773529,2.927382,-0.065213,1.243837
1778850758.9485908,135.587784,-4.242561,165.773529,2.927382,-0.065213,1.243837
1778850758.9489415,135.587784,-4.242561,165.773529,2.927382,-0.065213,1.243837
1778850758.9493573,135.587784,-4.242561,165.773529,2.927382,-0.065213,1.243837
1778850758.9497135,135.587784,-4.242561,165.773529,2.927382,-0.065213,1.243837
1778850758.950113,135.587784,-4.242561,165.773529,2.927382,-0.065213,1.243837
1778850758.9504507,135.587784,-4.242561,165.773529,2.927382,-0.065213,1.243837
1778850758.9507942,135.564117,-4.248012,165.766037,2.927481,-0.065176,1.243257
1778850758.9511297,135.564117,-4.248012,165.766037,2.927481,-0.065176,1.243257
1778850758.9514658,135.564117,-4.248012,165.766037,2.927481,-0.065176,1.243257
1778850758.9518144,135.564117,-4.248012,165.766037,2.927481,-0.065176,1.243257
1778850758.9521592,135.564117,-4.248012,165.766037,2.927481,-0.065176,1.243257
1778850758.9524984,135.564117,-4.248012,165.766037,2.927481,-0.065176,1.243257
1778850758.9528437,135.564117,-4.248012,165.766037,2.927481,-0.065176,1.243257
1778850758.9532156,135.564117,-4.248012,165.766037,2.927481,-0.065176,1.243257
1778850758.9536152,135.564117,-4.248012,165.766037,2.927481,-0.065176,1.243257
1778850758.9539754,135.564117,-4.248012,165.766037,2.927481,-0.065176,1.243257
1778850758.954337,135.564117,-4.248012,165.766037,2.927481,-0.065176,1.243257
1778850758.9546971,135.564117,-4.248012,165.766037,2.927481,-0.065176,1.243257
1778850758.955071,135.540421,-4.253454,165.758545,2.92758,-0.065138,1.242677
1778850758.9554431,135.540421,-4.253454,165.758545,2.92758,-0.065138,1.242677
1778850758.9558167,135.540421,-4.253454,165.758545,2.92758,-0.065138,1.242677
1778850758.9561822,135.540421,-4.253454,165.758545,2.92758,-0.065138,1.242677
1778850758.9565527,135.540421,-4.253454,165.758545,2.92758,-0.065138,1.242677
1778850758.956926,135.540421,-4.253454,165.758545,2.92758,-0.065138,1.242677
1778850758.9574018,135.540421,-4.253454,165.758545,2.92758,-0.065138,1.242677
1778850758.9578018,135.540421,-4.253454,165.758545,2.92758,-0.065138,1.242677
1778850758.9582462,135.540421,-4.253454,165.758545,2.92758,-0.065138,1.242677
1778850758.9586563,135.540421,-4.253454,165.758545,2.92758,-0.065138,1.242677
1778850758.9590507,135.516724,-4.258887,165.751053,2.927679,-0.065101,1.242098
1778850758.9594176,135.516724,-4.258887,165.751053,2.927679,-0.065101,1.242098
1778850758.9597979,135.516724,-4.258887,165.751053,2.927679,-0.065101,1.242098
1778850758.9601648,135.516724,-4.258887,165.751053,2.927679,-0.065101,1.242098
1778850758.960532,135.516724,-4.258887,165.751053,2.927679,-0.065101,1.242098
1778850758.9608943,135.516724,-4.258887,165.751053,2.927679,-0.065101,1.242098
1778850758.961276,135.516724,-4.258887,165.751053,2.927679,-0.065101,1.242098
1778850758.9616644,135.516724,-4.258887,165.751053,2.927679,-0.065101,1.242098
1778850758.9620793,135.516724,-4.258887,165.751053,2.927679,-0.065101,1.242098
1778850758.9624517,135.516724,-4.258887,165.751053,2.927679,-0.065101,1.242098
1778850758.9632232,135.493011,-4.264312,165.743561,2.927778,-0.065063,1.241518
1778850758.9636126,135.493011,-4.264312,165.743561,2.927778,-0.065063,1.241518
1778850758.9639957,135.493011,-4.264312,165.743561,2.927778,-0.065063,1.241518
1778850758.9643767,135.493011,-4.264312,165.743561,2.927778,-0.065063,1.241518
1778850758.9647748,135.493011,-4.264312,165.743561,2.927778,-0.065063,1.241518
1778850758.9651709,135.493011,-4.264312,165.743561,2.927778,-0.065063,1.241518
1778850758.965572,135.493011,-4.264312,165.743561,2.927778,-0.065063,1.241518
1778850758.9659781,135.493011,-4.264312,165.743561,2.927778,-0.065063,1.241518
1778850758.966351,135.493011,-4.264312,165.743561,2.927778,-0.065063,1.241518
1778850758.9667244,135.493011,-4.264312,165.743561,2.927778,-0.065063,1.241518
1778850758.9670894,135.469284,-4.269728,165.736069,2.927877,-0.065025,1.240939
1778850758.967465,135.469284,-4.269728,165.736069,2.927877,-0.065025,1.240939
1778850758.96783,135.469284,-4.269728,165.736069,2.927877,-0.065025,1.240939
1778850758.9681895,135.469284,-4.269728,165.736069,2.927877,-0.065025,1.240939
1778850758.9685469,135.469284,-4.269728,165.736069,2.927877,-0.065025,1.240939
1778850758.9689078,135.469284,-4.269728,165.736069,2.927877,-0.065025,1.240939
1778850758.9693222,135.469284,-4.269728,165.736069,2.927877,-0.065025,1.240939
1778850758.969689,135.469284,-4.269728,165.736069,2.927877,-0.065025,1.240939
1778850758.970082,135.469284,-4.269728,165.736069,2.927877,-0.065025,1.240939
1778850758.9705355,135.469284,-4.269728,165.736069,2.927877,-0.065025,1.240939
1778850758.9709306,135.445557,-4.275135,165.728561,2.927977,-0.064988,1.240359
1778850758.9713004,135.445557,-4.275135,165.728561,2.927977,-0.064988,1.240359
1778850758.971668,135.445557,-4.275135,165.728561,2.927977,-0.064988,1.240359
1778850758.9720538,135.445557,-4.275135,165.728561,2.927977,-0.064988,1.240359
1778850758.9724321,135.445557,-4.275135,165.728561,2.927977,-0.064988,1.240359
1778850758.972849,135.445557,-4.275135,165.728561,2.927977,-0.064988,1.240359
1778850758.9732716,135.445557,-4.275135,165.728561,2.927977,-0.064988,1.240359
1778850758.973678,135.445557,-4.275135,165.728561,2.927977,-0.064988,1.240359
1778850758.9741035,135.445557,-4.275135,165.728561,2.927977,-0.064988,1.240359
1778850758.9745216,135.445557,-4.275135,165.728561,2.927977,-0.064988,1.240359
1778850758.9748876,135.421814,-4.280534,165.721069,2.928076,-0.06495,1.23978
1778850758.975251,135.421814,-4.280534,165.721069,2.928076,-0.06495,1.23978
1778850758.9756074,135.421814,-4.280534,165.721069,2.928076,-0.06495,1.23978
1778850758.975986,135.421814,-4.280534,165.721069,2.928076,-0.06495,1.23978
1778850758.9763446,135.421814,-4.280534,165.721069,2.928076,-0.06495,1.23978
1778850758.9767137,135.421814,-4.280534,165.721069,2.928076,-0.06495,1.23978
1778850758.9771025,135.421814,-4.280534,165.721069,2.928076,-0.06495,1.23978
1778850758.9775045,135.421814,-4.280534,165.721069,2.928076,-0.06495,1.23978
1778850758.9778895,135.421814,-4.280534,165.721069,2.928076,-0.06495,1.23978
1778850758.9783428,135.421814,-4.280534,165.721069,2.928076,-0.06495,1.23978
1778850758.9787247,135.421814,-4.280534,165.721069,2.928076,-0.06495,1.23978
1778850758.979098,135.398056,-4.285924,165.713577,2.928176,-0.064912,1.2392
1778850758.9794633,135.398056,-4.285924,165.713577,2.928176,-0.064912,1.2392
1778850758.9798257,135.398056,-4.285924,165.713577,2.928176,-0.064912,1.2392
1778850758.9801853,135.398056,-4.285924,165.713577,2.928176,-0.064912,1.2392
1778850758.9805474,135.398056,-4.285924,165.713577,2.928176,-0.064912,1.2392
1778850758.9809299,135.398056,-4.285924,165.713577,2.928176,-0.064912,1.2392
1778850758.9813113,135.398056,-4.285924,165.713577,2.928176,-0.064912,1.2392
1778850758.9816847,135.398056,-4.285924,165.713577,2.928176,-0.064912,1.2392
1778850758.9821033,135.398056,-4.285924,165.713577,2.928176,-0.064912,1.2392
1778850758.9824846,135.398056,-4.285924,165.713577,2.928176,-0.064912,1.2392
1778850758.9828484,135.374283,-4.291306,165.706085,2.928275,-0.064875,1.238621
1778850758.983222,135.374283,-4.291306,165.706085,2.928275,-0.064875,1.238621
1778850758.983586,135.374283,-4.291306,165.706085,2.928275,-0.064875,1.238621
1778850758.9839633,135.374283,-4.291306,165.706085,2.928275,-0.064875,1.238621
1778850758.984331,135.374283,-4.291306,165.706085,2.928275,-0.064875,1.238621
1778850758.9847639,135.374283,-4.291306,165.706085,2.928275,-0.064875,1.238621
1778850758.985146,135.374283,-4.291306,165.706085,2.928275,-0.064875,1.238621
1778850758.985522,135.374283,-4.291306,165.706085,2.928275,-0.064875,1.238621
1778850758.9859753,135.374283,-4.291306,165.706085,2.928275,-0.064875,1.238621
1778850758.9863763,135.374283,-4.291306,165.706085,2.928275,-0.064875,1.238621
1778850758.9868102,135.374283,-4.291306,165.706085,2.928275,-0.064875,1.238621
1778850758.987174,135.35051,-4.296678,165.698578,2.928375,-0.064837,1.238041
1778850758.9875362,135.35051,-4.296678,165.698578,2.928375,-0.064837,1.238041
1778850758.9879005,135.35051,-4.296678,165.698578,2.928375,-0.064837,1.238041
1778850758.9882755,135.35051,-4.296678,165.698578,2.928375,-0.064837,1.238041
1778850758.988643,135.35051,-4.296678,165.698578,2.928375,-0.064837,1.238041
1778850758.9890647,135.35051,-4.296678,165.698578,2.928375,-0.064837,1.238041
1778850758.9894407,135.35051,-4.296678,165.698578,2.928375,-0.064837,1.238041
1778850758.9898756,135.35051,-4.296678,165.698578,2.928375,-0.064837,1.238041
1778850758.990238,135.35051,-4.296678,165.698578,2.928375,-0.064837,1.238041
1778850758.9906142,135.35051,-4.296678,165.698578,2.928375,-0.064837,1.238041
1778850758.990988,135.326721,-4.302042,165.691086,2.928475,-0.064799,1.237462
1778850758.9913456,135.326721,-4.302042,165.691086,2.928475,-0.064799,1.237462
1778850758.9917269,135.326721,-4.302042,165.691086,2.928475,-0.064799,1.237462
1778850758.992092,135.326721,-4.302042,165.691086,2.928475,-0.064799,1.237462
1778850758.99249,135.326721,-4.302042,165.691086,2.928475,-0.064799,1.237462
1778850758.992869,135.326721,-4.302042,165.691086,2.928475,-0.064799,1.237462
1778850758.9932504,135.326721,-4.302042,165.691086,2.928475,-0.064799,1.237462
1778850758.9936316,135.326721,-4.302042,165.691086,2.928475,-0.064799,1.237462
1778850758.9940567,135.326721,-4.302042,165.691086,2.928475,-0.064799,1.237462
1778850758.9944322,135.326721,-4.302042,165.691086,2.928475,-0.064799,1.237462
1778850758.9948235,135.302917,-4.307397,165.683594,2.928575,-0.064762,1.236882
1778850758.9952092,135.302917,-4.307397,165.683594,2.928575,-0.064762,1.236882
1778850758.9955807,135.302917,-4.307397,165.683594,2.928575,-0.064762,1.236882
1778850758.9959636,135.302917,-4.307397,165.683594,2.928575,-0.064762,1.236882
1778850758.9963286,135.302917,-4.307397,165.683594,2.928575,-0.064762,1.236882
1778850758.9967158,135.302917,-4.307397,165.683594,2.928575,-0.064762,1.236882
1778850758.9971175,135.302917,-4.307397,165.683594,2.928575,-0.064762,1.236882
1778850758.9975796,135.302917,-4.307397,165.683594,2.928575,-0.064762,1.236882
1778850758.997991,135.302917,-4.307397,165.683594,2.928575,-0.064762,1.236882
1778850758.9983726,135.302917,-4.307397,165.683594,2.928575,-0.064762,1.236882
1778850758.9987783,135.279099,-4.312744,165.676102,2.928675,-0.064724,1.236303
1778850758.999168,135.279099,-4.312744,165.676102,2.928675,-0.064724,1.236303
1778850758.9995518,135.279099,-4.312744,165.676102,2.928675,-0.064724,1.236303
1778850758.999913,135.279099,-4.312744,165.676102,2.928675,-0.064724,1.236303
1778850759.000268,135.279099,-4.312744,165.676102,2.928675,-0.064724,1.236303
1778850759.000636,135.279099,-4.312744,165.676102,2.928675,-0.064724,1.236303
1778850759.0010526,135.279099,-4.312744,165.676102,2.928675,-0.064724,1.236303
1778850759.0014176,135.279099,-4.312744,165.676102,2.928675,-0.064724,1.236303
1778850759.0018344,135.279099,-4.312744,165.676102,2.928675,-0.064724,1.236303
1778850759.0022006,135.279099,-4.312744,165.676102,2.928675,-0.064724,1.236303
1778850759.0025897,135.279099,-4.312744,165.676102,2.928675,-0.064724,1.236303
1778850759.0030107,135.25528,-4.318082,165.668594,2.928775,-0.064686,1.235723
1778850759.0033786,135.25528,-4.318082,165.668594,2.928775,-0.064686,1.235723
1778850759.0037565,135.25528,-4.318082,165.668594,2.928775,-0.064686,1.235723
1778850759.004124,135.25528,-4.318082,165.668594,2.928775,-0.064686,1.235723
1778850759.0044844,135.25528,-4.318082,165.668594,2.928775,-0.064686,1.235723
1778850759.004845,135.25528,-4.318082,165.668594,2.928775,-0.064686,1.235723
1778850759.005219,135.25528,-4.318082,165.668594,2.928775,-0.064686,1.235723
1778850759.005596,135.25528,-4.318082,165.668594,2.928775,-0.064686,1.235723
1778850759.0059855,135.25528,-4.318082,165.668594,2.928775,-0.064686,1.235723
1778850759.006358,135.25528,-4.318082,165.668594,2.928775,-0.064686,1.235723
1778850759.0067298,135.25528,-4.318082,165.668594,2.928775,-0.064686,1.235723
1778850759.007137,135.23143,-4.323411,165.661102,2.928876,-0.064648,1.235144
1778850759.0075157,135.23143,-4.323411,165.661102,2.928876,-0.064648,1.235144
1778850759.0078862,135.23143,-4.323411,165.661102,2.928876,-0.064648,1.235144
1778850759.0082662,135.23143,-4.323411,165.661102,2.928876,-0.064648,1.235144
1778850759.008629,135.23143,-4.323411,165.661102,2.928876,-0.064648,1.235144
1778850759.0090196,135.23143,-4.323411,165.661102,2.928876,-0.064648,1.235144
1778850759.009393,135.23143,-4.323411,165.661102,2.928876,-0.064648,1.235144
1778850759.0098321,135.23143,-4.323411,165.661102,2.928876,-0.064648,1.235144
1778850759.010214,135.23143,-4.323411,165.661102,2.928876,-0.064648,1.235144
1778850759.010644,135.23143,-4.323411,165.661102,2.928876,-0.064648,1.235144
1778850759.0110297,135.207596,-4.328731,165.65361,2.928976,-0.06461,1.234565
1778850759.0113933,135.207596,-4.328731,165.65361,2.928976,-0.06461,1.234565
1778850759.011769,135.207596,-4.328731,165.65361,2.928976,-0.06461,1.234565
1778850759.0121303,135.207596,-4.328731,165.65361,2.928976,-0.06461,1.234565
1778850759.012487,135.207596,-4.328731,165.65361,2.928976,-0.06461,1.234565
1778850759.0128589,135.207596,-4.328731,165.65361,2.928976,-0.06461,1.234565
1778850759.013259,135.207596,-4.328731,165.65361,2.928976,-0.06461,1.234565
1778850759.013632,135.207596,-4.328731,165.65361,2.928976,-0.06461,1.234565
1778850759.0140035,135.207596,-4.328731,165.65361,2.928976,-0.06461,1.234565
1778850759.0143862,135.207596,-4.328731,165.65361,2.928976,-0.06461,1.234565
1778850759.014824,135.207596,-4.328731,165.65361,2.928976,-0.06461,1.234565
1778850759.0151856,135.183731,-4.334043,165.646118,2.929076,-0.064572,1.233985
1778850759.0155625,135.183731,-4.334043,165.646118,2.929076,-0.064572,1.233985
1778850759.0159314,135.183731,-4.334043,165.646118,2.929076,-0.064572,1.233985
1778850759.0162907,135.183731,-4.334043,165.646118,2.929076,-0.064572,1.233985
1778850759.016649,135.183731,-4.334043,165.646118,2.929076,-0.064572,1.233985
1778850759.0170987,135.183731,-4.334043,165.646118,2.929076,-0.064572,1.233985
1778850759.0174596,135.183731,-4.334043,165.646118,2.929076,-0.064572,1.233985
1778850759.01784,135.183731,-4.334043,165.646118,2.929076,-0.064572,1.233985
1778850759.0182123,135.183731,-4.334043,165.646118,2.929076,-0.064572,1.233985
1778850759.0186007,135.183731,-4.334043,165.646118,2.929076,-0.064572,1.233985
1778850759.018992,135.159866,-4.339345,165.638611,2.929177,-0.064535,1.233406
1778850759.0193858,135.159866,-4.339345,165.638611,2.929177,-0.064535,1.233406
1778850759.01977,135.159866,-4.339345,165.638611,2.929177,-0.064535,1.233406
1778850759.0201495,135.159866,-4.339345,165.638611,2.929177,-0.064535,1.233406
1778850759.0205216,135.159866,-4.339345,165.638611,2.929177,-0.064535,1.233406
1778850759.0208929,135.159866,-4.339345,165.638611,2.929177,-0.064535,1.233406
1778850759.0213053,135.159866,-4.339345,165.638611,2.929177,-0.064535,1.233406
1778850759.0216768,135.159866,-4.339345,165.638611,2.929177,-0.064535,1.233406
1778850759.0221202,135.159866,-4.339345,165.638611,2.929177,-0.064535,1.233406
1778850759.0224936,135.159866,-4.339345,165.638611,2.929177,-0.064535,1.233406
1778850759.0228915,135.135986,-4.344639,165.631119,2.929278,-0.064497,1.232826
1778850759.023337,135.135986,-4.344639,165.631119,2.929278,-0.064497,1.232826
1778850759.023752,135.135986,-4.344639,165.631119,2.929278,-0.064497,1.232826
1778850759.024141,135.135986,-4.344639,165.631119,2.929278,-0.064497,1.232826
1778850759.0245392,135.135986,-4.344639,165.631119,2.929278,-0.064497,1.232826
1778850759.0249078,135.135986,-4.344639,165.631119,2.929278,-0.064497,1.232826
1778850759.0253055,135.135986,-4.344639,165.631119,2.929278,-0.064497,1.232826
1778850759.025666,135.135986,-4.344639,165.631119,2.929278,-0.064497,1.232826
1778850759.0260947,135.135986,-4.344639,165.631119,2.929278,-0.064497,1.232826
1778850759.0264666,135.135986,-4.344639,165.631119,2.929278,-0.064497,1.232826
1778850759.0268383,135.135986,-4.344639,165.631119,2.929278,-0.064497,1.232826
1778850759.0271966,135.112091,-4.349925,165.623627,2.929379,-0.064459,1.232247
1778850759.0276144,135.112091,-4.349925,165.623627,2.929379,-0.064459,1.232247
1778850759.0280118,135.112091,-4.349925,165.623627,2.929379,-0.064459,1.232247
1778850759.0284035,135.112091,-4.349925,165.623627,2.929379,-0.064459,1.232247
1778850759.028769,135.112091,-4.349925,165.623627,2.929379,-0.064459,1.232247
1778850759.0291772,135.112091,-4.349925,165.623627,2.929379,-0.064459,1.232247
1778850759.0296233,135.112091,-4.349925,165.623627,2.929379,-0.064459,1.232247
1778850759.0300467,135.112091,-4.349925,165.623627,2.929379,-0.064459,1.232247
1778850759.030423,135.112091,-4.349925,165.623627,2.929379,-0.064459,1.232247
1778850759.0308099,135.112091,-4.349925,165.623627,2.929379,-0.064459,1.232247
1778850759.0311863,135.088181,-4.3552,165.616119,2.929479,-0.064421,1.231668
1778850759.0315533,135.088181,-4.3552,165.616119,2.929479,-0.064421,1.231668
1778850759.0319443,135.088181,-4.3552,165.616119,2.929479,-0.064421,1.231668
1778850759.0323122,135.088181,-4.3552,165.616119,2.929479,-0.064421,1.231668
1778850759.0326717,135.088181,-4.3552,165.616119,2.929479,-0.064421,1.231668
1778850759.033084,135.088181,-4.3552,165.616119,2.929479,-0.064421,1.231668
1778850759.033458,135.088181,-4.3552,165.616119,2.929479,-0.064421,1.231668
1778850759.033889,135.088181,-4.3552,165.616119,2.929479,-0.064421,1.231668
1778850759.0342624,135.088181,-4.3552,165.616119,2.929479,-0.064421,1.231668
1778850759.0346367,135.088181,-4.3552,165.616119,2.929479,-0.064421,1.231668
1778850759.0350184,135.06427,-4.360468,165.608627,2.92958,-0.064383,1.231089
1778850759.03538,135.06427,-4.360468,165.608627,2.92958,-0.064383,1.231089
1778850759.035753,135.06427,-4.360468,165.608627,2.92958,-0.064383,1.231089
1778850759.0361185,135.06427,-4.360468,165.608627,2.92958,-0.064383,1.231089
1778850759.0364847,135.06427,-4.360468,165.608627,2.92958,-0.064383,1.231089
1778850759.0368547,135.06427,-4.360468,165.608627,2.92958,-0.064383,1.231089
1778850759.0372872,135.06427,-4.360468,165.608627,2.92958,-0.064383,1.231089
1778850759.0376534,135.06427,-4.360468,165.608627,2.92958,-0.064383,1.231089
1778850759.038105,135.06427,-4.360468,165.608627,2.92958,-0.064383,1.231089
1778850759.0384765,135.06427,-4.360468,165.608627,2.92958,-0.064383,1.231089
1778850759.0388389,135.040344,-4.365726,165.601135,2.929682,-0.064345,1.230509
1778850759.039222,135.040344,-4.365726,165.601135,2.929682,-0.064345,1.230509
1778850759.039604,135.040344,-4.365726,165.601135,2.929682,-0.064345,1.230509
1778850759.0399868,135.040344,-4.365726,165.601135,2.929682,-0.064345,1.230509
1778850759.04035,135.040344,-4.365726,165.601135,2.929682,-0.064345,1.230509
1778850759.0407097,135.040344,-4.365726,165.601135,2.929682,-0.064345,1.230509
1778850759.0410924,135.040344,-4.365726,165.601135,2.929682,-0.064345,1.230509
1778850759.041452,135.040344,-4.365726,165.601135,2.929682,-0.064345,1.230509
1778850759.041893,135.040344,-4.365726,165.601135,2.929682,-0.064345,1.230509
1778850759.042267,135.040344,-4.365726,165.601135,2.929682,-0.064345,1.230509
1778850759.042632,135.040344,-4.365726,165.601135,2.929682,-0.064345,1.230509
1778850759.0430264,135.016403,-4.370976,165.593628,2.929783,-0.064307,1.22993
1778850759.043401,135.016403,-4.370976,165.593628,2.929783,-0.064307,1.22993
1778850759.0437694,135.016403,-4.370976,165.593628,2.929783,-0.064307,1.22993
1778850759.0441375,135.016403,-4.370976,165.593628,2.929783,-0.064307,1.22993
1778850759.04451,135.016403,-4.370976,165.593628,2.929783,-0.064307,1.22993
1778850759.0448778,135.016403,-4.370976,165.593628,2.929783,-0.064307,1.22993
1778850759.0452936,135.016403,-4.370976,165.593628,2.929783,-0.064307,1.22993
1778850759.0456512,135.016403,-4.370976,165.593628,2.929783,-0.064307,1.22993
1778850759.0460792,135.016403,-4.370976,165.593628,2.929783,-0.064307,1.22993
1778850759.0464497,135.016403,-4.370976,165.593628,2.929783,-0.064307,1.22993
1778850759.0468204,134.992462,-4.376216,165.586136,2.929884,-0.064269,1.229351
1778850759.0471828,134.992462,-4.376216,165.586136,2.929884,-0.064269,1.229351
1778850759.0475397,134.992462,-4.376216,165.586136,2.929884,-0.064269,1.229351
1778850759.0479064,134.992462,-4.376216,165.586136,2.929884,-0.064269,1.229351
1778850759.0482771,134.992462,-4.376216,165.586136,2.929884,-0.064269,1.229351
1778850759.0486393,134.992462,-4.376216,165.586136,2.929884,-0.064269,1.229351
1778850759.0490925,134.992462,-4.376216,165.586136,2.929884,-0.064269,1.229351
1778850759.0494583,134.992462,-4.376216,165.586136,2.929884,-0.064269,1.229351
1778850759.0499167,134.992462,-4.376216,165.586136,2.929884,-0.064269,1.229351
1778850759.0503747,134.992462,-4.376216,165.586136,2.929884,-0.064269,1.229351
1778850759.0508182,134.992462,-4.376216,165.586136,2.929884,-0.064269,1.229351
1778850759.0511925,134.968491,-4.381448,165.578644,2.929985,-0.064231,1.228771
1778850759.0515652,134.968491,-4.381448,165.578644,2.929985,-0.064231,1.228771
1778850759.051935,134.968491,-4.381448,165.578644,2.929985,-0.064231,1.228771
1778850759.0522907,134.968491,-4.381448,165.578644,2.929985,-0.064231,1.228771
1778850759.0526512,134.968491,-4.381448,165.578644,2.929985,-0.064231,1.228771
1778850759.0530794,134.968491,-4.381448,165.578644,2.929985,-0.064231,1.228771
1778850759.0534544,134.968491,-4.381448,165.578644,2.929985,-0.064231,1.228771
1778850759.053867,134.968491,-4.381448,165.578644,2.929985,-0.064231,1.228771
1778850759.054239,134.968491,-4.381448,165.578644,2.929985,-0.064231,1.228771
1778850759.0546577,134.968491,-4.381448,165.578644,2.929985,-0.064231,1.228771
1778850759.055037,134.944519,-4.386671,165.571136,2.930087,-0.064193,1.228192
1778850759.0554075,134.944519,-4.386671,165.571136,2.930087,-0.064193,1.228192
1778850759.055767,134.944519,-4.386671,165.571136,2.930087,-0.064193,1.228192
1778850759.0561454,134.944519,-4.386671,165.571136,2.930087,-0.064193,1.228192
1778850759.0565078,134.944519,-4.386671,165.571136,2.930087,-0.064193,1.228192
1778850759.056886,134.944519,-4.386671,165.571136,2.930087,-0.064193,1.228192
1778850759.0572708,134.944519,-4.386671,165.571136,2.930087,-0.064193,1.228192
1778850759.057647,134.944519,-4.386671,165.571136,2.930087,-0.064193,1.228192
1778850759.0580578,134.944519,-4.386671,165.571136,2.930087,-0.064193,1.228192
1778850759.0584292,134.944519,-4.386671,165.571136,2.930087,-0.064193,1.228192
1778850759.0588207,134.920547,-4.391885,165.563644,2.930188,-0.064155,1.227613
1778850759.0591865,134.920547,-4.391885,165.563644,2.930188,-0.064155,1.227613
1778850759.0595505,134.920547,-4.391885,165.563644,2.930188,-0.064155,1.227613
1778850759.0599341,134.920547,-4.391885,165.563644,2.930188,-0.064155,1.227613
1778850759.060313,134.920547,-4.391885,165.563644,2.930188,-0.064155,1.227613
1778850759.060677,134.920547,-4.391885,165.563644,2.930188,-0.064155,1.227613
1778850759.061123,134.920547,-4.391885,165.563644,2.930188,-0.064155,1.227613
1778850759.0615137,134.920547,-4.391885,165.563644,2.930188,-0.064155,1.227613
1778850759.0618985,134.920547,-4.391885,165.563644,2.930188,-0.064155,1.227613
1778850759.0622869,134.920547,-4.391885,165.563644,2.930188,-0.064155,1.227613
1778850759.062651,134.920547,-4.391885,165.563644,2.930188,-0.064155,1.227613
1778850759.0630448,134.896545,-4.397089,165.556152,2.93029,-0.064117,1.227034
1778850759.0634193,134.896545,-4.397089,165.556152,2.93029,-0.064117,1.227034
1778850759.0637894,134.896545,-4.397089,165.556152,2.93029,-0.064117,1.227034
1778850759.0641527,134.896545,-4.397089,165.556152,2.93029,-0.064117,1.227034
1778850759.0645192,134.896545,-4.397089,165.556152,2.93029,-0.064117,1.227034
1778850759.0648932,134.896545,-4.397089,165.556152,2.93029,-0.064117,1.227034
1778850759.0652983,134.896545,-4.397089,165.556152,2.93029,-0.064117,1.227034
1778850759.0656624,134.896545,-4.397089,165.556152,2.93029,-0.064117,1.227034
1778850759.0661447,134.896545,-4.397089,165.556152,2.93029,-0.064117,1.227034
1778850759.0665112,134.896545,-4.397089,165.556152,2.93029,-0.064117,1.227034
1778850759.0668752,134.872543,-4.402286,165.548645,2.930392,-0.064078,1.226454
1778850759.0672376,134.872543,-4.402286,165.548645,2.930392,-0.064078,1.226454
1778850759.0675936,134.872543,-4.402286,165.548645,2.930392,-0.064078,1.226454
1778850759.067963,134.872543,-4.402286,165.548645,2.930392,-0.064078,1.226454
1778850759.0683231,134.872543,-4.402286,165.548645,2.930392,-0.064078,1.226454
1778850759.0686984,134.872543,-4.402286,165.548645,2.930392,-0.064078,1.226454
1778850759.069124,134.872543,-4.402286,165.548645,2.930392,-0.064078,1.226454
1778850759.0695047,134.872543,-4.402286,165.548645,2.930392,-0.064078,1.226454
1778850759.0698872,134.872543,-4.402286,165.548645,2.930392,-0.064078,1.226454
1778850759.0703075,134.872543,-4.402286,165.548645,2.930392,-0.064078,1.226454
1778850759.070678,134.872543,-4.402286,165.548645,2.930392,-0.064078,1.226454
1778850759.0710535,134.848541,-4.407473,165.541153,2.930494,-0.06404,1.225875
1778850759.07143,134.848541,-4.407473,165.541153,2.930494,-0.06404,1.225875
1778850759.0718083,134.848541,-4.407473,165.541153,2.930494,-0.06404,1.225875
1778850759.0721786,134.848541,-4.407473,165.541153,2.930494,-0.06404,1.225875
1778850759.0725527,134.848541,-4.407473,165.541153,2.930494,-0.06404,1.225875
1778850759.072923,134.848541,-4.407473,165.541153,2.930494,-0.06404,1.225875
1778850759.0733886,134.848541,-4.407473,165.541153,2.930494,-0.06404,1.225875
1778850759.0737946,134.848541,-4.407473,165.541153,2.930494,-0.06404,1.225875
1778850759.074199,134.848541,-4.407473,165.541153,2.930494,-0.06404,1.225875
1778850759.0746186,134.848541,-4.407473,165.541153,2.930494,-0.06404,1.225875
1778850759.0750504,134.824509,-4.412651,165.533661,2.930596,-0.064002,1.225296
1778850759.0754168,134.824509,-4.412651,165.533661,2.930596,-0.064002,1.225296
1778850759.0757852,134.824509,-4.412651,165.533661,2.930596,-0.064002,1.225296
1778850759.0761502,134.824509,-4.412651,165.533661,2.930596,-0.064002,1.225296
1778850759.0765095,134.824509,-4.412651,165.533661,2.930596,-0.064002,1.225296
1778850759.0768788,134.824509,-4.412651,165.533661,2.930596,-0.064002,1.225296
1778850759.0772853,134.824509,-4.412651,165.533661,2.930596,-0.064002,1.225296
1778850759.077661,134.824509,-4.412651,165.533661,2.930596,-0.064002,1.225296
1778850759.0780623,134.824509,-4.412651,165.533661,2.930596,-0.064002,1.225296
1778850759.078438,134.824509,-4.412651,165.533661,2.930596,-0.064002,1.225296
1778850759.0788,134.800476,-4.417819,165.526154,2.930698,-0.063964,1.224717
1778850759.079165,134.800476,-4.417819,165.526154,2.930698,-0.063964,1.224717
1778850759.0795271,134.800476,-4.417819,165.526154,2.930698,-0.063964,1.224717
1778850759.0798898,134.800476,-4.417819,165.526154,2.930698,-0.063964,1.224717
1778850759.0802467,134.800476,-4.417819,165.526154,2.930698,-0.063964,1.224717
1778850759.08061,134.800476,-4.417819,165.526154,2.930698,-0.063964,1.224717
1778850759.0810263,134.800476,-4.417819,165.526154,2.930698,-0.063964,1.224717
1778850759.0813968,134.800476,-4.417819,165.526154,2.930698,-0.063964,1.224717
1778850759.0818818,134.800476,-4.417819,165.526154,2.930698,-0.063964,1.224717
1778850759.082342,134.800476,-4.417819,165.526154,2.930698,-0.063964,1.224717
1778850759.0827107,134.800476,-4.417819,165.526154,2.930698,-0.063964,1.224717
1778850759.0830767,134.776428,-4.422979,165.518661,2.9308,-0.063926,1.224138
1778850759.0834405,134.776428,-4.422979,165.518661,2.9308,-0.063926,1.224138
1778850759.083816,134.776428,-4.422979,165.518661,2.9308,-0.063926,1.224138
1778850759.0842297,134.776428,-4.422979,165.518661,2.9308,-0.063926,1.224138
1778850759.084596,134.776428,-4.422979,165.518661,2.9308,-0.063926,1.224138
1778850759.0850034,134.776428,-4.422979,165.518661,2.9308,-0.063926,1.224138
1778850759.0853674,134.776428,-4.422979,165.518661,2.9308,-0.063926,1.224138
1778850759.0857487,134.776428,-4.422979,165.518661,2.9308,-0.063926,1.224138
1778850759.0861192,134.776428,-4.422979,165.518661,2.9308,-0.063926,1.224138
1778850759.0865095,134.776428,-4.422979,165.518661,2.9308,-0.063926,1.224138
1778850759.0868893,134.752365,-4.42813,165.511169,2.930902,-0.063887,1.223559
1778850759.0872633,134.752365,-4.42813,165.511169,2.930902,-0.063887,1.223559
1778850759.0876293,134.752365,-4.42813,165.511169,2.930902,-0.063887,1.223559
1778850759.088017,134.752365,-4.42813,165.511169,2.930902,-0.063887,1.223559
1778850759.0883918,134.752365,-4.42813,165.511169,2.930902,-0.063887,1.223559
1778850759.0887673,134.752365,-4.42813,165.511169,2.930902,-0.063887,1.223559
1778850759.0891333,134.752365,-4.42813,165.511169,2.930902,-0.063887,1.223559
1778850759.0896277,134.752365,-4.42813,165.511169,2.930902,-0.063887,1.223559
1778850759.090017,134.752365,-4.42813,165.511169,2.930902,-0.063887,1.223559
1778850759.0903919,134.752365,-4.42813,165.511169,2.930902,-0.063887,1.223559
1778850759.0908086,134.752365,-4.42813,165.511169,2.930902,-0.063887,1.223559
1778850759.0911794,134.728302,-4.433272,165.503662,2.931005,-0.063849,1.22298
1778850759.091537,134.728302,-4.433272,165.503662,2.931005,-0.063849,1.22298
1778850759.0919027,134.728302,-4.433272,165.503662,2.931005,-0.063849,1.22298
1778850759.0922747,134.728302,-4.433272,165.503662,2.931005,-0.063849,1.22298
1778850759.092633,134.728302,-4.433272,165.503662,2.931005,-0.063849,1.22298
1778850759.0930371,134.728302,-4.433272,165.503662,2.931005,-0.063849,1.22298
1778850759.093416,134.728302,-4.433272,165.503662,2.931005,-0.063849,1.22298
1778850759.093872,134.728302,-4.433272,165.503662,2.931005,-0.063849,1.22298
1778850759.0942838,134.728302,-4.433272,165.503662,2.931005,-0.063849,1.22298
1778850759.0946608,134.728302,-4.433272,165.503662,2.931005,-0.063849,1.22298
1778850759.0950441,134.704224,-4.438405,165.49617,2.931107,-0.063811,1.222401
1778850759.095421,134.704224,-4.438405,165.49617,2.931107,-0.063811,1.222401
1778850759.0957968,134.704224,-4.438405,165.49617,2.931107,-0.063811,1.222401
1778850759.0961733,134.704224,-4.438405,165.49617,2.931107,-0.063811,1.222401
1778850759.0965447,134.704224,-4.438405,165.49617,2.931107,-0.063811,1.222401
1778850759.0969124,134.704224,-4.438405,165.49617,2.931107,-0.063811,1.222401
1778850759.0973322,134.704224,-4.438405,165.49617,2.931107,-0.063811,1.222401
1778850759.0977132,134.704224,-4.438405,165.49617,2.931107,-0.063811,1.222401
1778850759.0981047,134.704224,-4.438405,165.49617,2.931107,-0.063811,1.222401
1778850759.098492,134.704224,-4.438405,165.49617,2.931107,-0.063811,1.222401
1778850759.0988567,134.704224,-4.438405,165.49617,2.931107,-0.063811,1.222401
1778850759.0992234,134.68013,-4.443528,165.488663,2.93121,-0.063773,1.221822
1778850759.0995853,134.68013,-4.443528,165.488663,2.93121,-0.063773,1.221822
1778850759.0999548,134.68013,-4.443528,165.488663,2.93121,-0.063773,1.221822
1778850759.10032,134.68013,-4.443528,165.488663,2.93121,-0.063773,1.221822
1778850759.1006756,134.68013,-4.443528,165.488663,2.93121,-0.063773,1.221822
1778850759.1010828,134.68013,-4.443528,165.488663,2.93121,-0.063773,1.221822
1778850759.1014855,134.68013,-4.443528,165.488663,2.93121,-0.063773,1.221822
1778850759.1018908,134.68013,-4.443528,165.488663,2.93121,-0.063773,1.221822
1778850759.1022766,134.68013,-4.443528,165.488663,2.93121,-0.063773,1.221822
1778850759.1026692,134.68013,-4.443528,165.488663,2.93121,-0.063773,1.221822
1778850759.1030912,134.656021,-4.448643,165.481171,2.931312,-0.063734,1.221243
1778850759.1034923,134.656021,-4.448643,165.481171,2.931312,-0.063734,1.221243
1778850759.103875,134.656021,-4.448643,165.481171,2.931312,-0.063734,1.221243
1778850759.104254,134.656021,-4.448643,165.481171,2.931312,-0.063734,1.221243
1778850759.1046324,134.656021,-4.448643,165.481171,2.931312,-0.063734,1.221243
1778850759.1050477,134.656021,-4.448643,165.481171,2.931312,-0.063734,1.221243
1778850759.1054096,134.656021,-4.448643,165.481171,2.931312,-0.063734,1.221243
1778850759.1058283,134.656021,-4.448643,165.481171,2.931312,-0.063734,1.221243
1778850759.1061878,134.656021,-4.448643,165.481171,2.931312,-0.063734,1.221243
1778850759.1065516,134.656021,-4.448643,165.481171,2.931312,-0.063734,1.221243
1778850759.1069152,134.631912,-4.453748,165.473679,2.931415,-0.063696,1.220663
1778850759.107268,134.631912,-4.453748,165.473679,2.931415,-0.063696,1.220663
1778850759.1076303,134.631912,-4.453748,165.473679,2.931415,-0.063696,1.220663
1778850759.1079848,134.631912,-4.453748,165.473679,2.931415,-0.063696,1.220663
1778850759.1083348,134.631912,-4.453748,165.473679,2.931415,-0.063696,1.220663
1778850759.108696,134.631912,-4.453748,165.473679,2.931415,-0.063696,1.220663
1778850759.1090882,134.631912,-4.453748,165.473679,2.931415,-0.063696,1.220663
1778850759.1094546,134.631912,-4.453748,165.473679,2.931415,-0.063696,1.220663
1778850759.1098235,134.631912,-4.453748,165.473679,2.931415,-0.063696,1.220663
1778850759.110235,134.631912,-4.453748,165.473679,2.931415,-0.063696,1.220663
1778850759.1105993,134.631912,-4.453748,165.473679,2.931415,-0.063696,1.220663
1778850759.1109953,134.607788,-4.458844,165.466171,2.931518,-0.063658,1.220084
1778850759.1114757,134.607788,-4.458844,165.466171,2.931518,-0.063658,1.220084
1778850759.1119523,134.607788,-4.458844,165.466171,2.931518,-0.063658,1.220084
1778850759.1124485,134.607788,-4.458844,165.466171,2.931518,-0.063658,1.220084
1778850759.1128774,134.607788,-4.458844,165.466171,2.931518,-0.063658,1.220084
1778850759.1134365,134.607788,-4.458844,165.466171,2.931518,-0.063658,1.220084
1778850759.113965,134.607788,-4.458844,165.466171,2.931518,-0.063658,1.220084
1778850759.11445,134.607788,-4.458844,165.466171,2.931518,-0.063658,1.220084
1778850759.1148558,134.583649,-4.463932,165.458679,2.931621,-0.063619,1.219505
1778850759.1152918,134.583649,-4.463932,165.458679,2.931621,-0.063619,1.219505
1778850759.11568,134.583649,-4.463932,165.458679,2.931621,-0.063619,1.219505
1778850759.116071,134.583649,-4.463932,165.458679,2.931621,-0.063619,1.219505
1778850759.1164517,134.583649,-4.463932,165.458679,2.931621,-0.063619,1.219505
1778850759.1168594,134.583649,-4.463932,165.458679,2.931621,-0.063619,1.219505
1778850759.1172569,134.583649,-4.463932,165.458679,2.931621,-0.063619,1.219505
1778850759.117642,134.583649,-4.463932,165.458679,2.931621,-0.063619,1.219505
1778850759.1180792,134.583649,-4.463932,165.458679,2.931621,-0.063619,1.219505
1778850759.1184912,134.583649,-4.463932,165.458679,2.931621,-0.063619,1.219505
1778850759.1188986,134.559509,-4.469009,165.451172,2.931724,-0.063581,1.218926
1778850759.1193101,134.559509,-4.469009,165.451172,2.931724,-0.063581,1.218926
1778850759.1196854,134.559509,-4.469009,165.451172,2.931724,-0.063581,1.218926
1778850759.1200666,134.559509,-4.469009,165.451172,2.931724,-0.063581,1.218926
1778850759.1204448,134.559509,-4.469009,165.451172,2.931724,-0.063581,1.218926
1778850759.1208358,134.559509,-4.469009,165.451172,2.931724,-0.063581,1.218926
1778850759.1212678,134.559509,-4.469009,165.451172,2.931724,-0.063581,1.218926
1778850759.1216853,134.559509,-4.469009,165.451172,2.931724,-0.063581,1.218926
1778850759.122185,134.559509,-4.469009,165.451172,2.931724,-0.063581,1.218926
1778850759.1226513,134.559509,-4.469009,165.451172,2.931724,-0.063581,1.218926
1778850759.1231318,134.535355,-4.474078,165.44368,2.931827,-0.063543,1.218347
1778850759.1235259,134.535355,-4.474078,165.44368,2.931827,-0.063543,1.218347
1778850759.1239088,134.535355,-4.474078,165.44368,2.931827,-0.063543,1.218347
1778850759.1242883,134.535355,-4.474078,165.44368,2.931827,-0.063543,1.218347
1778850759.124667,134.535355,-4.474078,165.44368,2.931827,-0.063543,1.218347
1778850759.125107,134.535355,-4.474078,165.44368,2.931827,-0.063543,1.218347
1778850759.125494,134.535355,-4.474078,165.44368,2.931827,-0.063543,1.218347
1778850759.1259024,134.535355,-4.474078,165.44368,2.931827,-0.063543,1.218347
1778850759.1263175,134.535355,-4.474078,165.44368,2.931827,-0.063543,1.218347
1778850759.126715,134.535355,-4.474078,165.44368,2.931827,-0.063543,1.218347
1778850759.1271496,134.511185,-4.479138,165.436188,2.93193,-0.063504,1.217768
1778850759.1275628,134.511185,-4.479138,165.436188,2.93193,-0.063504,1.217768
1778850759.127968,134.511185,-4.479138,165.436188,2.93193,-0.063504,1.217768
1778850759.128372,134.511185,-4.479138,165.436188,2.93193,-0.063504,1.217768
1778850759.1288183,134.511185,-4.479138,165.436188,2.93193,-0.063504,1.217768
1778850759.1291828,134.511185,-4.479138,165.436188,2.93193,-0.063504,1.217768
1778850759.1296074,134.511185,-4.479138,165.436188,2.93193,-0.063504,1.217768
1778850759.1299777,134.511185,-4.479138,165.436188,2.93193,-0.063504,1.217768
1778850759.1303394,134.511185,-4.479138,165.436188,2.93193,-0.063504,1.217768
1778850759.1307302,134.511185,-4.479138,165.436188,2.93193,-0.063504,1.217768
1778850759.1310997,134.487,-4.484188,165.42868,2.932033,-0.063466,1.21719
1778850759.1314676,134.487,-4.484188,165.42868,2.932033,-0.063466,1.21719
1778850759.1318257,134.487,-4.484188,165.42868,2.932033,-0.063466,1.21719
1778850759.132262,134.487,-4.484188,165.42868,2.932033,-0.063466,1.21719
1778850759.1326315,134.487,-4.484188,165.42868,2.932033,-0.063466,1.21719
1778850759.1329966,134.487,-4.484188,165.42868,2.932033,-0.063466,1.21719
1778850759.1333728,134.487,-4.484188,165.42868,2.932033,-0.063466,1.21719
1778850759.1337538,134.487,-4.484188,165.42868,2.932033,-0.063466,1.21719
1778850759.1341484,134.487,-4.484188,165.42868,2.932033,-0.063466,1.21719
1778850759.134592,134.487,-4.484188,165.42868,2.932033,-0.063466,1.21719
1778850759.1349826,134.462814,-4.48923,165.421188,2.932137,-0.063427,1.216611
1778850759.135361,134.462814,-4.48923,165.421188,2.932137,-0.063427,1.216611
1778850759.1357183,134.462814,-4.48923,165.421188,2.932137,-0.063427,1.216611
1778850759.1360824,134.462814,-4.48923,165.421188,2.932137,-0.063427,1.216611
1778850759.1364393,134.462814,-4.48923,165.421188,2.932137,-0.063427,1.216611
1778850759.1368146,134.462814,-4.48923,165.421188,2.932137,-0.063427,1.216611
1778850759.1371753,134.462814,-4.48923,165.421188,2.932137,-0.063427,1.216611
1778850759.13761,134.462814,-4.48923,165.421188,2.932137,-0.063427,1.216611
1778850759.1379857,134.462814,-4.48923,165.421188,2.932137,-0.063427,1.216611
1778850759.1383674,134.462814,-4.48923,165.421188,2.932137,-0.063427,1.216611
1778850759.1388037,134.438614,-4.494262,165.413696,2.93224,-0.063389,1.216032
1778850759.139182,134.438614,-4.494262,165.413696,2.93224,-0.063389,1.216032
1778850759.1395495,134.438614,-4.494262,165.413696,2.93224,-0.063389,1.216032
1778850759.1399229,134.438614,-4.494262,165.413696,2.93224,-0.063389,1.216032
1778850759.1402965,134.438614,-4.494262,165.413696,2.93224,-0.063389,1.216032
1778850759.1406598,134.438614,-4.494262,165.413696,2.93224,-0.063389,1.216032
1778850759.141108,134.438614,-4.494262,165.413696,2.93224,-0.063389,1.216032
1778850759.1414783,134.438614,-4.494262,165.413696,2.93224,-0.063389,1.216032
1778850759.1418712,134.438614,-4.494262,165.413696,2.93224,-0.063389,1.216032
1778850759.142293,134.438614,-4.494262,165.413696,2.93224,-0.063389,1.216032
1778850759.1426733,134.438614,-4.494262,165.413696,2.93224,-0.063389,1.216032
1778850759.1430824,134.414413,-4.499284,165.406189,2.932344,-0.06335,1.215453
1778850759.1435974,134.414413,-4.499284,165.406189,2.932344,-0.06335,1.215453
1778850759.1439986,134.414413,-4.499284,165.406189,2.932344,-0.06335,1.215453
1778850759.1444197,134.414413,-4.499284,165.406189,2.932344,-0.06335,1.215453
1778850759.1448548,134.414413,-4.499284,165.406189,2.932344,-0.06335,1.215453
1778850759.145259,134.414413,-4.499284,165.406189,2.932344,-0.06335,1.215453
1778850759.14565,134.414413,-4.499284,165.406189,2.932344,-0.06335,1.215453
1778850759.1460402,134.414413,-4.499284,165.406189,2.932344,-0.06335,1.215453
1778850759.146432,134.414413,-4.499284,165.406189,2.932344,-0.06335,1.215453
1778850759.1468198,134.414413,-4.499284,165.406189,2.932344,-0.06335,1.215453
1778850759.1472046,134.390198,-4.504298,165.398697,2.932447,-0.063312,1.214874
1778850759.147563,134.390198,-4.504298,165.398697,2.932447,-0.063312,1.214874
1778850759.1480625,134.390198,-4.504298,165.398697,2.932447,-0.063312,1.214874
1778850759.1485126,134.390198,-4.504298,165.398697,2.932447,-0.063312,1.214874
1778850759.1489358,134.390198,-4.504298,165.398697,2.932447,-0.063312,1.214874
1778850759.1493878,134.390198,-4.504298,165.398697,2.932447,-0.063312,1.214874
1778850759.1498566,134.390198,-4.504298,165.398697,2.932447,-0.063312,1.214874
1778850759.1502914,134.390198,-4.504298,165.398697,2.932447,-0.063312,1.214874
1778850759.150703,134.390198,-4.504298,165.398697,2.932447,-0.063312,1.214874
1778850759.151099,134.365967,-4.509302,165.39119,2.932551,-0.063273,1.214295
1778850759.1514797,134.365967,-4.509302,165.39119,2.932551,-0.063273,1.214295
1778850759.1518931,134.365967,-4.509302,165.39119,2.932551,-0.063273,1.214295
1778850759.1522636,134.365967,-4.509302,165.39119,2.932551,-0.063273,1.214295
1778850759.152622,134.365967,-4.509302,165.39119,2.932551,-0.063273,1.214295
1778850759.153007,134.365967,-4.509302,165.39119,2.932551,-0.063273,1.214295
1778850759.153425,134.365967,-4.509302,165.39119,2.932551,-0.063273,1.214295
1778850759.153888,134.365967,-4.509302,165.39119,2.932551,-0.063273,1.214295
1778850759.154245,134.365967,-4.509302,165.39119,2.932551,-0.063273,1.214295
1778850759.1546159,134.365967,-4.509302,165.39119,2.932551,-0.063273,1.214295
1778850759.1549625,134.341721,-4.514297,165.383698,2.932655,-0.063235,1.213716
1778850759.155309,134.341721,-4.514297,165.383698,2.932655,-0.063235,1.213716
1778850759.155645,134.341721,-4.514297,165.383698,2.932655,-0.063235,1.213716
1778850759.1559792,134.341721,-4.514297,165.383698,2.932655,-0.063235,1.213716
1778850759.1563191,134.341721,-4.514297,165.383698,2.932655,-0.063235,1.213716
1778850759.1566458,134.341721,-4.514297,165.383698,2.932655,-0.063235,1.213716
1778850759.1571233,134.341721,-4.514297,165.383698,2.932655,-0.063235,1.213716
1778850759.1575236,134.341721,-4.514297,165.383698,2.932655,-0.063235,1.213716
1778850759.1578834,134.341721,-4.514297,165.383698,2.932655,-0.063235,1.213716
1778850759.1582444,134.341721,-4.514297,165.383698,2.932655,-0.063235,1.213716
1778850759.1588314,134.341721,-4.514297,165.383698,2.932655,-0.063235,1.213716
1778850759.1591866,134.317459,-4.519283,165.376205,2.932759,-0.063196,1.213137
1778850759.1595325,134.317459,-4.519283,165.376205,2.932759,-0.063196,1.213137
1778850759.1598825,134.317459,-4.519283,165.376205,2.932759,-0.063196,1.213137
1778850759.160271,134.317459,-4.519283,165.376205,2.932759,-0.063196,1.213137
1778850759.160647,134.317459,-4.519283,165.376205,2.932759,-0.063196,1.213137
1778850759.16109,134.317459,-4.519283,165.376205,2.932759,-0.063196,1.213137
1778850759.1614778,134.317459,-4.519283,165.376205,2.932759,-0.063196,1.213137
1778850759.1618772,134.317459,-4.519283,165.376205,2.932759,-0.063196,1.213137
1778850759.1622832,134.317459,-4.519283,165.376205,2.932759,-0.063196,1.213137
1778850759.162686,134.317459,-4.519283,165.376205,2.932759,-0.063196,1.213137
1778850759.163425,134.293198,-4.524259,165.368698,2.932863,-0.063158,1.212559
1778850759.1638176,134.293198,-4.524259,165.368698,2.932863,-0.063158,1.212559
1778850759.1642141,134.293198,-4.524259,165.368698,2.932863,-0.063158,1.212559
1778850759.164637,134.293198,-4.524259,165.368698,2.932863,-0.063158,1.212559
1778850759.165092,134.293198,-4.524259,165.368698,2.932863,-0.063158,1.212559
1778850759.1654594,134.293198,-4.524259,165.368698,2.932863,-0.063158,1.212559
1778850759.1658773,134.293198,-4.524259,165.368698,2.932863,-0.063158,1.212559
1778850759.166277,134.293198,-4.524259,165.368698,2.932863,-0.063158,1.212559
1778850759.1666427,134.293198,-4.524259,165.368698,2.932863,-0.063158,1.212559
1778850759.1670415,134.268936,-4.529226,165.361206,2.932967,-0.063119,1.21198
1778850759.1674154,134.268936,-4.529226,165.361206,2.932967,-0.063119,1.21198
1778850759.1677978,134.268936,-4.529226,165.361206,2.932967,-0.063119,1.21198
1778850759.1681588,134.268936,-4.529226,165.361206,2.932967,-0.063119,1.21198
1778850759.1685178,134.268936,-4.529226,165.361206,2.932967,-0.063119,1.21198
1778850759.1688836,134.268936,-4.529226,165.361206,2.932967,-0.063119,1.21198
1778850759.1693041,134.268936,-4.529226,165.361206,2.932967,-0.063119,1.21198
1778850759.1696844,134.268936,-4.529226,165.361206,2.932967,-0.063119,1.21198
1778850759.170072,134.268936,-4.529226,165.361206,2.932967,-0.063119,1.21198
1778850759.1704476,134.268936,-4.529226,165.361206,2.932967,-0.063119,1.21198
1778850759.1708221,134.268936,-4.529226,165.361206,2.932967,-0.063119,1.21198
1778850759.17118,134.244644,-4.534184,165.353714,2.933072,-0.06308,1.211401
1778850759.171538,134.244644,-4.534184,165.353714,2.933072,-0.06308,1.211401
1778850759.1719236,134.244644,-4.534184,165.353714,2.933072,-0.06308,1.211401
1778850759.1722927,134.244644,-4.534184,165.353714,2.933072,-0.06308,1.211401
1778850759.1727016,134.244644,-4.534184,165.353714,2.933072,-0.06308,1.211401
1778850759.1730883,134.244644,-4.534184,165.353714,2.933072,-0.06308,1.211401
1778850759.1735928,134.244644,-4.534184,165.353714,2.933072,-0.06308,1.211401
1778850759.1740072,134.244644,-4.534184,165.353714,2.933072,-0.06308,1.211401
1778850759.1744025,134.244644,-4.534184,165.353714,2.933072,-0.06308,1.211401
1778850759.1748827,134.244644,-4.534184,165.353714,2.933072,-0.06308,1.211401
1778850759.1752908,134.220352,-4.539133,165.346207,2.933176,-0.063042,1.210822
1778850759.1757078,134.220352,-4.539133,165.346207,2.933176,-0.063042,1.210822
1778850759.176102,134.220352,-4.539133,165.346207,2.933176,-0.063042,1.210822
1778850759.1764953,134.220352,-4.539133,165.346207,2.933176,-0.063042,1.210822
1778850759.1768978,134.220352,-4.539133,165.346207,2.933176,-0.063042,1.210822
1778850759.17732,134.220352,-4.539133,165.346207,2.933176,-0.063042,1.210822
1778850759.1777396,134.220352,-4.539133,165.346207,2.933176,-0.063042,1.210822
1778850759.1781256,134.220352,-4.539133,165.346207,2.933176,-0.063042,1.210822
1778850759.1785266,134.220352,-4.539133,165.346207,2.933176,-0.063042,1.210822
1778850759.1789658,134.196045,-4.544072,165.338715,2.93328,-0.063003,1.210243
1778850759.1793559,134.196045,-4.544072,165.338715,2.93328,-0.063003,1.210243
1778850759.1797516,134.196045,-4.544072,165.338715,2.93328,-0.063003,1.210243
1778850759.1801667,134.196045,-4.544072,165.338715,2.93328,-0.063003,1.210243
1778850759.1805778,134.196045,-4.544072,165.338715,2.93328,-0.063003,1.210243
1778850759.1809902,134.196045,-4.544072,165.338715,2.93328,-0.063003,1.210243
1778850759.18139,134.196045,-4.544072,165.338715,2.93328,-0.063003,1.210243
1778850759.1818824,134.196045,-4.544072,165.338715,2.93328,-0.063003,1.210243
1778850759.1823416,134.196045,-4.544072,165.338715,2.93328,-0.063003,1.210243
1778850759.182727,134.196045,-4.544072,165.338715,2.93328,-0.063003,1.210243
1778850759.1830926,134.171738,-4.549002,165.331223,2.933385,-0.062964,1.209665
1778850759.1835065,134.171738,-4.549002,165.331223,2.933385,-0.062964,1.209665
1778850759.1838737,134.171738,-4.549002,165.331223,2.933385,-0.062964,1.209665
1778850759.1842775,134.171738,-4.549002,165.331223,2.933385,-0.062964,1.209665
1778850759.184671,134.171738,-4.549002,165.331223,2.933385,-0.062964,1.209665
1778850759.1851046,134.171738,-4.549002,165.331223,2.933385,-0.062964,1.209665
1778850759.1854658,134.171738,-4.549002,165.331223,2.933385,-0.062964,1.209665
1778850759.185871,134.171738,-4.549002,165.331223,2.933385,-0.062964,1.209665
1778850759.1862397,134.171738,-4.549002,165.331223,2.933385,-0.062964,1.209665
1778850759.1866148,134.171738,-4.549002,165.331223,2.933385,-0.062964,1.209665
1778850759.187004,134.1474,-4.553922,165.323715,2.93349,-0.062926,1.209086
1778850759.187379,134.1474,-4.553922,165.323715,2.93349,-0.062926,1.209086
1778850759.1877708,134.1474,-4.553922,165.323715,2.93349,-0.062926,1.209086
1778850759.1881545,134.1474,-4.553922,165.323715,2.93349,-0.062926,1.209086
1778850759.188524,134.1474,-4.553922,165.323715,2.93349,-0.062926,1.209086
1778850759.188893,134.1474,-4.553922,165.323715,2.93349,-0.062926,1.209086
1778850759.1893284,134.1474,-4.553922,165.323715,2.93349,-0.062926,1.209086
1778850759.1897008,134.1474,-4.553922,165.323715,2.93349,-0.062926,1.209086
1778850759.190115,134.1474,-4.553922,165.323715,2.93349,-0.062926,1.209086
1778850759.1906955,134.1474,-4.553922,165.323715,2.93349,-0.062926,1.209086
1778850759.19109,134.123077,-4.558833,165.316223,2.933594,-0.062887,1.208507
1778850759.1914582,134.123077,-4.558833,165.316223,2.933594,-0.062887,1.208507
1778850759.1918223,134.123077,-4.558833,165.316223,2.933594,-0.062887,1.208507
1778850759.192191,134.123077,-4.558833,165.316223,2.933594,-0.062887,1.208507
1778850759.1925519,134.123077,-4.558833,165.316223,2.933594,-0.062887,1.208507
1778850759.1929393,134.123077,-4.558833,165.316223,2.933594,-0.062887,1.208507
1778850759.1933947,134.123077,-4.558833,165.316223,2.933594,-0.062887,1.208507
1778850759.1937938,134.123077,-4.558833,165.316223,2.933594,-0.062887,1.208507
1778850759.1941857,134.123077,-4.558833,165.316223,2.933594,-0.062887,1.208507
1778850759.1945953,134.123077,-4.558833,165.316223,2.933594,-0.062887,1.208507
1778850759.1949995,134.098724,-4.563735,165.308731,2.933699,-0.062848,1.207929
1778850759.195418,134.098724,-4.563735,165.308731,2.933699,-0.062848,1.207929
1778850759.1957998,134.098724,-4.563735,165.308731,2.933699,-0.062848,1.207929
1778850759.1961706,134.098724,-4.563735,165.308731,2.933699,-0.062848,1.207929
1778850759.196535,134.098724,-4.563735,165.308731,2.933699,-0.062848,1.207929
1778850759.196905,134.098724,-4.563735,165.308731,2.933699,-0.062848,1.207929
1778850759.1973157,134.098724,-4.563735,165.308731,2.933699,-0.062848,1.207929
1778850759.1976783,134.098724,-4.563735,165.308731,2.933699,-0.062848,1.207929
1778850759.1981058,134.098724,-4.563735,165.308731,2.933699,-0.062848,1.207929
1778850759.19848,134.098724,-4.563735,165.308731,2.933699,-0.062848,1.207929
1778850759.1988428,134.074371,-4.568627,165.301224,2.933804,-0.062809,1.20735
1778850759.1992085,134.074371,-4.568627,165.301224,2.933804,-0.062809,1.20735
1778850759.1995745,134.074371,-4.568627,165.301224,2.933804,-0.062809,1.20735
1778850759.1999485,134.074371,-4.568627,165.301224,2.933804,-0.062809,1.20735
1778850759.200335,134.074371,-4.568627,165.301224,2.933804,-0.062809,1.20735
1778850759.2006984,134.074371,-4.568627,165.301224,2.933804,-0.062809,1.20735
1778850759.2010915,134.074371,-4.568627,165.301224,2.933804,-0.062809,1.20735
1778850759.2014601,134.074371,-4.568627,165.301224,2.933804,-0.062809,1.20735
1778850759.2018468,134.074371,-4.568627,165.301224,2.933804,-0.062809,1.20735
1778850759.20222,134.074371,-4.568627,165.301224,2.933804,-0.062809,1.20735
1778850759.2026181,134.074371,-4.568627,165.301224,2.933804,-0.062809,1.20735
1778850759.2030113,134.050003,-4.573509,165.293732,2.933909,-0.062771,1.206771
1778850759.203385,134.050003,-4.573509,165.293732,2.933909,-0.062771,1.206771
1778850759.2037935,134.050003,-4.573509,165.293732,2.933909,-0.062771,1.206771
1778850759.2041879,134.050003,-4.573509,165.293732,2.933909,-0.062771,1.206771
1778850759.204576,134.050003,-4.573509,165.293732,2.933909,-0.062771,1.206771
1778850759.2050061,134.050003,-4.573509,165.293732,2.933909,-0.062771,1.206771
1778850759.2054052,134.050003,-4.573509,165.293732,2.933909,-0.062771,1.206771
1778850759.2058406,134.050003,-4.573509,165.293732,2.933909,-0.062771,1.206771
1778850759.2062132,134.050003,-4.573509,165.293732,2.933909,-0.062771,1.206771
1778850759.2066169,134.050003,-4.573509,165.293732,2.933909,-0.062771,1.206771
1778850759.2069955,134.02562,-4.578383,165.28624,2.934014,-0.062732,1.206192
1778850759.207389,134.02562,-4.578383,165.28624,2.934014,-0.062732,1.206192
1778850759.2077665,134.02562,-4.578383,165.28624,2.934014,-0.062732,1.206192
1778850759.2081454,134.02562,-4.578383,165.28624,2.934014,-0.062732,1.206192
1778850759.2085087,134.02562,-4.578383,165.28624,2.934014,-0.062732,1.206192
1778850759.2088773,134.02562,-4.578383,165.28624,2.934014,-0.062732,1.206192
1778850759.2093143,134.02562,-4.578383,165.28624,2.934014,-0.062732,1.206192
1778850759.2096908,134.02562,-4.578383,165.28624,2.934014,-0.062732,1.206192
1778850759.210105,134.02562,-4.578383,165.28624,2.934014,-0.062732,1.206192
1778850759.2104778,134.02562,-4.578383,165.28624,2.934014,-0.062732,1.206192
1778850759.2108393,134.001236,-4.583247,165.278732,2.934119,-0.062693,1.205614
1778850759.2112045,134.001236,-4.583247,165.278732,2.934119,-0.062693,1.205614
1778850759.2115705,134.001236,-4.583247,165.278732,2.934119,-0.062693,1.205614
1778850759.2119462,134.001236,-4.583247,165.278732,2.934119,-0.062693,1.205614
1778850759.2123046,134.001236,-4.583247,165.278732,2.934119,-0.062693,1.205614
1778850759.2126658,134.001236,-4.583247,165.278732,2.934119,-0.062693,1.205614
1778850759.213081,134.001236,-4.583247,165.278732,2.934119,-0.062693,1.205614
1778850759.2134883,134.001236,-4.583247,165.278732,2.934119,-0.062693,1.205614
1778850759.2138963,134.001236,-4.583247,165.278732,2.934119,-0.062693,1.205614
1778850759.2143853,134.001236,-4.583247,165.278732,2.934119,-0.062693,1.205614
1778850759.2148714,133.976837,-4.588101,165.27124,2.934225,-0.062654,1.205035
1778850759.215272,133.976837,-4.588101,165.27124,2.934225,-0.062654,1.205035
1778850759.2156427,133.976837,-4.588101,165.27124,2.934225,-0.062654,1.205035
1778850759.216047,133.976837,-4.588101,165.27124,2.934225,-0.062654,1.205035
1778850759.2164185,133.976837,-4.588101,165.27124,2.934225,-0.062654,1.205035
1778850759.2167904,133.976837,-4.588101,165.27124,2.934225,-0.062654,1.205035
1778850759.217158,133.976837,-4.588101,165.27124,2.934225,-0.062654,1.205035
1778850759.2175424,133.976837,-4.588101,165.27124,2.934225,-0.062654,1.205035
1778850759.2179172,133.976837,-4.588101,165.27124,2.934225,-0.062654,1.205035
1778850759.218363,133.976837,-4.588101,165.27124,2.934225,-0.062654,1.205035
1778850759.218768,133.976837,-4.588101,165.27124,2.934225,-0.062654,1.205035
1778850759.2191358,133.952423,-4.592946,165.263748,2.93433,-0.062615,1.204457
1778850759.2195134,133.952423,-4.592946,165.263748,2.93433,-0.062615,1.204457
1778850759.2199123,133.952423,-4.592946,165.263748,2.93433,-0.062615,1.204457
1778850759.2203252,133.952423,-4.592946,165.263748,2.93433,-0.062615,1.204457
1778850759.220699,133.952423,-4.592946,165.263748,2.93433,-0.062615,1.204457
1778850759.2210813,133.952423,-4.592946,165.263748,2.93433,-0.062615,1.204457
1778850759.2214503,133.952423,-4.592946,165.263748,2.93433,-0.062615,1.204457
1778850759.2218344,133.952423,-4.592946,165.263748,2.93433,-0.062615,1.204457
1778850759.2222393,133.952423,-4.592946,165.263748,2.93433,-0.062615,1.204457
1778850759.2226057,133.952423,-4.592946,165.263748,2.93433,-0.062615,1.204457
1778850759.2229779,133.928009,-4.597781,165.256241,2.934435,-0.062577,1.203878
1778850759.223347,133.928009,-4.597781,165.256241,2.934435,-0.062577,1.203878
1778850759.2237267,133.928009,-4.597781,165.256241,2.934435,-0.062577,1.203878
1778850759.224132,133.928009,-4.597781,165.256241,2.934435,-0.062577,1.203878
1778850759.2245312,133.928009,-4.597781,165.256241,2.934435,-0.062577,1.203878
1778850759.2249613,133.928009,-4.597781,165.256241,2.934435,-0.062577,1.203878
1778850759.225342,133.928009,-4.597781,165.256241,2.934435,-0.062577,1.203878
1778850759.2257473,133.928009,-4.597781,165.256241,2.934435,-0.062577,1.203878
1778850759.2261236,133.928009,-4.597781,165.256241,2.934435,-0.062577,1.203878
1778850759.2264926,133.928009,-4.597781,165.256241,2.934435,-0.062577,1.203878
1778850759.2268853,133.90358,-4.602607,165.248749,2.934541,-0.062538,1.2033
1778850759.2272763,133.90358,-4.602607,165.248749,2.934541,-0.062538,1.2033
1778850759.2276623,133.90358,-4.602607,165.248749,2.934541,-0.062538,1.2033
1778850759.2280478,133.90358,-4.602607,165.248749,2.934541,-0.062538,1.2033
1778850759.228425,133.90358,-4.602607,165.248749,2.934541,-0.062538,1.2033
1778850759.228844,133.90358,-4.602607,165.248749,2.934541,-0.062538,1.2033
1778850759.2292166,133.90358,-4.602607,165.248749,2.934541,-0.062538,1.2033
1778850759.229598,133.90358,-4.602607,165.248749,2.934541,-0.062538,1.2033
1778850759.229996,133.90358,-4.602607,165.248749,2.934541,-0.062538,1.2033
1778850759.2303693,133.90358,-4.602607,165.248749,2.934541,-0.062538,1.2033
1778850759.2307982,133.879135,-4.607424,165.241257,2.934647,-0.062499,1.202721
1778850759.2312229,133.879135,-4.607424,165.241257,2.934647,-0.062499,1.202721
1778850759.2315936,133.879135,-4.607424,165.241257,2.934647,-0.062499,1.202721
1778850759.2319715,133.879135,-4.607424,165.241257,2.934647,-0.062499,1.202721
1778850759.2323425,133.879135,-4.607424,165.241257,2.934647,-0.062499,1.202721
1778850759.232717,133.879135,-4.607424,165.241257,2.934647,-0.062499,1.202721
1778850759.2331007,133.879135,-4.607424,165.241257,2.934647,-0.062499,1.202721
1778850759.2334895,133.879135,-4.607424,165.241257,2.934647,-0.062499,1.202721
1778850759.2338905,133.879135,-4.607424,165.241257,2.934647,-0.062499,1.202721
1778850759.2343454,133.879135,-4.607424,165.241257,2.934647,-0.062499,1.202721
1778850759.2348106,133.854691,-4.612231,165.233765,2.934752,-0.06246,1.202142
1778850759.235229,133.854691,-4.612231,165.233765,2.934752,-0.06246,1.202142
1778850759.235594,133.854691,-4.612231,165.233765,2.934752,-0.06246,1.202142
1778850759.2360022,133.854691,-4.612231,165.233765,2.934752,-0.06246,1.202142
1778850759.2363641,133.854691,-4.612231,165.233765,2.934752,-0.06246,1.202142
1778850759.236727,133.854691,-4.612231,165.233765,2.934752,-0.06246,1.202142
1778850759.237104,133.854691,-4.612231,165.233765,2.934752,-0.06246,1.202142
1778850759.2374783,133.854691,-4.612231,165.233765,2.934752,-0.06246,1.202142
1778850759.2378743,133.854691,-4.612231,165.233765,2.934752,-0.06246,1.202142
1778850759.2382495,133.854691,-4.612231,165.233765,2.934752,-0.06246,1.202142
1778850759.2386281,133.854691,-4.612231,165.233765,2.934752,-0.06246,1.202142
1778850759.239006,133.830231,-4.617028,165.226257,2.934858,-0.062421,1.201564
1778850759.2393882,133.830231,-4.617028,165.226257,2.934858,-0.062421,1.201564
1778850759.2397957,133.830231,-4.617028,165.226257,2.934858,-0.062421,1.201564
1778850759.2401693,133.830231,-4.617028,165.226257,2.934858,-0.062421,1.201564
1778850759.2405355,133.830231,-4.617028,165.226257,2.934858,-0.062421,1.201564
1778850759.240914,133.830231,-4.617028,165.226257,2.934858,-0.062421,1.201564
1778850759.2413406,133.830231,-4.617028,165.226257,2.934858,-0.062421,1.201564
1778850759.2417228,133.830231,-4.617028,165.226257,2.934858,-0.062421,1.201564
1778850759.242092,133.830231,-4.617028,165.226257,2.934858,-0.062421,1.201564
1778850759.242466,133.830231,-4.617028,165.226257,2.934858,-0.062421,1.201564
1778850759.2428308,133.830231,-4.617028,165.226257,2.934858,-0.062421,1.201564
1778850759.2431974,133.805756,-4.621816,165.218765,2.934964,-0.062382,1.200985
1778850759.2435849,133.805756,-4.621816,165.218765,2.934964,-0.062382,1.200985
1778850759.243988,133.805756,-4.621816,165.218765,2.934964,-0.062382,1.200985
1778850759.2443633,133.805756,-4.621816,165.218765,2.934964,-0.062382,1.200985
1778850759.2447853,133.805756,-4.621816,165.218765,2.934964,-0.062382,1.200985
1778850759.2452,133.805756,-4.621816,165.218765,2.934964,-0.062382,1.200985
1778850759.2456079,133.805756,-4.621816,165.218765,2.934964,-0.062382,1.200985
1778850759.2460122,133.805756,-4.621816,165.218765,2.934964,-0.062382,1.200985
1778850759.246388,133.805756,-4.621816,165.218765,2.934964,-0.062382,1.200985
1778850759.246777,133.805756,-4.621816,165.218765,2.934964,-0.062382,1.200985
1778850759.247144,133.781281,-4.626594,165.211273,2.93507,-0.062343,1.200407
1778850759.2475555,133.781281,-4.626594,165.211273,2.93507,-0.062343,1.200407
1778850759.2479718,133.781281,-4.626594,165.211273,2.93507,-0.062343,1.200407
1778850759.2483442,133.781281,-4.626594,165.211273,2.93507,-0.062343,1.200407
1778850759.2487211,133.781281,-4.626594,165.211273,2.93507,-0.062343,1.200407
1778850759.2491024,133.781281,-4.626594,165.211273,2.93507,-0.062343,1.200407
1778850759.2494702,133.781281,-4.626594,165.211273,2.93507,-0.062343,1.200407
1778850759.2498553,133.781281,-4.626594,165.211273,2.93507,-0.062343,1.200407
1778850759.2502565,133.781281,-4.626594,165.211273,2.93507,-0.062343,1.200407
1778850759.250652,133.781281,-4.626594,165.211273,2.93507,-0.062343,1.200407
1778850759.2510374,133.75679,-4.631362,165.203781,2.935176,-0.062304,1.199828
1778850759.2514117,133.75679,-4.631362,165.203781,2.935176,-0.062304,1.199828
1778850759.251786,133.75679,-4.631362,165.203781,2.935176,-0.062304,1.199828
1778850759.252145,133.75679,-4.631362,165.203781,2.935176,-0.062304,1.199828
1778850759.2525067,133.75679,-4.631362,165.203781,2.935176,-0.062304,1.199828
1778850759.2528923,133.75679,-4.631362,165.203781,2.935176,-0.062304,1.199828
1778850759.2532914,133.75679,-4.631362,165.203781,2.935176,-0.062304,1.199828
1778850759.2536705,133.75679,-4.631362,165.203781,2.935176,-0.062304,1.199828
1778850759.2541013,133.75679,-4.631362,165.203781,2.935176,-0.062304,1.199828
1778850759.2544672,133.75679,-4.631362,165.203781,2.935176,-0.062304,1.199828
1778850759.25484,133.75679,-4.631362,165.203781,2.935176,-0.062304,1.199828
1778850759.2552762,133.732285,-4.636122,165.196274,2.935282,-0.062265,1.19925
1778850759.2557077,133.732285,-4.636122,165.196274,2.935282,-0.062265,1.19925
1778850759.2560883,133.732285,-4.636122,165.196274,2.935282,-0.062265,1.19925
1778850759.2564578,133.732285,-4.636122,165.196274,2.935282,-0.062265,1.19925
1778850759.2568412,133.732285,-4.636122,165.196274,2.935282,-0.062265,1.19925
1778850759.2572548,133.732285,-4.636122,165.196274,2.935282,-0.062265,1.19925
1778850759.2576292,133.732285,-4.636122,165.196274,2.935282,-0.062265,1.19925
1778850759.258005,133.732285,-4.636122,165.196274,2.935282,-0.062265,1.19925
1778850759.2583852,133.732285,-4.636122,165.196274,2.935282,-0.062265,1.19925
1778850759.258808,133.732285,-4.636122,165.196274,2.935282,-0.062265,1.19925
1778850759.259197,133.707779,-4.640871,165.188782,2.935389,-0.062226,1.198671
1778850759.2595613,133.707779,-4.640871,165.188782,2.935389,-0.062226,1.198671
1778850759.2599285,133.707779,-4.640871,165.188782,2.935389,-0.062226,1.198671
1778850759.2602959,133.707779,-4.640871,165.188782,2.935389,-0.062226,1.198671
1778850759.2606876,133.707779,-4.640871,165.188782,2.935389,-0.062226,1.198671
1778850759.2610974,133.707779,-4.640871,165.188782,2.935389,-0.062226,1.198671
1778850759.2615125,133.707779,-4.640871,165.188782,2.935389,-0.062226,1.198671
1778850759.2618937,133.707779,-4.640871,165.188782,2.935389,-0.062226,1.198671
1778850759.2623143,133.707779,-4.640871,165.188782,2.935389,-0.062226,1.198671
1778850759.2626908,133.707779,-4.640871,165.188782,2.935389,-0.062226,1.198671
1778850759.263061,133.683258,-4.645611,165.18129,2.935495,-0.062187,1.198093
1778850759.2634633,133.683258,-4.645611,165.18129,2.935495,-0.062187,1.198093
1778850759.26384,133.683258,-4.645611,165.18129,2.935495,-0.062187,1.198093
1778850759.2642078,133.683258,-4.645611,165.18129,2.935495,-0.062187,1.198093
1778850759.2645957,133.683258,-4.645611,165.18129,2.935495,-0.062187,1.198093
1778850759.2650945,133.683258,-4.645611,165.18129,2.935495,-0.062187,1.198093
1778850759.2654586,133.683258,-4.645611,165.18129,2.935495,-0.062187,1.198093
1778850759.2658296,133.683258,-4.645611,165.18129,2.935495,-0.062187,1.198093
1778850759.266209,133.683258,-4.645611,165.18129,2.935495,-0.062187,1.198093
1778850759.2665734,133.683258,-4.645611,165.18129,2.935495,-0.062187,1.198093
1778850759.2669961,133.658722,-4.650341,165.173798,2.935601,-0.062148,1.197515
1778850759.2673712,133.658722,-4.650341,165.173798,2.935601,-0.062148,1.197515
1778850759.2677534,133.658722,-4.650341,165.173798,2.935601,-0.062148,1.197515
1778850759.268127,133.658722,-4.650341,165.173798,2.935601,-0.062148,1.197515
1778850759.26849,133.658722,-4.650341,165.173798,2.935601,-0.062148,1.197515
1778850759.2688746,133.658722,-4.650341,165.173798,2.935601,-0.062148,1.197515
1778850759.2692611,133.658722,-4.650341,165.173798,2.935601,-0.062148,1.197515
1778850759.2696292,133.658722,-4.650341,165.173798,2.935601,-0.062148,1.197515
1778850759.2699912,133.658722,-4.650341,165.173798,2.935601,-0.062148,1.197515
1778850759.2703598,133.658722,-4.650341,165.173798,2.935601,-0.062148,1.197515
1778850759.2707498,133.658722,-4.650341,165.173798,2.935601,-0.062148,1.197515
1778850759.2711256,133.634186,-4.655062,165.166306,2.935708,-0.062109,1.196936
1778850759.271499,133.634186,-4.655062,165.166306,2.935708,-0.062109,1.196936
1778850759.271877,133.634186,-4.655062,165.166306,2.935708,-0.062109,1.196936
1778850759.2722645,133.634186,-4.655062,165.166306,2.935708,-0.062109,1.196936
1778850759.2726362,133.634186,-4.655062,165.166306,2.935708,-0.062109,1.196936
1778850759.2731087,133.634186,-4.655062,165.166306,2.935708,-0.062109,1.196936
1778850759.2735043,133.634186,-4.655062,165.166306,2.935708,-0.062109,1.196936
1778850759.2739015,133.634186,-4.655062,165.166306,2.935708,-0.062109,1.196936
1778850759.274327,133.634186,-4.655062,165.166306,2.935708,-0.062109,1.196936
1778850759.2747052,133.634186,-4.655062,165.166306,2.935708,-0.062109,1.196936
1778850759.2750852,133.609634,-4.659773,165.158798,2.935815,-0.06207,1.196358
1778850759.2754607,133.609634,-4.659773,165.158798,2.935815,-0.06207,1.196358
1778850759.2758536,133.609634,-4.659773,165.158798,2.935815,-0.06207,1.196358
1778850759.2762733,133.609634,-4.659773,165.158798,2.935815,-0.06207,1.196358
1778850759.2766356,133.609634,-4.659773,165.158798,2.935815,-0.06207,1.196358
1778850759.2770786,133.609634,-4.659773,165.158798,2.935815,-0.06207,1.196358
1778850759.277447,133.609634,-4.659773,165.158798,2.935815,-0.06207,1.196358
1778850759.2778502,133.609634,-4.659773,165.158798,2.935815,-0.06207,1.196358
1778850759.278238,133.609634,-4.659773,165.158798,2.935815,-0.06207,1.196358
1778850759.2786164,133.609634,-4.659773,165.158798,2.935815,-0.06207,1.196358
1778850759.2790112,133.585068,-4.664474,165.151306,2.935921,-0.062031,1.195779
1778850759.2793941,133.585068,-4.664474,165.151306,2.935921,-0.062031,1.195779
1778850759.2797718,133.585068,-4.664474,165.151306,2.935921,-0.062031,1.195779
1778850759.2801385,133.585068,-4.664474,165.151306,2.935921,-0.062031,1.195779
1778850759.2805076,133.585068,-4.664474,165.151306,2.935921,-0.062031,1.195779
1778850759.2808864,133.585068,-4.664474,165.151306,2.935921,-0.062031,1.195779
1778850759.2813368,133.585068,-4.664474,165.151306,2.935921,-0.062031,1.195779
1778850759.281704,133.585068,-4.664474,165.151306,2.935921,-0.062031,1.195779
1778850759.282133,133.585068,-4.664474,165.151306,2.935921,-0.062031,1.195779
1778850759.282518,133.585068,-4.664474,165.151306,2.935921,-0.062031,1.195779
1778850759.2829745,133.560501,-4.669166,165.143814,2.936028,-0.061992,1.195201
1778850759.2833622,133.560501,-4.669166,165.143814,2.936028,-0.061992,1.195201
1778850759.2837555,133.560501,-4.669166,165.143814,2.936028,-0.061992,1.195201
1778850759.2841558,133.560501,-4.669166,165.143814,2.936028,-0.061992,1.195201
1778850759.2845557,133.560501,-4.669166,165.143814,2.936028,-0.061992,1.195201
1778850759.2849383,133.560501,-4.669166,165.143814,2.936028,-0.061992,1.195201
1778850759.2853122,133.560501,-4.669166,165.143814,2.936028,-0.061992,1.195201
1778850759.2856972,133.560501,-4.669166,165.143814,2.936028,-0.061992,1.195201
1778850759.2860823,133.560501,-4.669166,165.143814,2.936028,-0.061992,1.195201
1778850759.2865021,133.560501,-4.669166,165.143814,2.936028,-0.061992,1.195201
1778850759.2868972,133.535919,-4.673848,165.136322,2.936135,-0.061953,1.194623
1778850759.2872627,133.535919,-4.673848,165.136322,2.936135,-0.061953,1.194623
1778850759.2876482,133.535919,-4.673848,165.136322,2.936135,-0.061953,1.194623
1778850759.2880561,133.535919,-4.673848,165.136322,2.936135,-0.061953,1.194623
1778850759.2884185,133.535919,-4.673848,165.136322,2.936135,-0.061953,1.194623
1778850759.2888405,133.535919,-4.673848,165.136322,2.936135,-0.061953,1.194623
1778850759.289216,133.535919,-4.673848,165.136322,2.936135,-0.061953,1.194623
1778850759.2896047,133.535919,-4.673848,165.136322,2.936135,-0.061953,1.194623
1778850759.2899818,133.535919,-4.673848,165.136322,2.936135,-0.061953,1.194623
1778850759.290367,133.535919,-4.673848,165.136322,2.936135,-0.061953,1.194623
1778850759.2907512,133.535919,-4.673848,165.136322,2.936135,-0.061953,1.194623
1778850759.291121,133.511322,-4.67852,165.12883,2.936242,-0.061913,1.194044
1778850759.2914827,133.511322,-4.67852,165.12883,2.936242,-0.061913,1.194044
1778850759.2918391,133.511322,-4.67852,165.12883,2.936242,-0.061913,1.194044
1778850759.2922115,133.511322,-4.67852,165.12883,2.936242,-0.061913,1.194044
1778850759.2925708,133.511322,-4.67852,165.12883,2.936242,-0.061913,1.194044
1778850759.2929509,133.511322,-4.67852,165.12883,2.936242,-0.061913,1.194044
1778850759.2933333,133.511322,-4.67852,165.12883,2.936242,-0.061913,1.194044
1778850759.2937021,133.511322,-4.67852,165.12883,2.936242,-0.061913,1.194044
1778850759.2941048,133.511322,-4.67852,165.12883,2.936242,-0.061913,1.194044
1778850759.2944794,133.511322,-4.67852,165.12883,2.936242,-0.061913,1.194044
1778850759.2948468,133.486725,-4.683182,165.121338,2.936349,-0.061874,1.193466
1778850759.2952354,133.486725,-4.683182,165.121338,2.936349,-0.061874,1.193466
1778850759.2956588,133.486725,-4.683182,165.121338,2.936349,-0.061874,1.193466
1778850759.2960348,133.486725,-4.683182,165.121338,2.936349,-0.061874,1.193466
1778850759.296416,133.486725,-4.683182,165.121338,2.936349,-0.061874,1.193466
1778850759.2968283,133.486725,-4.683182,165.121338,2.936349,-0.061874,1.193466
1778850759.2972085,133.486725,-4.683182,165.121338,2.936349,-0.061874,1.193466
1778850759.2975838,133.486725,-4.683182,165.121338,2.936349,-0.061874,1.193466
1778850759.2979727,133.486725,-4.683182,165.121338,2.936349,-0.061874,1.193466
1778850759.2984047,133.486725,-4.683182,165.121338,2.936349,-0.061874,1.193466
1778850759.298794,133.486725,-4.683182,165.121338,2.936349,-0.061874,1.193466
1778850759.2991605,133.462112,-4.687835,165.113846,2.936456,-0.061835,1.192888
1778850759.2995267,133.462112,-4.687835,165.113846,2.936456,-0.061835,1.192888
1778850759.2999125,133.462112,-4.687835,165.113846,2.936456,-0.061835,1.192888
1778850759.300279,133.462112,-4.687835,165.113846,2.936456,-0.061835,1.192888
1778850759.3006394,133.462112,-4.687835,165.113846,2.936456,-0.061835,1.192888
1778850759.301049,133.462112,-4.687835,165.113846,2.936456,-0.061835,1.192888
1778850759.3014154,133.462112,-4.687835,165.113846,2.936456,-0.061835,1.192888
1778850759.3018258,133.462112,-4.687835,165.113846,2.936456,-0.061835,1.192888
1778850759.3021946,133.462112,-4.687835,165.113846,2.936456,-0.061835,1.192888
1778850759.3025782,133.462112,-4.687835,165.113846,2.936456,-0.061835,1.192888
1778850759.3029864,133.437485,-4.692478,165.106339,2.936563,-0.061796,1.19231
1778850759.303367,133.437485,-4.692478,165.106339,2.936563,-0.061796,1.19231
1778850759.3037765,133.437485,-4.692478,165.106339,2.936563,-0.061796,1.19231
1778850759.3041625,133.437485,-4.692478,165.106339,2.936563,-0.061796,1.19231
1778850759.304576,133.437485,-4.692478,165.106339,2.936563,-0.061796,1.19231
1778850759.3049638,133.437485,-4.692478,165.106339,2.936563,-0.061796,1.19231
1778850759.3053617,133.437485,-4.692478,165.106339,2.936563,-0.061796,1.19231
1778850759.3057842,133.437485,-4.692478,165.106339,2.936563,-0.061796,1.19231
1778850759.306165,133.437485,-4.692478,165.106339,2.936563,-0.061796,1.19231
1778850759.306577,133.437485,-4.692478,165.106339,2.936563,-0.061796,1.19231
1778850759.3069706,133.412857,-4.697112,165.098846,2.936671,-0.061757,1.191731
1778850759.307352,133.412857,-4.697112,165.098846,2.936671,-0.061757,1.191731
1778850759.3077118,133.412857,-4.697112,165.098846,2.936671,-0.061757,1.191731
1778850759.3080919,133.412857,-4.697112,165.098846,2.936671,-0.061757,1.191731
1778850759.3084931,133.412857,-4.697112,165.098846,2.936671,-0.061757,1.191731
1778850759.3088908,133.412857,-4.697112,165.098846,2.936671,-0.061757,1.191731
1778850759.309256,133.412857,-4.697112,165.098846,2.936671,-0.061757,1.191731
1778850759.3096313,133.412857,-4.697112,165.098846,2.936671,-0.061757,1.191731
1778850759.310005,133.412857,-4.697112,165.098846,2.936671,-0.061757,1.191731
1778850759.31039,133.412857,-4.697112,165.098846,2.936671,-0.061757,1.191731
1778850759.310773,133.412857,-4.697112,165.098846,2.936671,-0.061757,1.191731
1778850759.3111353,133.388214,-4.701735,165.091354,2.936778,-0.061718,1.191153
1778850759.3115013,133.388214,-4.701735,165.091354,2.936778,-0.061718,1.191153
1778850759.3118784,133.388214,-4.701735,165.091354,2.936778,-0.061718,1.191153
1778850759.3122451,133.388214,-4.701735,165.091354,2.936778,-0.061718,1.191153
1778850759.3126044,133.388214,-4.701735,165.091354,2.936778,-0.061718,1.191153
1778850759.3129735,133.388214,-4.701735,165.091354,2.936778,-0.061718,1.191153
1778850759.313353,133.388214,-4.701735,165.091354,2.936778,-0.061718,1.191153
1778850759.3137465,133.388214,-4.701735,165.091354,2.936778,-0.061718,1.191153
1778850759.3141506,133.388214,-4.701735,165.091354,2.936778,-0.061718,1.191153
1778850759.314573,133.388214,-4.701735,165.091354,2.936778,-0.061718,1.191153
1778850759.3149536,133.363571,-4.706349,165.083862,2.936886,-0.061678,1.190575
1778850759.3153214,133.363571,-4.706349,165.083862,2.936886,-0.061678,1.190575
1778850759.315711,133.363571,-4.706349,165.083862,2.936886,-0.061678,1.190575
1778850759.3160908,133.363571,-4.706349,165.083862,2.936886,-0.061678,1.190575
1778850759.316462,133.363571,-4.706349,165.083862,2.936886,-0.061678,1.190575
1778850759.3168344,133.363571,-4.706349,165.083862,2.936886,-0.061678,1.190575
1778850759.3172517,133.363571,-4.706349,165.083862,2.936886,-0.061678,1.190575
1778850759.3176432,133.363571,-4.706349,165.083862,2.936886,-0.061678,1.190575
1778850759.3181117,133.363571,-4.706349,165.083862,2.936886,-0.061678,1.190575
1778850759.3184845,133.363571,-4.706349,165.083862,2.936886,-0.061678,1.190575
1778850759.3188467,133.338913,-4.710953,165.07637,2.936994,-0.061639,1.189997
1778850759.3192255,133.338913,-4.710953,165.07637,2.936994,-0.061639,1.189997
1778850759.3195915,133.338913,-4.710953,165.07637,2.936994,-0.061639,1.189997
1778850759.3199682,133.338913,-4.710953,165.07637,2.936994,-0.061639,1.189997
1778850759.3203304,133.338913,-4.710953,165.07637,2.936994,-0.061639,1.189997
1778850759.3206923,133.338913,-4.710953,165.07637,2.936994,-0.061639,1.189997
1778850759.3210657,133.338913,-4.710953,165.07637,2.936994,-0.061639,1.189997
1778850759.3214438,133.338913,-4.710953,165.07637,2.936994,-0.061639,1.189997
1778850759.321885,133.338913,-4.710953,165.07637,2.936994,-0.061639,1.189997
1778850759.3222744,133.338913,-4.710953,165.07637,2.936994,-0.061639,1.189997
1778850759.3226464,133.338913,-4.710953,165.07637,2.936994,-0.061639,1.189997
1778850759.3230433,133.31424,-4.715547,165.068878,2.937101,-0.0616,1.189419
1778850759.3234954,133.31424,-4.715547,165.068878,2.937101,-0.0616,1.189419
1778850759.32389,133.31424,-4.715547,165.068878,2.937101,-0.0616,1.189419
1778850759.3243098,133.31424,-4.715547,165.068878,2.937101,-0.0616,1.189419
1778850759.324709,133.31424,-4.715547,165.068878,2.937101,-0.0616,1.189419
1778850759.325118,133.31424,-4.715547,165.068878,2.937101,-0.0616,1.189419
1778850759.3255072,133.31424,-4.715547,165.068878,2.937101,-0.0616,1.189419
1778850759.3258915,133.31424,-4.715547,165.068878,2.937101,-0.0616,1.189419
1778850759.3262622,133.31424,-4.715547,165.068878,2.937101,-0.0616,1.189419
1778850759.326671,133.31424,-4.715547,165.068878,2.937101,-0.0616,1.189419
1778850759.3270671,133.289551,-4.720131,165.061386,2.937209,-0.061561,1.18884
1778850759.3274465,133.289551,-4.720131,165.061386,2.937209,-0.061561,1.18884
1778850759.3278167,133.289551,-4.720131,165.061386,2.937209,-0.061561,1.18884
1778850759.3282096,133.289551,-4.720131,165.061386,2.937209,-0.061561,1.18884
1778850759.328581,133.289551,-4.720131,165.061386,2.937209,-0.061561,1.18884
1778850759.3289845,133.289551,-4.720131,165.061386,2.937209,-0.061561,1.18884
1778850759.329403,133.289551,-4.720131,165.061386,2.937209,-0.061561,1.18884
1778850759.3297923,133.289551,-4.720131,165.061386,2.937209,-0.061561,1.18884
1778850759.3301888,133.289551,-4.720131,165.061386,2.937209,-0.061561,1.18884
1778850759.3305886,133.289551,-4.720131,165.061386,2.937209,-0.061561,1.18884
1778850759.3309686,133.264862,-4.724706,165.053894,2.937317,-0.061521,1.188262
1778850759.3313396,133.264862,-4.724706,165.053894,2.937317,-0.061521,1.188262
1778850759.331702,133.264862,-4.724706,165.053894,2.937317,-0.061521,1.188262
1778850759.3320737,133.264862,-4.724706,165.053894,2.937317,-0.061521,1.188262
1778850759.332438,133.264862,-4.724706,165.053894,2.937317,-0.061521,1.188262
1778850759.332805,133.264862,-4.724706,165.053894,2.937317,-0.061521,1.188262
1778850759.3331687,133.264862,-4.724706,165.053894,2.937317,-0.061521,1.188262
1778850759.3336322,133.264862,-4.724706,165.053894,2.937317,-0.061521,1.188262
1778850759.334111,133.264862,-4.724706,165.053894,2.937317,-0.061521,1.188262
1778850759.3344796,133.264862,-4.724706,165.053894,2.937317,-0.061521,1.188262
1778850759.334843,133.240173,-4.729271,165.046402,2.937425,-0.061482,1.187684
1778850759.3352604,133.240173,-4.729271,165.046402,2.937425,-0.061482,1.187684
1778850759.3356192,133.240173,-4.729271,165.046402,2.937425,-0.061482,1.187684
1778850759.336065,133.240173,-4.729271,165.046402,2.937425,-0.061482,1.187684
1778850759.33643,133.240173,-4.729271,165.046402,2.937425,-0.061482,1.187684
1778850759.3367991,133.240173,-4.729271,165.046402,2.937425,-0.061482,1.187684
1778850759.337163,133.240173,-4.729271,165.046402,2.937425,-0.061482,1.187684
1778850759.3375552,133.240173,-4.729271,165.046402,2.937425,-0.061482,1.187684
1778850759.3379395,133.240173,-4.729271,165.046402,2.937425,-0.061482,1.187684
1778850759.3384163,133.240173,-4.729271,165.046402,2.937425,-0.061482,1.187684
1778850759.338824,133.240173,-4.729271,165.046402,2.937425,-0.061482,1.187684
1778850759.3391867,133.215454,-4.733826,165.03891,2.937533,-0.061443,1.187106
1778850759.339561,133.215454,-4.733826,165.03891,2.937533,-0.061443,1.187106
1778850759.3399239,133.215454,-4.733826,165.03891,2.937533,-0.061443,1.187106
1778850759.3402872,133.215454,-4.733826,165.03891,2.937533,-0.061443,1.187106
1778850759.3406618,133.215454,-4.733826,165.03891,2.937533,-0.061443,1.187106
1778850759.3411236,133.215454,-4.733826,165.03891,2.937533,-0.061443,1.187106
1778850759.3415163,133.215454,-4.733826,165.03891,2.937533,-0.061443,1.187106
1778850759.3418903,133.215454,-4.733826,165.03891,2.937533,-0.061443,1.187106
1778850759.3422556,133.215454,-4.733826,165.03891,2.937533,-0.061443,1.187106
1778850759.3426194,133.215454,-4.733826,165.03891,2.937533,-0.061443,1.187106
1778850759.3430116,133.190735,-4.738371,165.031418,2.937641,-0.061403,1.186528
1778850759.3434186,133.190735,-4.738371,165.031418,2.937641,-0.061403,1.186528
1778850759.3438,133.190735,-4.738371,165.031418,2.937641,-0.061403,1.186528
1778850759.3441737,133.190735,-4.738371,165.031418,2.937641,-0.061403,1.186528
1778850759.3445637,133.190735,-4.738371,165.031418,2.937641,-0.061403,1.186528
1778850759.3449833,133.190735,-4.738371,165.031418,2.937641,-0.061403,1.186528
1778850759.3453748,133.190735,-4.738371,165.031418,2.937641,-0.061403,1.186528
1778850759.3457704,133.190735,-4.738371,165.031418,2.937641,-0.061403,1.186528
1778850759.346145,133.190735,-4.738371,165.031418,2.937641,-0.061403,1.186528
1778850759.3466475,133.190735,-4.738371,165.031418,2.937641,-0.061403,1.186528
1778850759.3470285,133.166016,-4.742906,165.023926,2.937749,-0.061364,1.18595
1778850759.3474133,133.166016,-4.742906,165.023926,2.937749,-0.061364,1.18595
1778850759.3477883,133.166016,-4.742906,165.023926,2.937749,-0.061364,1.18595
1778850759.3481526,133.166016,-4.742906,165.023926,2.937749,-0.061364,1.18595
1778850759.348524,133.166016,-4.742906,165.023926,2.937749,-0.061364,1.18595
1778850759.3489323,133.166016,-4.742906,165.023926,2.937749,-0.061364,1.18595
1778850759.3493826,133.166016,-4.742906,165.023926,2.937749,-0.061364,1.18595
1778850759.3498952,133.166016,-4.742906,165.023926,2.937749,-0.061364,1.18595
1778850759.3502984,133.166016,-4.742906,165.023926,2.937749,-0.061364,1.18595
1778850759.3507066,133.166016,-4.742906,165.023926,2.937749,-0.061364,1.18595
1778850759.3511028,133.141266,-4.747432,165.016434,2.937858,-0.061324,1.185372
1778850759.3514981,133.141266,-4.747432,165.016434,2.937858,-0.061324,1.185372
1778850759.3518765,133.141266,-4.747432,165.016434,2.937858,-0.061324,1.185372
1778850759.3522608,133.141266,-4.747432,165.016434,2.937858,-0.061324,1.185372
1778850759.3526309,133.141266,-4.747432,165.016434,2.937858,-0.061324,1.185372
1778850759.3530133,133.141266,-4.747432,165.016434,2.937858,-0.061324,1.185372
1778850759.3535612,133.141266,-4.747432,165.016434,2.937858,-0.061324,1.185372
1778850759.3540184,133.141266,-4.747432,165.016434,2.937858,-0.061324,1.185372
1778850759.3544369,133.141266,-4.747432,165.016434,2.937858,-0.061324,1.185372
1778850759.3549,133.116516,-4.751947,165.008942,2.937966,-0.061285,1.184794
1778850759.3553243,133.116516,-4.751947,165.008942,2.937966,-0.061285,1.184794
1778850759.3557284,133.116516,-4.751947,165.008942,2.937966,-0.061285,1.184794
1778850759.3561301,133.116516,-4.751947,165.008942,2.937966,-0.061285,1.184794
1778850759.3565319,133.116516,-4.751947,165.008942,2.937966,-0.061285,1.184794
1778850759.3569214,133.116516,-4.751947,165.008942,2.937966,-0.061285,1.184794
1778850759.3573692,133.116516,-4.751947,165.008942,2.937966,-0.061285,1.184794
1778850759.3578315,133.116516,-4.751947,165.008942,2.937966,-0.061285,1.184794
1778850759.3581877,133.116516,-4.751947,165.008942,2.937966,-0.061285,1.184794
1778850759.3585725,133.116516,-4.751947,165.008942,2.937966,-0.061285,1.184794
1778850759.3590057,133.091766,-4.756453,165.00145,2.938075,-0.061246,1.184216
1778850759.3593843,133.091766,-4.756453,165.00145,2.938075,-0.061246,1.184216
1778850759.3597765,133.091766,-4.756453,165.00145,2.938075,-0.061246,1.184216
1778850759.3601413,133.091766,-4.756453,165.00145,2.938075,-0.061246,1.184216
1778850759.360504,133.091766,-4.756453,165.00145,2.938075,-0.061246,1.184216
1778850759.3608797,133.091766,-4.756453,165.00145,2.938075,-0.061246,1.184216
1778850759.3612616,133.091766,-4.756453,165.00145,2.938075,-0.061246,1.184216
1778850759.3616393,133.091766,-4.756453,165.00145,2.938075,-0.061246,1.184216
1778850759.3620403,133.091766,-4.756453,165.00145,2.938075,-0.061246,1.184216
1778850759.3623896,133.091766,-4.756453,165.00145,2.938075,-0.061246,1.184216
1778850759.3627574,133.091766,-4.756453,165.00145,2.938075,-0.061246,1.184216
1778850759.3633845,133.067001,-4.760948,164.993973,2.938183,-0.061206,1.183638
1778850759.3637385,133.067001,-4.760948,164.993973,2.938183,-0.061206,1.183638
1778850759.364138,133.067001,-4.760948,164.993973,2.938183,-0.061206,1.183638
1778850759.3645012,133.067001,-4.760948,164.993973,2.938183,-0.061206,1.183638
1778850759.364867,133.067001,-4.760948,164.993973,2.938183,-0.061206,1.183638
1778850759.3652472,133.067001,-4.760948,164.993973,2.938183,-0.061206,1.183638
1778850759.3656094,133.067001,-4.760948,164.993973,2.938183,-0.061206,1.183638
1778850759.3660007,133.067001,-4.760948,164.993973,2.938183,-0.061206,1.183638
1778850759.366369,133.067001,-4.760948,164.993973,2.938183,-0.061206,1.183638
1778850759.366744,133.067001,-4.760948,164.993973,2.938183,-0.061206,1.183638
1778850759.367104,133.042221,-4.765434,164.986481,2.938292,-0.061167,1.18306
1778850759.367469,133.042221,-4.765434,164.986481,2.938292,-0.061167,1.18306
1778850759.3678303,133.042221,-4.765434,164.986481,2.938292,-0.061167,1.18306
1778850759.3681858,133.042221,-4.765434,164.986481,2.938292,-0.061167,1.18306
1778850759.368544,133.042221,-4.765434,164.986481,2.938292,-0.061167,1.18306
1778850759.3689039,133.042221,-4.765434,164.986481,2.938292,-0.061167,1.18306
1778850759.3692648,133.042221,-4.765434,164.986481,2.938292,-0.061167,1.18306
1778850759.3696253,133.042221,-4.765434,164.986481,2.938292,-0.061167,1.18306
1778850759.3700447,133.042221,-4.765434,164.986481,2.938292,-0.061167,1.18306
1778850759.3704298,133.042221,-4.765434,164.986481,2.938292,-0.061167,1.18306
1778850759.3707998,133.042221,-4.765434,164.986481,2.938292,-0.061167,1.18306
1778850759.3711696,133.017441,-4.76991,164.978989,2.938401,-0.061127,1.182482
1778850759.3715405,133.017441,-4.76991,164.978989,2.938401,-0.061127,1.182482
1778850759.3719442,133.017441,-4.76991,164.978989,2.938401,-0.061127,1.182482
1778850759.372307,133.017441,-4.76991,164.978989,2.938401,-0.061127,1.182482
1778850759.3726625,133.017441,-4.76991,164.978989,2.938401,-0.061127,1.182482
1778850759.3730752,133.017441,-4.76991,164.978989,2.938401,-0.061127,1.182482
1778850759.3734553,133.017441,-4.76991,164.978989,2.938401,-0.061127,1.182482
1778850759.373859,133.017441,-4.76991,164.978989,2.938401,-0.061127,1.182482
1778850759.3742495,133.017441,-4.76991,164.978989,2.938401,-0.061127,1.182482
1778850759.3746386,133.017441,-4.76991,164.978989,2.938401,-0.061127,1.182482
1778850759.375045,132.99263,-4.774376,164.971497,2.938509,-0.061088,1.181904
1778850759.3754208,132.99263,-4.774376,164.971497,2.938509,-0.061088,1.181904
1778850759.3757885,132.99263,-4.774376,164.971497,2.938509,-0.061088,1.181904
1778850759.3762252,132.99263,-4.774376,164.971497,2.938509,-0.061088,1.181904
1778850759.3766139,132.99263,-4.774376,164.971497,2.938509,-0.061088,1.181904
1778850759.3770807,132.99263,-4.774376,164.971497,2.938509,-0.061088,1.181904
1778850759.3774688,132.99263,-4.774376,164.971497,2.938509,-0.061088,1.181904
1778850759.3778527,132.99263,-4.774376,164.971497,2.938509,-0.061088,1.181904
1778850759.3782496,132.99263,-4.774376,164.971497,2.938509,-0.061088,1.181904
1778850759.3786225,132.99263,-4.774376,164.971497,2.938509,-0.061088,1.181904
1778850759.3789885,132.967834,-4.778832,164.964005,2.938618,-0.061048,1.181326
1778850759.3793676,132.967834,-4.778832,164.964005,2.938618,-0.061048,1.181326
1778850759.379766,132.967834,-4.778832,164.964005,2.938618,-0.061048,1.181326
1778850759.380137,132.967834,-4.778832,164.964005,2.938618,-0.061048,1.181326
1778850759.380505,132.967834,-4.778832,164.964005,2.938618,-0.061048,1.181326
1778850759.380893,132.967834,-4.778832,164.964005,2.938618,-0.061048,1.181326
1778850759.3813078,132.967834,-4.778832,164.964005,2.938618,-0.061048,1.181326
1778850759.3816762,132.967834,-4.778832,164.964005,2.938618,-0.061048,1.181326
1778850759.3820832,132.967834,-4.778832,164.964005,2.938618,-0.061048,1.181326
1778850759.3824627,132.967834,-4.778832,164.964005,2.938618,-0.061048,1.181326
1778850759.3828404,132.967834,-4.778832,164.964005,2.938618,-0.061048,1.181326
1778850759.383232,132.943008,-4.783278,164.956512,2.938727,-0.061009,1.180748
1778850759.3836133,132.943008,-4.783278,164.956512,2.938727,-0.061009,1.180748
1778850759.3840008,132.943008,-4.783278,164.956512,2.938727,-0.061009,1.180748
1778850759.384392,132.943008,-4.783278,164.956512,2.938727,-0.061009,1.180748
1778850759.3848114,132.943008,-4.783278,164.956512,2.938727,-0.061009,1.180748
1778850759.3851972,132.943008,-4.783278,164.956512,2.938727,-0.061009,1.180748
1778850759.3856041,132.943008,-4.783278,164.956512,2.938727,-0.061009,1.180748
1778850759.3859913,132.943008,-4.783278,164.956512,2.938727,-0.061009,1.180748
1778850759.3863611,132.943008,-4.783278,164.956512,2.938727,-0.061009,1.180748
1778850759.3867583,132.943008,-4.783278,164.956512,2.938727,-0.061009,1.180748
1778850759.3871336,132.918198,-4.787714,164.949036,2.938837,-0.060969,1.18017
1778850759.3875058,132.918198,-4.787714,164.949036,2.938837,-0.060969,1.18017
1778850759.3878772,132.918198,-4.787714,164.949036,2.938837,-0.060969,1.18017
1778850759.3882475,132.918198,-4.787714,164.949036,2.938837,-0.060969,1.18017
1778850759.3886087,132.918198,-4.787714,164.949036,2.938837,-0.060969,1.18017
1778850759.3890057,132.918198,-4.787714,164.949036,2.938837,-0.060969,1.18017
1778850759.3893921,132.918198,-4.787714,164.949036,2.938837,-0.060969,1.18017
1778850759.3898268,132.918198,-4.787714,164.949036,2.938837,-0.060969,1.18017
1778850759.3902347,132.918198,-4.787714,164.949036,2.938837,-0.060969,1.18017
1778850759.3906083,132.918198,-4.787714,164.949036,2.938837,-0.060969,1.18017
1778850759.3910754,132.893356,-4.79214,164.941544,2.938946,-0.06093,1.179592
1778850759.3914833,132.893356,-4.79214,164.941544,2.938946,-0.06093,1.179592
1778850759.391854,132.893356,-4.79214,164.941544,2.938946,-0.06093,1.179592
1778850759.3922393,132.893356,-4.79214,164.941544,2.938946,-0.06093,1.179592
1778850759.3926091,132.893356,-4.79214,164.941544,2.938946,-0.06093,1.179592
1778850759.3929873,132.893356,-4.79214,164.941544,2.938946,-0.06093,1.179592
1778850759.3933904,132.893356,-4.79214,164.941544,2.938946,-0.06093,1.179592
1778850759.393878,132.893356,-4.79214,164.941544,2.938946,-0.06093,1.179592
1778850759.394252,132.893356,-4.79214,164.941544,2.938946,-0.06093,1.179592
1778850759.3946538,132.893356,-4.79214,164.941544,2.938946,-0.06093,1.179592
1778850759.395058,132.893356,-4.79214,164.941544,2.938946,-0.06093,1.179592
1778850759.3954515,132.868515,-4.796556,164.934052,2.939055,-0.06089,1.179014
1778850759.395826,132.868515,-4.796556,164.934052,2.939055,-0.06089,1.179014
1778850759.396209,132.868515,-4.796556,164.934052,2.939055,-0.06089,1.179014
1778850759.396586,132.868515,-4.796556,164.934052,2.939055,-0.06089,1.179014
1778850759.3969703,132.868515,-4.796556,164.934052,2.939055,-0.06089,1.179014
1778850759.3973408,132.868515,-4.796556,164.934052,2.939055,-0.06089,1.179014
1778850759.3977754,132.868515,-4.796556,164.934052,2.939055,-0.06089,1.179014
1778850759.3981516,132.868515,-4.796556,164.934052,2.939055,-0.06089,1.179014
1778850759.3985302,132.868515,-4.796556,164.934052,2.939055,-0.06089,1.179014
1778850759.3988936,132.868515,-4.796556,164.934052,2.939055,-0.06089,1.179014
1778850759.3992872,132.843658,-4.800962,164.926559,2.939164,-0.060851,1.178436
1778850759.3996563,132.843658,-4.800962,164.926559,2.939164,-0.060851,1.178436
1778850759.4000535,132.843658,-4.800962,164.926559,2.939164,-0.060851,1.178436
1778850759.400456,132.843658,-4.800962,164.926559,2.939164,-0.060851,1.178436
1778850759.4008303,132.843658,-4.800962,164.926559,2.939164,-0.060851,1.178436
1778850759.4013345,132.843658,-4.800962,164.926559,2.939164,-0.060851,1.178436
1778850759.401699,132.843658,-4.800962,164.926559,2.939164,-0.060851,1.178436
1778850759.402129,132.843658,-4.800962,164.926559,2.939164,-0.060851,1.178436
1778850759.4025073,132.843658,-4.800962,164.926559,2.939164,-0.060851,1.178436
1778850759.402886,132.843658,-4.800962,164.926559,2.939164,-0.060851,1.178436
1778850759.4032855,132.818802,-4.805358,164.919083,2.939274,-0.060811,1.177858
1778850759.403706,132.818802,-4.805358,164.919083,2.939274,-0.060811,1.177858
1778850759.4041262,132.818802,-4.805358,164.919083,2.939274,-0.060811,1.177858
1778850759.4045467,132.818802,-4.805358,164.919083,2.939274,-0.060811,1.177858
1778850759.4049482,132.818802,-4.805358,164.919083,2.939274,-0.060811,1.177858
1778850759.4053388,132.818802,-4.805358,164.919083,2.939274,-0.060811,1.177858
1778850759.405718,132.818802,-4.805358,164.919083,2.939274,-0.060811,1.177858
1778850759.4061236,132.818802,-4.805358,164.919083,2.939274,-0.060811,1.177858
1778850759.4065096,132.818802,-4.805358,164.919083,2.939274,-0.060811,1.177858
1778850759.4069078,132.818802,-4.805358,164.919083,2.939274,-0.060811,1.177858
1778850759.4072835,132.79393,-4.809744,164.911591,2.939383,-0.060772,1.17728
1778850759.4076574,132.79393,-4.809744,164.911591,2.939383,-0.060772,1.17728
1778850759.4080417,132.79393,-4.809744,164.911591,2.939383,-0.060772,1.17728
1778850759.408411,132.79393,-4.809744,164.911591,2.939383,-0.060772,1.17728
1778850759.4088304,132.79393,-4.809744,164.911591,2.939383,-0.060772,1.17728
1778850759.4091997,132.79393,-4.809744,164.911591,2.939383,-0.060772,1.17728
1778850759.4095979,132.79393,-4.809744,164.911591,2.939383,-0.060772,1.17728
1778850759.4100735,132.79393,-4.809744,164.911591,2.939383,-0.060772,1.17728
1778850759.4104714,132.79393,-4.809744,164.911591,2.939383,-0.060772,1.17728
1778850759.410849,132.79393,-4.809744,164.911591,2.939383,-0.060772,1.17728
1778850759.4112558,132.769043,-4.81412,164.904099,2.939493,-0.060732,1.176703
1778850759.4116356,132.769043,-4.81412,164.904099,2.939493,-0.060732,1.176703
1778850759.4120448,132.769043,-4.81412,164.904099,2.939493,-0.060732,1.176703
1778850759.4124103,132.769043,-4.81412,164.904099,2.939493,-0.060732,1.176703
1778850759.4127872,132.769043,-4.81412,164.904099,2.939493,-0.060732,1.176703
1778850759.4131727,132.769043,-4.81412,164.904099,2.939493,-0.060732,1.176703
1778850759.413649,132.769043,-4.81412,164.904099,2.939493,-0.060732,1.176703
1778850759.4140654,132.769043,-4.81412,164.904099,2.939493,-0.060732,1.176703
1778850759.4144392,132.769043,-4.81412,164.904099,2.939493,-0.060732,1.176703
1778850759.4148414,132.769043,-4.81412,164.904099,2.939493,-0.060732,1.176703
1778850759.4152565,132.744156,-4.818486,164.896622,2.939603,-0.060692,1.176125
1778850759.4156234,132.744156,-4.818486,164.896622,2.939603,-0.060692,1.176125
1778850759.415993,132.744156,-4.818486,164.896622,2.939603,-0.060692,1.176125
1778850759.4163535,132.744156,-4.818486,164.896622,2.939603,-0.060692,1.176125
1778850759.4167151,132.744156,-4.818486,164.896622,2.939603,-0.060692,1.176125
1778850759.4170911,132.744156,-4.818486,164.896622,2.939603,-0.060692,1.176125
1778850759.4174938,132.744156,-4.818486,164.896622,2.939603,-0.060692,1.176125
1778850759.417925,132.744156,-4.818486,164.896622,2.939603,-0.060692,1.176125
1778850759.4183445,132.744156,-4.818486,164.896622,2.939603,-0.060692,1.176125
1778850759.4187758,132.744156,-4.818486,164.896622,2.939603,-0.060692,1.176125
1778850759.4191928,132.719254,-4.822841,164.88913,2.939713,-0.060653,1.175547
1778850759.4195895,132.719254,-4.822841,164.88913,2.939713,-0.060653,1.175547
1778850759.4199798,132.719254,-4.822841,164.88913,2.939713,-0.060653,1.175547
1778850759.4203649,132.719254,-4.822841,164.88913,2.939713,-0.060653,1.175547
1778850759.4207745,132.719254,-4.822841,164.88913,2.939713,-0.060653,1.175547
1778850759.4211795,132.719254,-4.822841,164.88913,2.939713,-0.060653,1.175547
1778850759.4215744,132.719254,-4.822841,164.88913,2.939713,-0.060653,1.175547
1778850759.4219613,132.719254,-4.822841,164.88913,2.939713,-0.060653,1.175547
1778850759.4223437,132.719254,-4.822841,164.88913,2.939713,-0.060653,1.175547
1778850759.4227242,132.719254,-4.822841,164.88913,2.939713,-0.060653,1.175547
1778850759.4231148,132.694336,-4.827187,164.881638,2.939822,-0.060613,1.174969
1778850759.4235215,132.694336,-4.827187,164.881638,2.939822,-0.060613,1.174969
1778850759.423949,132.694336,-4.827187,164.881638,2.939822,-0.060613,1.174969
1778850759.4243157,132.694336,-4.827187,164.881638,2.939822,-0.060613,1.174969
1778850759.4246774,132.694336,-4.827187,164.881638,2.939822,-0.060613,1.174969
1778850759.4250941,132.694336,-4.827187,164.881638,2.939822,-0.060613,1.174969
1778850759.4254615,132.694336,-4.827187,164.881638,2.939822,-0.060613,1.174969
1778850759.4258564,132.694336,-4.827187,164.881638,2.939822,-0.060613,1.174969
1778850759.4262397,132.694336,-4.827187,164.881638,2.939822,-0.060613,1.174969
1778850759.4266088,132.694336,-4.827187,164.881638,2.939822,-0.060613,1.174969
1778850759.42703,132.669418,-4.831523,164.874161,2.939932,-0.060573,1.174392
1778850759.427422,132.669418,-4.831523,164.874161,2.939932,-0.060573,1.174392
1778850759.4278023,132.669418,-4.831523,164.874161,2.939932,-0.060573,1.174392
1778850759.4281704,132.669418,-4.831523,164.874161,2.939932,-0.060573,1.174392
1778850759.4285593,132.669418,-4.831523,164.874161,2.939932,-0.060573,1.174392
1778850759.4289505,132.669418,-4.831523,164.874161,2.939932,-0.060573,1.174392
1778850759.4293473,132.669418,-4.831523,164.874161,2.939932,-0.060573,1.174392
1778850759.4297175,132.669418,-4.831523,164.874161,2.939932,-0.060573,1.174392
1778850759.4301164,132.669418,-4.831523,164.874161,2.939932,-0.060573,1.174392
1778850759.4304843,132.669418,-4.831523,164.874161,2.939932,-0.060573,1.174392
1778850759.430859,132.644501,-4.835848,164.866669,2.940042,-0.060534,1.173814
1778850759.4312425,132.644501,-4.835848,164.866669,2.940042,-0.060534,1.173814
1778850759.4316072,132.644501,-4.835848,164.866669,2.940042,-0.060534,1.173814
1778850759.4320452,132.644501,-4.835848,164.866669,2.940042,-0.060534,1.173814
1778850759.4324052,132.644501,-4.835848,164.866669,2.940042,-0.060534,1.173814
1778850759.4327874,132.644501,-4.835848,164.866669,2.940042,-0.060534,1.173814
1778850759.4331503,132.644501,-4.835848,164.866669,2.940042,-0.060534,1.173814
1778850759.4336174,132.644501,-4.835848,164.866669,2.940042,-0.060534,1.173814
1778850759.434106,132.644501,-4.835848,164.866669,2.940042,-0.060534,1.173814
1778850759.434485,132.644501,-4.835848,164.866669,2.940042,-0.060534,1.173814
1778850759.4348874,132.619553,-4.840164,164.859192,2.940152,-0.060494,1.173236
1778850759.435284,132.619553,-4.840164,164.859192,2.940152,-0.060494,1.173236
1778850759.435645,132.619553,-4.840164,164.859192,2.940152,-0.060494,1.173236
1778850759.436011,132.619553,-4.840164,164.859192,2.940152,-0.060494,1.173236
1778850759.436375,132.619553,-4.840164,164.859192,2.940152,-0.060494,1.173236
1778850759.4367414,132.619553,-4.840164,164.859192,2.940152,-0.060494,1.173236
1778850759.4371293,132.619553,-4.840164,164.859192,2.940152,-0.060494,1.173236
1778850759.4375284,132.619553,-4.840164,164.859192,2.940152,-0.060494,1.173236
1778850759.4379086,132.619553,-4.840164,164.859192,2.940152,-0.060494,1.173236
1778850759.4382927,132.619553,-4.840164,164.859192,2.940152,-0.060494,1.173236
1778850759.4386816,132.619553,-4.840164,164.859192,2.940152,-0.060494,1.173236
1778850759.4390955,132.594604,-4.844469,164.8517,2.940263,-0.060454,1.172658
1778850759.4394734,132.594604,-4.844469,164.8517,2.940263,-0.060454,1.172658
1778850759.4398372,132.594604,-4.844469,164.8517,2.940263,-0.060454,1.172658
1778850759.4402413,132.594604,-4.844469,164.8517,2.940263,-0.060454,1.172658
1778850759.4406075,132.594604,-4.844469,164.8517,2.940263,-0.060454,1.172658
1778850759.4410603,132.594604,-4.844469,164.8517,2.940263,-0.060454,1.172658
1778850759.4414425,132.594604,-4.844469,164.8517,2.940263,-0.060454,1.172658
1778850759.4418683,132.594604,-4.844469,164.8517,2.940263,-0.060454,1.172658
1778850759.4425032,132.594604,-4.844469,164.8517,2.940263,-0.060454,1.172658
1778850759.4429243,132.569656,-4.848764,164.844208,2.940373,-0.060415,1.172081
1778850759.4433072,132.569656,-4.848764,164.844208,2.940373,-0.060415,1.172081
1778850759.4437115,132.569656,-4.848764,164.844208,2.940373,-0.060415,1.172081
1778850759.4441113,132.569656,-4.848764,164.844208,2.940373,-0.060415,1.172081
1778850759.4444852,132.569656,-4.848764,164.844208,2.940373,-0.060415,1.172081
1778850759.4448457,132.569656,-4.848764,164.844208,2.940373,-0.060415,1.172081
1778850759.4452436,132.569656,-4.848764,164.844208,2.940373,-0.060415,1.172081
1778850759.445615,132.569656,-4.848764,164.844208,2.940373,-0.060415,1.172081
1778850759.4460244,132.569656,-4.848764,164.844208,2.940373,-0.060415,1.172081
1778850759.446397,132.569656,-4.848764,164.844208,2.940373,-0.060415,1.172081
1778850759.4467988,132.569656,-4.848764,164.844208,2.940373,-0.060415,1.172081
1778850759.4471595,132.544693,-4.853049,164.836731,2.940483,-0.060375,1.171503
1778850759.4475224,132.544693,-4.853049,164.836731,2.940483,-0.060375,1.171503
1778850759.4478862,132.544693,-4.853049,164.836731,2.940483,-0.060375,1.171503
1778850759.4482572,132.544693,-4.853049,164.836731,2.940483,-0.060375,1.171503
1778850759.4486184,132.544693,-4.853049,164.836731,2.940483,-0.060375,1.171503
1778850759.4489894,132.544693,-4.853049,164.836731,2.940483,-0.060375,1.171503
1778850759.4493678,132.544693,-4.853049,164.836731,2.940483,-0.060375,1.171503
1778850759.4497857,132.544693,-4.853049,164.836731,2.940483,-0.060375,1.171503
1778850759.4501495,132.544693,-4.853049,164.836731,2.940483,-0.060375,1.171503
1778850759.45054,132.544693,-4.853049,164.836731,2.940483,-0.060375,1.171503
1778850759.450899,132.519714,-4.857324,164.829254,2.940594,-0.060335,1.170925
1778850759.451259,132.519714,-4.857324,164.829254,2.940594,-0.060335,1.170925
1778850759.4516268,132.519714,-4.857324,164.829254,2.940594,-0.060335,1.170925
1778850759.4519846,132.519714,-4.857324,164.829254,2.940594,-0.060335,1.170925
1778850759.4523928,132.519714,-4.857324,164.829254,2.940594,-0.060335,1.170925
1778850759.4528,132.519714,-4.857324,164.829254,2.940594,-0.060335,1.170925
1778850759.453174,132.519714,-4.857324,164.829254,2.940594,-0.060335,1.170925
1778850759.4535978,132.519714,-4.857324,164.829254,2.940594,-0.060335,1.170925
1778850759.454106,132.519714,-4.857324,164.829254,2.940594,-0.060335,1.170925
1778850759.454507,132.519714,-4.857324,164.829254,2.940594,-0.060335,1.170925
1778850759.4549,132.494736,-4.861589,164.821762,2.940704,-0.060295,1.170348
1778850759.4552631,132.494736,-4.861589,164.821762,2.940704,-0.060295,1.170348
1778850759.4556253,132.494736,-4.861589,164.821762,2.940704,-0.060295,1.170348
1778850759.4559848,132.494736,-4.861589,164.821762,2.940704,-0.060295,1.170348
1778850759.4563415,132.494736,-4.861589,164.821762,2.940704,-0.060295,1.170348
1778850759.4567046,132.494736,-4.861589,164.821762,2.940704,-0.060295,1.170348
1778850759.457094,132.494736,-4.861589,164.821762,2.940704,-0.060295,1.170348
1778850759.4574907,132.494736,-4.861589,164.821762,2.940704,-0.060295,1.170348
1778850759.457854,132.494736,-4.861589,164.821762,2.940704,-0.060295,1.170348
1778850759.458227,132.494736,-4.861589,164.821762,2.940704,-0.060295,1.170348
1778850759.4586737,132.494736,-4.861589,164.821762,2.940704,-0.060295,1.170348
1778850759.4590647,132.469742,-4.865844,164.814285,2.940815,-0.060256,1.16977
1778850759.4594302,132.469742,-4.865844,164.814285,2.940815,-0.060256,1.16977
1778850759.4597945,132.469742,-4.865844,164.814285,2.940815,-0.060256,1.16977
1778850759.4601543,132.469742,-4.865844,164.814285,2.940815,-0.060256,1.16977
1778850759.4605155,132.469742,-4.865844,164.814285,2.940815,-0.060256,1.16977
1778850759.4608896,132.469742,-4.865844,164.814285,2.940815,-0.060256,1.16977
1778850759.4613037,132.469742,-4.865844,164.814285,2.940815,-0.060256,1.16977
1778850759.4616783,132.469742,-4.865844,164.814285,2.940815,-0.060256,1.16977
1778850759.4620795,132.469742,-4.865844,164.814285,2.940815,-0.060256,1.16977
1778850759.462525,132.469742,-4.865844,164.814285,2.940815,-0.060256,1.16977
1778850759.4629257,132.444733,-4.870088,164.806793,2.940926,-0.060216,1.169192
1778850759.4633152,132.444733,-4.870088,164.806793,2.940926,-0.060216,1.169192
1778850759.4637089,132.444733,-4.870088,164.806793,2.940926,-0.060216,1.169192
1778850759.4641376,132.444733,-4.870088,164.806793,2.940926,-0.060216,1.169192
1778850759.4645097,132.444733,-4.870088,164.806793,2.940926,-0.060216,1.169192
1778850759.4648905,132.444733,-4.870088,164.806793,2.940926,-0.060216,1.169192
1778850759.4652593,132.444733,-4.870088,164.806793,2.940926,-0.060216,1.169192
1778850759.4656258,132.444733,-4.870088,164.806793,2.940926,-0.060216,1.169192
1778850759.4659925,132.444733,-4.870088,164.806793,2.940926,-0.060216,1.169192
1778850759.4663653,132.444733,-4.870088,164.806793,2.940926,-0.060216,1.169192
1778850759.4667685,132.444733,-4.870088,164.806793,2.940926,-0.060216,1.169192
1778850759.46713,132.419724,-4.874322,164.799316,2.941036,-0.060176,1.168615
1778850759.4674945,132.419724,-4.874322,164.799316,2.941036,-0.060176,1.168615
1778850759.4678578,132.419724,-4.874322,164.799316,2.941036,-0.060176,1.168615
1778850759.4682257,132.419724,-4.874322,164.799316,2.941036,-0.060176,1.168615
1778850759.4685836,132.419724,-4.874322,164.799316,2.941036,-0.060176,1.168615
1778850759.4689586,132.419724,-4.874322,164.799316,2.941036,-0.060176,1.168615
1778850759.46934,132.419724,-4.874322,164.799316,2.941036,-0.060176,1.168615
1778850759.469759,132.419724,-4.874322,164.799316,2.941036,-0.060176,1.168615
1778850759.470141,132.419724,-4.874322,164.799316,2.941036,-0.060176,1.168615
1778850759.470567,132.419724,-4.874322,164.799316,2.941036,-0.060176,1.168615
1778850759.4709587,132.394699,-4.878546,164.791824,2.941147,-0.060136,1.168037
1778850759.4713244,132.394699,-4.878546,164.791824,2.941147,-0.060136,1.168037
1778850759.4716873,132.394699,-4.878546,164.791824,2.941147,-0.060136,1.168037
1778850759.4720535,132.394699,-4.878546,164.791824,2.941147,-0.060136,1.168037
1778850759.4724119,132.394699,-4.878546,164.791824,2.941147,-0.060136,1.168037
1778850759.4728029,132.394699,-4.878546,164.791824,2.941147,-0.060136,1.168037
1778850759.4731884,132.394699,-4.878546,164.791824,2.941147,-0.060136,1.168037
1778850759.473634,132.394699,-4.878546,164.791824,2.941147,-0.060136,1.168037
1778850759.4740765,132.394699,-4.878546,164.791824,2.941147,-0.060136,1.168037
1778850759.4744923,132.394699,-4.878546,164.791824,2.941147,-0.060136,1.168037
1778850759.474891,132.369675,-4.88276,164.784348,2.941258,-0.060096,1.16746
1778850759.4752617,132.369675,-4.88276,164.784348,2.941258,-0.060096,1.16746
1778850759.475632,132.369675,-4.88276,164.784348,2.941258,-0.060096,1.16746
1778850759.4759989,132.369675,-4.88276,164.784348,2.941258,-0.060096,1.16746
1778850759.4763634,132.369675,-4.88276,164.784348,2.941258,-0.060096,1.16746
1778850759.476729,132.369675,-4.88276,164.784348,2.941258,-0.060096,1.16746
1778850759.4771051,132.369675,-4.88276,164.784348,2.941258,-0.060096,1.16746
1778850759.477472,132.369675,-4.88276,164.784348,2.941258,-0.060096,1.16746
1778850759.4778502,132.369675,-4.88276,164.784348,2.941258,-0.060096,1.16746
1778850759.4782817,132.369675,-4.88276,164.784348,2.941258,-0.060096,1.16746
1778850759.4786456,132.369675,-4.88276,164.784348,2.941258,-0.060096,1.16746
1778850759.4790275,132.344635,-4.886964,164.776871,2.941369,-0.060057,1.166882
1778850759.47939,132.344635,-4.886964,164.776871,2.941369,-0.060057,1.166882
1778850759.4797885,132.344635,-4.886964,164.776871,2.941369,-0.060057,1.166882
1778850759.480143,132.344635,-4.886964,164.776871,2.941369,-0.060057,1.166882
1778850759.48052,132.344635,-4.886964,164.776871,2.941369,-0.060057,1.166882
1778850759.4808881,132.344635,-4.886964,164.776871,2.941369,-0.060057,1.166882
1778850759.4813035,132.344635,-4.886964,164.776871,2.941369,-0.060057,1.166882
1778850759.4816766,132.344635,-4.886964,164.776871,2.941369,-0.060057,1.166882
1778850759.4820724,132.344635,-4.886964,164.776871,2.941369,-0.060057,1.166882
1778850759.4824374,132.344635,-4.886964,164.776871,2.941369,-0.060057,1.166882
1778850759.4828026,132.344635,-4.886964,164.776871,2.941369,-0.060057,1.166882
1778850759.4831712,132.319595,-4.891157,164.769379,2.94148,-0.060017,1.166305
1778850759.4835653,132.319595,-4.891157,164.769379,2.94148,-0.060017,1.166305
1778850759.4839857,132.319595,-4.891157,164.769379,2.94148,-0.060017,1.166305
1778850759.484354,132.319595,-4.891157,164.769379,2.94148,-0.060017,1.166305
1778850759.4847472,132.319595,-4.891157,164.769379,2.94148,-0.060017,1.166305
1778850759.485152,132.319595,-4.891157,164.769379,2.94148,-0.060017,1.166305
1778850759.485582,132.319595,-4.891157,164.769379,2.94148,-0.060017,1.166305
1778850759.4859636,132.319595,-4.891157,164.769379,2.94148,-0.060017,1.166305
1778850759.4863422,132.319595,-4.891157,164.769379,2.94148,-0.060017,1.166305
1778850759.486744,132.319595,-4.891157,164.769379,2.94148,-0.060017,1.166305
1778850759.4871209,132.29454,-4.89534,164.761902,2.941592,-0.059977,1.165727
1778850759.4874864,132.29454,-4.89534,164.761902,2.941592,-0.059977,1.165727
1778850759.4878526,132.29454,-4.89534,164.761902,2.941592,-0.059977,1.165727
1778850759.4882317,132.29454,-4.89534,164.761902,2.941592,-0.059977,1.165727
1778850759.4886026,132.29454,-4.89534,164.761902,2.941592,-0.059977,1.165727
1778850759.489001,132.29454,-4.89534,164.761902,2.941592,-0.059977,1.165727
1778850759.4893742,132.29454,-4.89534,164.761902,2.941592,-0.059977,1.165727
1778850759.4897447,132.29454,-4.89534,164.761902,2.941592,-0.059977,1.165727
1778850759.490126,132.29454,-4.89534,164.761902,2.941592,-0.059977,1.165727
1778850759.4904907,132.29454,-4.89534,164.761902,2.941592,-0.059977,1.165727
1778850759.490858,132.26947,-4.899513,164.754425,2.941703,-0.059937,1.16515
1778850759.4912324,132.26947,-4.899513,164.754425,2.941703,-0.059937,1.16515
1778850759.4915946,132.26947,-4.899513,164.754425,2.941703,-0.059937,1.16515
1778850759.4919677,132.26947,-4.899513,164.754425,2.941703,-0.059937,1.16515
1778850759.4923215,132.26947,-4.899513,164.754425,2.941703,-0.059937,1.16515
1778850759.4926786,132.26947,-4.899513,164.754425,2.941703,-0.059937,1.16515
1778850759.4930763,132.26947,-4.899513,164.754425,2.941703,-0.059937,1.16515
1778850759.4935102,132.26947,-4.899513,164.754425,2.941703,-0.059937,1.16515
1778850759.4938967,132.26947,-4.899513,164.754425,2.941703,-0.059937,1.16515
1778850759.4943492,132.26947,-4.899513,164.754425,2.941703,-0.059937,1.16515
1778850759.4947605,132.26947,-4.899513,164.754425,2.941703,-0.059937,1.16515
1778850759.495142,132.2444,-4.903676,164.746948,2.941814,-0.059897,1.164572
1778850759.495508,132.2444,-4.903676,164.746948,2.941814,-0.059897,1.164572
1778850759.4958777,132.2444,-4.903676,164.746948,2.941814,-0.059897,1.164572
1778850759.4962404,132.2444,-4.903676,164.746948,2.941814,-0.059897,1.164572
1778850759.4966035,132.2444,-4.903676,164.746948,2.941814,-0.059897,1.164572
1778850759.4969945,132.2444,-4.903676,164.746948,2.941814,-0.059897,1.164572
1778850759.497381,132.2444,-4.903676,164.746948,2.941814,-0.059897,1.164572
1778850759.4977949,132.2444,-4.903676,164.746948,2.941814,-0.059897,1.164572
1778850759.4981766,132.2444,-4.903676,164.746948,2.941814,-0.059897,1.164572
1778850759.4985738,132.2444,-4.903676,164.746948,2.941814,-0.059897,1.164572
1778850759.4991033,132.219315,-4.907828,164.739471,2.941926,-0.059857,1.163995
1778850759.499508,132.219315,-4.907828,164.739471,2.941926,-0.059857,1.163995
1778850759.4998794,132.219315,-4.907828,164.739471,2.941926,-0.059857,1.163995
1778850759.50025,132.219315,-4.907828,164.739471,2.941926,-0.059857,1.163995
1778850759.5006168,132.219315,-4.907828,164.739471,2.941926,-0.059857,1.163995
1778850759.501094,132.219315,-4.907828,164.739471,2.941926,-0.059857,1.163995
1778850759.5015037,132.219315,-4.907828,164.739471,2.941926,-0.059857,1.163995
1778850759.5018811,132.219315,-4.907828,164.739471,2.941926,-0.059857,1.163995
1778850759.502259,132.219315,-4.907828,164.739471,2.941926,-0.059857,1.163995
1778850759.5026326,132.219315,-4.907828,164.739471,2.941926,-0.059857,1.163995
1778850759.5029984,132.194214,-4.91197,164.731979,2.942037,-0.059817,1.163417
1778850759.5033631,132.194214,-4.91197,164.731979,2.942037,-0.059817,1.163417
1778850759.5037498,132.194214,-4.91197,164.731979,2.942037,-0.059817,1.163417
1778850759.504159,132.194214,-4.91197,164.731979,2.942037,-0.059817,1.163417
1778850759.5045767,132.194214,-4.91197,164.731979,2.942037,-0.059817,1.163417
1778850759.5049708,132.194214,-4.91197,164.731979,2.942037,-0.059817,1.163417
1778850759.5053608,132.194214,-4.91197,164.731979,2.942037,-0.059817,1.163417
1778850759.5057244,132.194214,-4.91197,164.731979,2.942037,-0.059817,1.163417
1778850759.5061357,132.194214,-4.91197,164.731979,2.942037,-0.059817,1.163417
1778850759.5065358,132.194214,-4.91197,164.731979,2.942037,-0.059817,1.163417
1778850759.5069122,132.169113,-4.916102,164.724503,2.942149,-0.059777,1.16284
1778850759.507281,132.169113,-4.916102,164.724503,2.942149,-0.059777,1.16284
1778850759.507647,132.169113,-4.916102,164.724503,2.942149,-0.059777,1.16284
1778850759.5080512,132.169113,-4.916102,164.724503,2.942149,-0.059777,1.16284
1778850759.5084214,132.169113,-4.916102,164.724503,2.942149,-0.059777,1.16284
1778850759.5087867,132.169113,-4.916102,164.724503,2.942149,-0.059777,1.16284
1778850759.509181,132.169113,-4.916102,164.724503,2.942149,-0.059777,1.16284
1778850759.5095723,132.169113,-4.916102,164.724503,2.942149,-0.059777,1.16284
1778850759.5099595,132.169113,-4.916102,164.724503,2.942149,-0.059777,1.16284
1778850759.5103483,132.169113,-4.916102,164.724503,2.942149,-0.059777,1.16284
1778850759.5107298,132.169113,-4.916102,164.724503,2.942149,-0.059777,1.16284
1778850759.5111043,132.144012,-4.920223,164.717026,2.942261,-0.059737,1.162263
1778850759.511474,132.144012,-4.920223,164.717026,2.942261,-0.059737,1.162263
1778850759.5118382,132.144012,-4.920223,164.717026,2.942261,-0.059737,1.162263
1778850759.5121994,132.144012,-4.920223,164.717026,2.942261,-0.059737,1.162263
1778850759.5125582,132.144012,-4.920223,164.717026,2.942261,-0.059737,1.162263
1778850759.5129197,132.144012,-4.920223,164.717026,2.942261,-0.059737,1.162263
1778850759.5133598,132.144012,-4.920223,164.717026,2.942261,-0.059737,1.162263
1778850759.5137208,132.144012,-4.920223,164.717026,2.942261,-0.059737,1.162263
1778850759.5140932,132.144012,-4.920223,164.717026,2.942261,-0.059737,1.162263
1778850759.5144691,132.144012,-4.920223,164.717026,2.942261,-0.059737,1.162263
1778850759.5148883,132.118881,-4.924335,164.709549,2.942372,-0.059697,1.161685
1778850759.5152955,132.118881,-4.924335,164.709549,2.942372,-0.059697,1.161685
1778850759.5156813,132.118881,-4.924335,164.709549,2.942372,-0.059697,1.161685
1778850759.5160599,132.118881,-4.924335,164.709549,2.942372,-0.059697,1.161685
1778850759.5164285,132.118881,-4.924335,164.709549,2.942372,-0.059697,1.161685
1778850759.5168295,132.118881,-4.924335,164.709549,2.942372,-0.059697,1.161685
1778850759.5171933,132.118881,-4.924335,164.709549,2.942372,-0.059697,1.161685
1778850759.5176272,132.118881,-4.924335,164.709549,2.942372,-0.059697,1.161685
1778850759.5180461,132.118881,-4.924335,164.709549,2.942372,-0.059697,1.161685
1778850759.518428,132.118881,-4.924335,164.709549,2.942372,-0.059697,1.161685
1778850759.518807,132.118881,-4.924335,164.709549,2.942372,-0.059697,1.161685
1778850759.5192175,132.093765,-4.928435,164.702072,2.942484,-0.059658,1.161108
1778850759.5195818,132.093765,-4.928435,164.702072,2.942484,-0.059658,1.161108
1778850759.519976,132.093765,-4.928435,164.702072,2.942484,-0.059658,1.161108
1778850759.520342,132.093765,-4.928435,164.702072,2.942484,-0.059658,1.161108
1778850759.520707,132.093765,-4.928435,164.702072,2.942484,-0.059658,1.161108
1778850759.5211143,132.093765,-4.928435,164.702072,2.942484,-0.059658,1.161108
1778850759.5214865,132.093765,-4.928435,164.702072,2.942484,-0.059658,1.161108
1778850759.5219107,132.093765,-4.928435,164.702072,2.942484,-0.059658,1.161108
1778850759.5223107,132.093765,-4.928435,164.702072,2.942484,-0.059658,1.161108
1778850759.522701,132.093765,-4.928435,164.702072,2.942484,-0.059658,1.161108
1778850759.5230868,132.068619,-4.932526,164.694595,2.942596,-0.059618,1.16053
1778850759.5234723,132.068619,-4.932526,164.694595,2.942596,-0.059618,1.16053
1778850759.5238552,132.068619,-4.932526,164.694595,2.942596,-0.059618,1.16053
1778850759.5242686,132.068619,-4.932526,164.694595,2.942596,-0.059618,1.16053
1778850759.5246444,132.068619,-4.932526,164.694595,2.942596,-0.059618,1.16053
1778850759.5250697,132.068619,-4.932526,164.694595,2.942596,-0.059618,1.16053
1778850759.5255218,132.068619,-4.932526,164.694595,2.942596,-0.059618,1.16053
1778850759.5259442,132.068619,-4.932526,164.694595,2.942596,-0.059618,1.16053
1778850759.526307,132.068619,-4.932526,164.694595,2.942596,-0.059618,1.16053
1778850759.5266967,132.068619,-4.932526,164.694595,2.942596,-0.059618,1.16053
1778850759.5270884,132.043472,-4.936606,164.687119,2.942708,-0.059578,1.159953
1778850759.5274527,132.043472,-4.936606,164.687119,2.942708,-0.059578,1.159953
1778850759.527811,132.043472,-4.936606,164.687119,2.942708,-0.059578,1.159953
1778850759.5281727,132.043472,-4.936606,164.687119,2.942708,-0.059578,1.159953
1778850759.5285678,132.043472,-4.936606,164.687119,2.942708,-0.059578,1.159953
1778850759.5289679,132.043472,-4.936606,164.687119,2.942708,-0.059578,1.159953
1778850759.5293472,132.043472,-4.936606,164.687119,2.942708,-0.059578,1.159953
1778850759.5298367,132.043472,-4.936606,164.687119,2.942708,-0.059578,1.159953
1778850759.5302215,132.043472,-4.936606,164.687119,2.942708,-0.059578,1.159953
1778850759.5305924,132.043472,-4.936606,164.687119,2.942708,-0.059578,1.159953
1778850759.530984,132.018326,-4.940676,164.679642,2.94282,-0.059538,1.159376
1778850759.5313523,132.018326,-4.940676,164.679642,2.94282,-0.059538,1.159376
1778850759.531724,132.018326,-4.940676,164.679642,2.94282,-0.059538,1.159376
1778850759.5321023,132.018326,-4.940676,164.679642,2.94282,-0.059538,1.159376
1778850759.5324647,132.018326,-4.940676,164.679642,2.94282,-0.059538,1.159376
1778850759.5328543,132.018326,-4.940676,164.679642,2.94282,-0.059538,1.159376
1778850759.5332687,132.018326,-4.940676,164.679642,2.94282,-0.059538,1.159376
1778850759.533658,132.018326,-4.940676,164.679642,2.94282,-0.059538,1.159376
1778850759.5340555,132.018326,-4.940676,164.679642,2.94282,-0.059538,1.159376
1778850759.5344367,132.018326,-4.940676,164.679642,2.94282,-0.059538,1.159376
1778850759.5348067,131.993164,-4.944735,164.672165,2.942933,-0.059498,1.158799
1778850759.5352123,131.993164,-4.944735,164.672165,2.942933,-0.059498,1.158799
1778850759.5356019,131.993164,-4.944735,164.672165,2.942933,-0.059498,1.158799
1778850759.5360894,131.993164,-4.944735,164.672165,2.942933,-0.059498,1.158799
1778850759.5364616,131.993164,-4.944735,164.672165,2.942933,-0.059498,1.158799
1778850759.536848,131.993164,-4.944735,164.672165,2.942933,-0.059498,1.158799
1778850759.537222,131.993164,-4.944735,164.672165,2.942933,-0.059498,1.158799
1778850759.5376506,131.993164,-4.944735,164.672165,2.942933,-0.059498,1.158799
1778850759.5380435,131.993164,-4.944735,164.672165,2.942933,-0.059498,1.158799
1778850759.5384223,131.993164,-4.944735,164.672165,2.942933,-0.059498,1.158799
1778850759.5388052,131.993164,-4.944735,164.672165,2.942933,-0.059498,1.158799
1778850759.539199,131.967987,-4.948784,164.664688,2.943045,-0.059457,1.158221
1778850759.5396245,131.967987,-4.948784,164.664688,2.943045,-0.059457,1.158221
1778850759.5400286,131.967987,-4.948784,164.664688,2.943045,-0.059457,1.158221
1778850759.540418,131.967987,-4.948784,164.664688,2.943045,-0.059457,1.158221
1778850759.5408435,131.967987,-4.948784,164.664688,2.943045,-0.059457,1.158221
1778850759.541219,131.967987,-4.948784,164.664688,2.943045,-0.059457,1.158221
1778850759.5415907,131.967987,-4.948784,164.664688,2.943045,-0.059457,1.158221
1778850759.541993,131.967987,-4.948784,164.664688,2.943045,-0.059457,1.158221
1778850759.5423703,131.967987,-4.948784,164.664688,2.943045,-0.059457,1.158221
1778850759.5427766,131.967987,-4.948784,164.664688,2.943045,-0.059457,1.158221
1778850759.5431442,131.94281,-4.952823,164.657211,2.943157,-0.059417,1.157644
1778850759.5435088,131.94281,-4.952823,164.657211,2.943157,-0.059417,1.157644
1778850759.5439038,131.94281,-4.952823,164.657211,2.943157,-0.059417,1.157644
1778850759.5442758,131.94281,-4.952823,164.657211,2.943157,-0.059417,1.157644
1778850759.544655,131.94281,-4.952823,164.657211,2.943157,-0.059417,1.157644
1778850759.5450442,131.94281,-4.952823,164.657211,2.943157,-0.059417,1.157644
1778850759.545429,131.94281,-4.952823,164.657211,2.943157,-0.059417,1.157644
1778850759.545873,131.94281,-4.952823,164.657211,2.943157,-0.059417,1.157644
1778850759.546297,131.94281,-4.952823,164.657211,2.943157,-0.059417,1.157644
1778850759.546669,131.94281,-4.952823,164.657211,2.943157,-0.059417,1.157644
1778850759.5470612,131.917618,-4.956851,164.649734,2.94327,-0.059377,1.157067
1778850759.5474286,131.917618,-4.956851,164.649734,2.94327,-0.059377,1.157067
1778850759.5477858,131.917618,-4.956851,164.649734,2.94327,-0.059377,1.157067
1778850759.5481687,131.917618,-4.956851,164.649734,2.94327,-0.059377,1.157067
1778850759.5485363,131.917618,-4.956851,164.649734,2.94327,-0.059377,1.157067
1778850759.5489123,131.917618,-4.956851,164.649734,2.94327,-0.059377,1.157067
1778850759.5493262,131.917618,-4.956851,164.649734,2.94327,-0.059377,1.157067
1778850759.5497038,131.917618,-4.956851,164.649734,2.94327,-0.059377,1.157067
1778850759.550117,131.917618,-4.956851,164.649734,2.94327,-0.059377,1.157067
1778850759.5504913,131.917618,-4.956851,164.649734,2.94327,-0.059377,1.157067
1778850759.5508575,131.892426,-4.960869,164.642258,2.943382,-0.059337,1.156489
1778850759.5512357,131.892426,-4.960869,164.642258,2.943382,-0.059337,1.156489
1778850759.551601,131.892426,-4.960869,164.642258,2.943382,-0.059337,1.156489
1778850759.5519767,131.892426,-4.960869,164.642258,2.943382,-0.059337,1.156489
1778850759.5523658,131.892426,-4.960869,164.642258,2.943382,-0.059337,1.156489
1778850759.5527232,131.892426,-4.960869,164.642258,2.943382,-0.059337,1.156489
1778850759.553086,131.892426,-4.960869,164.642258,2.943382,-0.059337,1.156489
1778850759.5534787,131.892426,-4.960869,164.642258,2.943382,-0.059337,1.156489
1778850759.5538826,131.892426,-4.960869,164.642258,2.943382,-0.059337,1.156489
1778850759.5542817,131.892426,-4.960869,164.642258,2.943382,-0.059337,1.156489
1778850759.5546632,131.892426,-4.960869,164.642258,2.943382,-0.059337,1.156489
1778850759.5550547,131.867218,-4.964877,164.634781,2.943495,-0.059297,1.155912
1778850759.5554297,131.867218,-4.964877,164.634781,2.943495,-0.059297,1.155912
1778850759.555812,131.867218,-4.964877,164.634781,2.943495,-0.059297,1.155912
1778850759.556197,131.867218,-4.964877,164.634781,2.943495,-0.059297,1.155912
1778850759.556604,131.867218,-4.964877,164.634781,2.943495,-0.059297,1.155912
1778850759.5571363,131.867218,-4.964877,164.634781,2.943495,-0.059297,1.155912
1778850759.5575993,131.867218,-4.964877,164.634781,2.943495,-0.059297,1.155912
1778850759.5579958,131.867218,-4.964877,164.634781,2.943495,-0.059297,1.155912
1778850759.5583854,131.867218,-4.964877,164.634781,2.943495,-0.059297,1.155912
1778850759.558798,131.867218,-4.964877,164.634781,2.943495,-0.059297,1.155912
1778850759.5591872,131.841995,-4.968874,164.627319,2.943607,-0.059257,1.155335
1778850759.5595949,131.841995,-4.968874,164.627319,2.943607,-0.059257,1.155335
1778850759.5601199,131.841995,-4.968874,164.627319,2.943607,-0.059257,1.155335
1778850759.5605311,131.841995,-4.968874,164.627319,2.943607,-0.059257,1.155335
1778850759.5609426,131.841995,-4.968874,164.627319,2.943607,-0.059257,1.155335
1778850759.561366,131.841995,-4.968874,164.627319,2.943607,-0.059257,1.155335
1778850759.5619829,131.841995,-4.968874,164.627319,2.943607,-0.059257,1.155335
1778850759.5624819,131.841995,-4.968874,164.627319,2.943607,-0.059257,1.155335
1778850759.5629327,131.816772,-4.97286,164.619843,2.94372,-0.059217,1.154758
1778850759.563619,131.816772,-4.97286,164.619843,2.94372,-0.059217,1.154758
1778850759.5640202,131.816772,-4.97286,164.619843,2.94372,-0.059217,1.154758
1778850759.5644274,131.816772,-4.97286,164.619843,2.94372,-0.059217,1.154758
1778850759.5648837,131.816772,-4.97286,164.619843,2.94372,-0.059217,1.154758
1778850759.5652928,131.816772,-4.97286,164.619843,2.94372,-0.059217,1.154758
1778850759.5656674,131.816772,-4.97286,164.619843,2.94372,-0.059217,1.154758
1778850759.5660892,131.816772,-4.97286,164.619843,2.94372,-0.059217,1.154758
1778850759.5664573,131.816772,-4.97286,164.619843,2.94372,-0.059217,1.154758
1778850759.5668263,131.816772,-4.97286,164.619843,2.94372,-0.059217,1.154758
1778850759.567205,131.791534,-4.976836,164.612366,2.943833,-0.059177,1.154181
1778850759.5675604,131.791534,-4.976836,164.612366,2.943833,-0.059177,1.154181
1778850759.567913,131.791534,-4.976836,164.612366,2.943833,-0.059177,1.154181
1778850759.5682635,131.791534,-4.976836,164.612366,2.943833,-0.059177,1.154181
1778850759.5686097,131.791534,-4.976836,164.612366,2.943833,-0.059177,1.154181
1778850759.5689747,131.791534,-4.976836,164.612366,2.943833,-0.059177,1.154181
1778850759.5693367,131.791534,-4.976836,164.612366,2.943833,-0.059177,1.154181
1778850759.5697322,131.791534,-4.976836,164.612366,2.943833,-0.059177,1.154181
1778850759.570128,131.791534,-4.976836,164.612366,2.943833,-0.059177,1.154181
1778850759.5704765,131.791534,-4.976836,164.612366,2.943833,-0.059177,1.154181
1778850759.570823,131.791534,-4.976836,164.612366,2.943833,-0.059177,1.154181
1778850759.5711603,131.766296,-4.980802,164.604889,2.943946,-0.059137,1.153604
1778850759.5714931,131.766296,-4.980802,164.604889,2.943946,-0.059137,1.153604
1778850759.5718312,131.766296,-4.980802,164.604889,2.943946,-0.059137,1.153604
1778850759.5721698,131.766296,-4.980802,164.604889,2.943946,-0.059137,1.153604
1778850759.5725067,131.766296,-4.980802,164.604889,2.943946,-0.059137,1.153604
1778850759.5728807,131.766296,-4.980802,164.604889,2.943946,-0.059137,1.153604
1778850759.573258,131.766296,-4.980802,164.604889,2.943946,-0.059137,1.153604
1778850759.573652,131.766296,-4.980802,164.604889,2.943946,-0.059137,1.153604
1778850759.5740368,131.766296,-4.980802,164.604889,2.943946,-0.059137,1.153604
1778850759.5744574,131.766296,-4.980802,164.604889,2.943946,-0.059137,1.153604
1778850759.5748475,131.766296,-4.980802,164.604889,2.943946,-0.059137,1.153604
1778850759.5752246,131.741058,-4.984757,164.597427,2.944059,-0.059097,1.153026
1778850759.5755959,131.741058,-4.984757,164.597427,2.944059,-0.059097,1.153026
1778850759.5759664,131.741058,-4.984757,164.597427,2.944059,-0.059097,1.153026
1778850759.5763292,131.741058,-4.984757,164.597427,2.944059,-0.059097,1.153026
1778850759.5767474,131.741058,-4.984757,164.597427,2.944059,-0.059097,1.153026
1778850759.5771353,131.741058,-4.984757,164.597427,2.944059,-0.059097,1.153026
1778850759.577549,131.741058,-4.984757,164.597427,2.944059,-0.059097,1.153026
1778850759.577923,131.741058,-4.984757,164.597427,2.944059,-0.059097,1.153026
1778850759.5783095,131.741058,-4.984757,164.597427,2.944059,-0.059097,1.153026
1778850759.578813,131.741058,-4.984757,164.597427,2.944059,-0.059097,1.153026
1778850759.5791738,131.71579,-4.988702,164.589951,2.944172,-0.059057,1.152449
1778850759.579558,131.71579,-4.988702,164.589951,2.944172,-0.059057,1.152449
1778850759.5799217,131.71579,-4.988702,164.589951,2.944172,-0.059057,1.152449
1778850759.5802796,131.71579,-4.988702,164.589951,2.944172,-0.059057,1.152449
1778850759.580713,131.71579,-4.988702,164.589951,2.944172,-0.059057,1.152449
1778850759.5811,131.71579,-4.988702,164.589951,2.944172,-0.059057,1.152449
1778850759.5815048,131.71579,-4.988702,164.589951,2.944172,-0.059057,1.152449
1778850759.581887,131.71579,-4.988702,164.589951,2.944172,-0.059057,1.152449
1778850759.5823224,131.71579,-4.988702,164.589951,2.944172,-0.059057,1.152449
1778850759.5827253,131.71579,-4.988702,164.589951,2.944172,-0.059057,1.152449
1778850759.5831373,131.690521,-4.992637,164.582474,2.944285,-0.059016,1.151872
1778850759.5835264,131.690521,-4.992637,164.582474,2.944285,-0.059016,1.151872
1778850759.583897,131.690521,-4.992637,164.582474,2.944285,-0.059016,1.151872
1778850759.5842693,131.690521,-4.992637,164.582474,2.944285,-0.059016,1.151872
1778850759.5846348,131.690521,-4.992637,164.582474,2.944285,-0.059016,1.151872
1778850759.5850756,131.690521,-4.992637,164.582474,2.944285,-0.059016,1.151872
1778850759.5854552,131.690521,-4.992637,164.582474,2.944285,-0.059016,1.151872
1778850759.5858474,131.690521,-4.992637,164.582474,2.944285,-0.059016,1.151872
1778850759.586222,131.690521,-4.992637,164.582474,2.944285,-0.059016,1.151872
1778850759.5866022,131.690521,-4.992637,164.582474,2.944285,-0.059016,1.151872
1778850759.5869884,131.665253,-4.996561,164.575012,2.944398,-0.058976,1.151295
1778850759.5873635,131.665253,-4.996561,164.575012,2.944398,-0.058976,1.151295
1778850759.5877533,131.665253,-4.996561,164.575012,2.944398,-0.058976,1.151295
1778850759.5881326,131.665253,-4.996561,164.575012,2.944398,-0.058976,1.151295
1778850759.5885015,131.665253,-4.996561,164.575012,2.944398,-0.058976,1.151295
1778850759.5888777,131.665253,-4.996561,164.575012,2.944398,-0.058976,1.151295
1778850759.5893297,131.665253,-4.996561,164.575012,2.944398,-0.058976,1.151295
1778850759.5897086,131.665253,-4.996561,164.575012,2.944398,-0.058976,1.151295
1778850759.5900943,131.665253,-4.996561,164.575012,2.944398,-0.058976,1.151295
1778850759.5905051,131.665253,-4.996561,164.575012,2.944398,-0.058976,1.151295
1778850759.5908792,131.639969,-5.000473,164.567535,2.944512,-0.058936,1.150718
1778850759.5912604,131.639969,-5.000473,164.567535,2.944512,-0.058936,1.150718
1778850759.5916195,131.639969,-5.000473,164.567535,2.944512,-0.058936,1.150718
1778850759.5919833,131.639969,-5.000473,164.567535,2.944512,-0.058936,1.150718
1778850759.5923417,131.639969,-5.000473,164.567535,2.944512,-0.058936,1.150718
1778850759.5927057,131.639969,-5.000473,164.567535,2.944512,-0.058936,1.150718
1778850759.5931084,131.639969,-5.000473,164.567535,2.944512,-0.058936,1.150718
1778850759.5934765,131.639969,-5.000473,164.567535,2.944512,-0.058936,1.150718
1778850759.5939336,131.639969,-5.000473,164.567535,2.944512,-0.058936,1.150718
1778850759.594333,131.639969,-5.000473,164.567535,2.944512,-0.058936,1.150718
1778850759.594765,131.639969,-5.000473,164.567535,2.944512,-0.058936,1.150718
1778850759.5951746,131.61467,-5.004376,164.560074,2.944625,-0.058896,1.150141
1778850759.5955415,131.61467,-5.004376,164.560074,2.944625,-0.058896,1.150141
1778850759.5959017,131.61467,-5.004376,164.560074,2.944625,-0.058896,1.150141
1778850759.5962608,131.61467,-5.004376,164.560074,2.944625,-0.058896,1.150141
1778850759.596618,131.61467,-5.004376,164.560074,2.944625,-0.058896,1.150141
1778850759.5970967,131.61467,-5.004376,164.560074,2.944625,-0.058896,1.150141
1778850759.5975208,131.61467,-5.004376,164.560074,2.944625,-0.058896,1.150141
1778850759.5980017,131.61467,-5.004376,164.560074,2.944625,-0.058896,1.150141
1778850759.5984147,131.61467,-5.004376,164.560074,2.944625,-0.058896,1.150141
1778850759.5988238,131.61467,-5.004376,164.560074,2.944625,-0.058896,1.150141
1778850759.5992236,131.589371,-5.008269,164.552597,2.944738,-0.058856,1.149564
1778850759.599605,131.589371,-5.008269,164.552597,2.944738,-0.058856,1.149564
1778850759.5999904,131.589371,-5.008269,164.552597,2.944738,-0.058856,1.149564
1778850759.6003563,131.589371,-5.008269,164.552597,2.944738,-0.058856,1.149564
1778850759.6007292,131.589371,-5.008269,164.552597,2.944738,-0.058856,1.149564
1778850759.6011076,131.589371,-5.008269,164.552597,2.944738,-0.058856,1.149564
1778850759.6014884,131.589371,-5.008269,164.552597,2.944738,-0.058856,1.149564
1778850759.601855,131.589371,-5.008269,164.552597,2.944738,-0.058856,1.149564
1778850759.6022544,131.589371,-5.008269,164.552597,2.944738,-0.058856,1.149564
1778850759.6026342,131.589371,-5.008269,164.552597,2.944738,-0.058856,1.149564
1778850759.6030047,131.564056,-5.012151,164.545135,2.944852,-0.058815,1.148987
1778850759.603368,131.564056,-5.012151,164.545135,2.944852,-0.058815,1.148987
1778850759.6037455,131.564056,-5.012151,164.545135,2.944852,-0.058815,1.148987
1778850759.6041355,131.564056,-5.012151,164.545135,2.944852,-0.058815,1.148987
1778850759.6044965,131.564056,-5.012151,164.545135,2.944852,-0.058815,1.148987
1778850759.604885,131.564056,-5.012151,164.545135,2.944852,-0.058815,1.148987
1778850759.605375,131.564056,-5.012151,164.545135,2.944852,-0.058815,1.148987
1778850759.6057532,131.564056,-5.012151,164.545135,2.944852,-0.058815,1.148987
1778850759.6061368,131.564056,-5.012151,164.545135,2.944852,-0.058815,1.148987
1778850759.6065047,131.564056,-5.012151,164.545135,2.944852,-0.058815,1.148987
1778850759.606877,131.538742,-5.016022,164.537659,2.944966,-0.058775,1.14841
1778850759.6072679,131.538742,-5.016022,164.537659,2.944966,-0.058775,1.14841
1778850759.6076283,131.538742,-5.016022,164.537659,2.944966,-0.058775,1.14841
1778850759.6079977,131.538742,-5.016022,164.537659,2.944966,-0.058775,1.14841
1778850759.608381,131.538742,-5.016022,164.537659,2.944966,-0.058775,1.14841
1778850759.6087558,131.538742,-5.016022,164.537659,2.944966,-0.058775,1.14841
1778850759.6091251,131.538742,-5.016022,164.537659,2.944966,-0.058775,1.14841
1778850759.609577,131.538742,-5.016022,164.537659,2.944966,-0.058775,1.14841
1778850759.6101236,131.538742,-5.016022,164.537659,2.944966,-0.058775,1.14841
1778850759.6105037,131.538742,-5.016022,164.537659,2.944966,-0.058775,1.14841
1778850759.6108787,131.513412,-5.019883,164.530197,2.945079,-0.058735,1.147833
1778850759.6112525,131.513412,-5.019883,164.530197,2.945079,-0.058735,1.147833
1778850759.6116228,131.513412,-5.019883,164.530197,2.945079,-0.058735,1.147833
1778850759.6119893,131.513412,-5.019883,164.530197,2.945079,-0.058735,1.147833
1778850759.6123698,131.513412,-5.019883,164.530197,2.945079,-0.058735,1.147833
1778850759.6127498,131.513412,-5.019883,164.530197,2.945079,-0.058735,1.147833
1778850759.61314,131.513412,-5.019883,164.530197,2.945079,-0.058735,1.147833
1778850759.6135926,131.513412,-5.019883,164.530197,2.945079,-0.058735,1.147833
1778850759.6139717,131.513412,-5.019883,164.530197,2.945079,-0.058735,1.147833
1778850759.6143732,131.513412,-5.019883,164.530197,2.945079,-0.058735,1.147833
1778850759.614856,131.488083,-5.023733,164.52272,2.945193,-0.058695,1.147256
1778850759.6152704,131.488083,-5.023733,164.52272,2.945193,-0.058695,1.147256
1778850759.6156557,131.488083,-5.023733,164.52272,2.945193,-0.058695,1.147256
1778850759.6160462,131.488083,-5.023733,164.52272,2.945193,-0.058695,1.147256
1778850759.616411,131.488083,-5.023733,164.52272,2.945193,-0.058695,1.147256
1778850759.616777,131.488083,-5.023733,164.52272,2.945193,-0.058695,1.147256
1778850759.617142,131.488083,-5.023733,164.52272,2.945193,-0.058695,1.147256
1778850759.6175265,131.488083,-5.023733,164.52272,2.945193,-0.058695,1.147256
1778850759.617892,131.488083,-5.023733,164.52272,2.945193,-0.058695,1.147256
1778850759.6182773,131.488083,-5.023733,164.52272,2.945193,-0.058695,1.147256
1778850759.6186671,131.488083,-5.023733,164.52272,2.945193,-0.058695,1.147256
1778850759.6190376,131.462738,-5.027573,164.515259,2.945307,-0.058654,1.146679
1778850759.6194122,131.462738,-5.027573,164.515259,2.945307,-0.058654,1.146679
1778850759.619783,131.462738,-5.027573,164.515259,2.945307,-0.058654,1.146679
1778850759.6201591,131.462738,-5.027573,164.515259,2.945307,-0.058654,1.146679
1778850759.620519,131.462738,-5.027573,164.515259,2.945307,-0.058654,1.146679
1778850759.6208892,131.462738,-5.027573,164.515259,2.945307,-0.058654,1.146679
1778850759.6213312,131.462738,-5.027573,164.515259,2.945307,-0.058654,1.146679
1778850759.6217268,131.462738,-5.027573,164.515259,2.945307,-0.058654,1.146679
1778850759.6220992,131.462738,-5.027573,164.515259,2.945307,-0.058654,1.146679
1778850759.622643,131.462738,-5.027573,164.515259,2.945307,-0.058654,1.146679
1778850759.6230094,131.437393,-5.031402,164.507797,2.945421,-0.058614,1.146102
1778850759.623374,131.437393,-5.031402,164.507797,2.945421,-0.058614,1.146102
1778850759.623781,131.437393,-5.031402,164.507797,2.945421,-0.058614,1.146102
1778850759.6241462,131.437393,-5.031402,164.507797,2.945421,-0.058614,1.146102
1778850759.6245542,131.437393,-5.031402,164.507797,2.945421,-0.058614,1.146102
1778850759.6249247,131.437393,-5.031402,164.507797,2.945421,-0.058614,1.146102
1778850759.6253066,131.437393,-5.031402,164.507797,2.945421,-0.058614,1.146102
1778850759.6256814,131.437393,-5.031402,164.507797,2.945421,-0.058614,1.146102
1778850759.6261082,131.437393,-5.031402,164.507797,2.945421,-0.058614,1.146102
1778850759.6264813,131.437393,-5.031402,164.507797,2.945421,-0.058614,1.146102
1778850759.6268592,131.412033,-5.03522,164.500336,2.945535,-0.058574,1.145525
1778850759.6272326,131.412033,-5.03522,164.500336,2.945535,-0.058574,1.145525
1778850759.6275995,131.412033,-5.03522,164.500336,2.945535,-0.058574,1.145525
1778850759.6279933,131.412033,-5.03522,164.500336,2.945535,-0.058574,1.145525
1778850759.6283588,131.412033,-5.03522,164.500336,2.945535,-0.058574,1.145525
1778850759.6287403,131.412033,-5.03522,164.500336,2.945535,-0.058574,1.145525
1778850759.6291273,131.412033,-5.03522,164.500336,2.945535,-0.058574,1.145525
1778850759.6295447,131.412033,-5.03522,164.500336,2.945535,-0.058574,1.145525
1778850759.6299222,131.412033,-5.03522,164.500336,2.945535,-0.058574,1.145525
1778850759.6303492,131.412033,-5.03522,164.500336,2.945535,-0.058574,1.145525
1778850759.6307418,131.412033,-5.03522,164.500336,2.945535,-0.058574,1.145525
1778850759.6311107,131.386658,-5.039028,164.492859,2.945649,-0.058533,1.144949
1778850759.6314695,131.386658,-5.039028,164.492859,2.945649,-0.058533,1.144949
1778850759.631831,131.386658,-5.039028,164.492859,2.945649,-0.058533,1.144949
1778850759.6321905,131.386658,-5.039028,164.492859,2.945649,-0.058533,1.144949
1778850759.6325605,131.386658,-5.039028,164.492859,2.945649,-0.058533,1.144949
1778850759.6329205,131.386658,-5.039028,164.492859,2.945649,-0.058533,1.144949
1778850759.6333401,131.386658,-5.039028,164.492859,2.945649,-0.058533,1.144949
1778850759.6337547,131.386658,-5.039028,164.492859,2.945649,-0.058533,1.144949
1778850759.6341197,131.386658,-5.039028,164.492859,2.945649,-0.058533,1.144949
1778850759.6345592,131.386658,-5.039028,164.492859,2.945649,-0.058533,1.144949
1778850759.6349258,131.361282,-5.042825,164.485397,2.945763,-0.058493,1.144372
1778850759.6352928,131.361282,-5.042825,164.485397,2.945763,-0.058493,1.144372
1778850759.6356537,131.361282,-5.042825,164.485397,2.945763,-0.058493,1.144372
1778850759.6360233,131.361282,-5.042825,164.485397,2.945763,-0.058493,1.144372
1778850759.6363933,131.361282,-5.042825,164.485397,2.945763,-0.058493,1.144372
1778850759.6367648,131.361282,-5.042825,164.485397,2.945763,-0.058493,1.144372
1778850759.637131,131.361282,-5.042825,164.485397,2.945763,-0.058493,1.144372
1778850759.6376057,131.361282,-5.042825,164.485397,2.945763,-0.058493,1.144372
1778850759.638074,131.361282,-5.042825,164.485397,2.945763,-0.058493,1.144372
1778850759.6384735,131.361282,-5.042825,164.485397,2.945763,-0.058493,1.144372
1778850759.6388776,131.335907,-5.046612,164.477936,2.945877,-0.058453,1.143795
1778850759.639258,131.335907,-5.046612,164.477936,2.945877,-0.058453,1.143795
1778850759.6396265,131.335907,-5.046612,164.477936,2.945877,-0.058453,1.143795
1778850759.6400115,131.335907,-5.046612,164.477936,2.945877,-0.058453,1.143795
1778850759.6403935,131.335907,-5.046612,164.477936,2.945877,-0.058453,1.143795
1778850759.6407661,131.335907,-5.046612,164.477936,2.945877,-0.058453,1.143795
1778850759.6411498,131.335907,-5.046612,164.477936,2.945877,-0.058453,1.143795
1778850759.641575,131.335907,-5.046612,164.477936,2.945877,-0.058453,1.143795
1778850759.6419675,131.335907,-5.046612,164.477936,2.945877,-0.058453,1.143795
1778850759.642351,131.335907,-5.046612,164.477936,2.945877,-0.058453,1.143795
1778850759.6427207,131.335907,-5.046612,164.477936,2.945877,-0.058453,1.143795
1778850759.6430843,131.310516,-5.050388,164.470474,2.945992,-0.058413,1.143218
1778850759.6434426,131.310516,-5.050388,164.470474,2.945992,-0.058413,1.143218
1778850759.643806,131.310516,-5.050388,164.470474,2.945992,-0.058413,1.143218
1778850759.644182,131.310516,-5.050388,164.470474,2.945992,-0.058413,1.143218
1778850759.644553,131.310516,-5.050388,164.470474,2.945992,-0.058413,1.143218
1778850759.6449559,131.310516,-5.050388,164.470474,2.945992,-0.058413,1.143218
1778850759.6453774,131.310516,-5.050388,164.470474,2.945992,-0.058413,1.143218
1778850759.6457477,131.310516,-5.050388,164.470474,2.945992,-0.058413,1.143218
1778850759.6461475,131.310516,-5.050388,164.470474,2.945992,-0.058413,1.143218
1778850759.6465204,131.310516,-5.050388,164.470474,2.945992,-0.058413,1.143218
1778850759.6468916,131.28511,-5.054153,164.463013,2.946106,-0.058372,1.142641
1778850759.6472597,131.28511,-5.054153,164.463013,2.946106,-0.058372,1.142641
1778850759.6476345,131.28511,-5.054153,164.463013,2.946106,-0.058372,1.142641
1778850759.6480105,131.28511,-5.054153,164.463013,2.946106,-0.058372,1.142641
1778850759.6483788,131.28511,-5.054153,164.463013,2.946106,-0.058372,1.142641
1778850759.6487546,131.28511,-5.054153,164.463013,2.946106,-0.058372,1.142641
1778850759.6491272,131.28511,-5.054153,164.463013,2.946106,-0.058372,1.142641
1778850759.6495576,131.28511,-5.054153,164.463013,2.946106,-0.058372,1.142641
1778850759.6499634,131.28511,-5.054153,164.463013,2.946106,-0.058372,1.142641
1778850759.6504002,131.28511,-5.054153,164.463013,2.946106,-0.058372,1.142641
1778850759.6508746,131.259705,-5.057908,164.455536,2.946221,-0.058332,1.142064
1778850759.6513155,131.259705,-5.057908,164.455536,2.946221,-0.058332,1.142064
1778850759.6517026,131.259705,-5.057908,164.455536,2.946221,-0.058332,1.142064
1778850759.6521103,131.259705,-5.057908,164.455536,2.946221,-0.058332,1.142064
1778850759.6524963,131.259705,-5.057908,164.455536,2.946221,-0.058332,1.142064
1778850759.6528926,131.259705,-5.057908,164.455536,2.946221,-0.058332,1.142064
1778850759.6533387,131.259705,-5.057908,164.455536,2.946221,-0.058332,1.142064
1778850759.6537335,131.259705,-5.057908,164.455536,2.946221,-0.058332,1.142064
1778850759.6541524,131.259705,-5.057908,164.455536,2.946221,-0.058332,1.142064
1778850759.6547315,131.259705,-5.057908,164.455536,2.946221,-0.058332,1.142064
1778850759.6551237,131.234283,-5.061652,164.448074,2.946335,-0.058291,1.141488
1778850759.6555204,131.234283,-5.061652,164.448074,2.946335,-0.058291,1.141488
1778850759.6559086,131.234283,-5.061652,164.448074,2.946335,-0.058291,1.141488
1778850759.656303,131.234283,-5.061652,164.448074,2.946335,-0.058291,1.141488
1778850759.6566885,131.234283,-5.061652,164.448074,2.946335,-0.058291,1.141488
1778850759.6571097,131.234283,-5.061652,164.448074,2.946335,-0.058291,1.141488
1778850759.6575167,131.234283,-5.061652,164.448074,2.946335,-0.058291,1.141488
1778850759.6579106,131.234283,-5.061652,164.448074,2.946335,-0.058291,1.141488
1778850759.6583555,131.234283,-5.061652,164.448074,2.946335,-0.058291,1.141488
1778850759.658754,131.234283,-5.061652,164.448074,2.946335,-0.058291,1.141488
1778850759.6591258,131.208862,-5.065386,164.440613,2.94645,-0.058251,1.140911
1778850759.6595058,131.208862,-5.065386,164.440613,2.94645,-0.058251,1.140911
1778850759.6599064,131.208862,-5.065386,164.440613,2.94645,-0.058251,1.140911
1778850759.6602998,131.208862,-5.065386,164.440613,2.94645,-0.058251,1.140911
1778850759.660667,131.208862,-5.065386,164.440613,2.94645,-0.058251,1.140911
1778850759.6611135,131.208862,-5.065386,164.440613,2.94645,-0.058251,1.140911
1778850759.6615114,131.208862,-5.065386,164.440613,2.94645,-0.058251,1.140911
1778850759.6619394,131.208862,-5.065386,164.440613,2.94645,-0.058251,1.140911
1778850759.6623435,131.208862,-5.065386,164.440613,2.94645,-0.058251,1.140911
1778850759.6627474,131.208862,-5.065386,164.440613,2.94645,-0.058251,1.140911
1778850759.6631222,131.183426,-5.069108,164.433151,2.946564,-0.058211,1.140334
1778850759.6634855,131.183426,-5.069108,164.433151,2.946564,-0.058211,1.140334
1778850759.6638505,131.183426,-5.069108,164.433151,2.946564,-0.058211,1.140334
1778850759.6642098,131.183426,-5.069108,164.433151,2.946564,-0.058211,1.140334
1778850759.6645792,131.183426,-5.069108,164.433151,2.946564,-0.058211,1.140334
1778850759.664993,131.183426,-5.069108,164.433151,2.946564,-0.058211,1.140334
1778850759.6653726,131.183426,-5.069108,164.433151,2.946564,-0.058211,1.140334
1778850759.6657434,131.183426,-5.069108,164.433151,2.946564,-0.058211,1.140334
1778850759.6661186,131.183426,-5.069108,164.433151,2.946564,-0.058211,1.140334
1778850759.6664872,131.183426,-5.069108,164.433151,2.946564,-0.058211,1.140334
1778850759.6668606,131.15799,-5.072821,164.42569,2.946679,-0.05817,1.139757
1778850759.6672332,131.15799,-5.072821,164.42569,2.946679,-0.05817,1.139757
1778850759.6675925,131.15799,-5.072821,164.42569,2.946679,-0.05817,1.139757
1778850759.6679704,131.15799,-5.072821,164.42569,2.946679,-0.05817,1.139757
1778850759.6683288,131.15799,-5.072821,164.42569,2.946679,-0.05817,1.139757
1778850759.6686902,131.15799,-5.072821,164.42569,2.946679,-0.05817,1.139757
1778850759.6691244,131.15799,-5.072821,164.42569,2.946679,-0.05817,1.139757
1778850759.669555,131.15799,-5.072821,164.42569,2.946679,-0.05817,1.139757
1778850759.6699295,131.15799,-5.072821,164.42569,2.946679,-0.05817,1.139757
1778850759.670316,131.15799,-5.072821,164.42569,2.946679,-0.05817,1.139757
1778850759.6707096,131.15799,-5.072821,164.42569,2.946679,-0.05817,1.139757
1778850759.6710992,131.132538,-5.076522,164.418243,2.946794,-0.05813,1.139181
1778850759.671464,131.132538,-5.076522,164.418243,2.946794,-0.05813,1.139181
1778850759.6718311,131.132538,-5.076522,164.418243,2.946794,-0.05813,1.139181
1778850759.6721969,131.132538,-5.076522,164.418243,2.946794,-0.05813,1.139181
1778850759.672557,131.132538,-5.076522,164.418243,2.946794,-0.05813,1.139181
1778850759.6729212,131.132538,-5.076522,164.418243,2.946794,-0.05813,1.139181
1778850759.6733363,131.132538,-5.076522,164.418243,2.946794,-0.05813,1.139181
1778850759.6737363,131.132538,-5.076522,164.418243,2.946794,-0.05813,1.139181
1778850759.6741533,131.132538,-5.076522,164.418243,2.946794,-0.05813,1.139181
1778850759.6745772,131.132538,-5.076522,164.418243,2.946794,-0.05813,1.139181
1778850759.6749983,131.107071,-5.080213,164.410782,2.946909,-0.058089,1.138604
1778850759.6753829,131.107071,-5.080213,164.410782,2.946909,-0.058089,1.138604
1778850759.6757693,131.107071,-5.080213,164.410782,2.946909,-0.058089,1.138604
1778850759.6761713,131.107071,-5.080213,164.410782,2.946909,-0.058089,1.138604
1778850759.6765752,131.107071,-5.080213,164.410782,2.946909,-0.058089,1.138604
1778850759.676984,131.107071,-5.080213,164.410782,2.946909,-0.058089,1.138604
1778850759.6773775,131.107071,-5.080213,164.410782,2.946909,-0.058089,1.138604
1778850759.6777897,131.107071,-5.080213,164.410782,2.946909,-0.058089,1.138604
1778850759.6781843,131.107071,-5.080213,164.410782,2.946909,-0.058089,1.138604
1778850759.6785913,131.107071,-5.080213,164.410782,2.946909,-0.058089,1.138604
1778850759.679013,131.081604,-5.083893,164.40332,2.947024,-0.058049,1.138027
1778850759.6794045,131.081604,-5.083893,164.40332,2.947024,-0.058049,1.138027
1778850759.6797917,131.081604,-5.083893,164.40332,2.947024,-0.058049,1.138027
1778850759.6801805,131.081604,-5.083893,164.40332,2.947024,-0.058049,1.138027
1778850759.6805665,131.081604,-5.083893,164.40332,2.947024,-0.058049,1.138027
1778850759.6809618,131.081604,-5.083893,164.40332,2.947024,-0.058049,1.138027
1778850759.6813657,131.081604,-5.083893,164.40332,2.947024,-0.058049,1.138027
1778850759.6817656,131.081604,-5.083893,164.40332,2.947024,-0.058049,1.138027
1778850759.6821473,131.081604,-5.083893,164.40332,2.947024,-0.058049,1.138027
1778850759.6825256,131.081604,-5.083893,164.40332,2.947024,-0.058049,1.138027
1778850759.6829035,131.056137,-5.087563,164.395859,2.947139,-0.058009,1.137451
1778850759.683303,131.056137,-5.087563,164.395859,2.947139,-0.058009,1.137451
1778850759.683673,131.056137,-5.087563,164.395859,2.947139,-0.058009,1.137451
1778850759.6840572,131.056137,-5.087563,164.395859,2.947139,-0.058009,1.137451
1778850759.6844482,131.056137,-5.087563,164.395859,2.947139,-0.058009,1.137451
1778850759.684837,131.056137,-5.087563,164.395859,2.947139,-0.058009,1.137451
1778850759.6853197,131.056137,-5.087563,164.395859,2.947139,-0.058009,1.137451
1778850759.6856992,131.056137,-5.087563,164.395859,2.947139,-0.058009,1.137451
1778850759.6861172,131.056137,-5.087563,164.395859,2.947139,-0.058009,1.137451
1778850759.6864972,131.056137,-5.087563,164.395859,2.947139,-0.058009,1.137451
1778850759.686877,131.030655,-5.091221,164.388397,2.947254,-0.057968,1.136874
1778850759.6872535,131.030655,-5.091221,164.388397,2.947254,-0.057968,1.136874
1778850759.6876245,131.030655,-5.091221,164.388397,2.947254,-0.057968,1.136874
1778850759.6879983,131.030655,-5.091221,164.388397,2.947254,-0.057968,1.136874
1778850759.688371,131.030655,-5.091221,164.388397,2.947254,-0.057968,1.136874
1778850759.6887672,131.030655,-5.091221,164.388397,2.947254,-0.057968,1.136874
1778850759.689144,131.030655,-5.091221,164.388397,2.947254,-0.057968,1.136874
1778850759.6895366,131.030655,-5.091221,164.388397,2.947254,-0.057968,1.136874
1778850759.689923,131.030655,-5.091221,164.388397,2.947254,-0.057968,1.136874
1778850759.6903327,131.030655,-5.091221,164.388397,2.947254,-0.057968,1.136874
1778850759.6907258,131.030655,-5.091221,164.388397,2.947254,-0.057968,1.136874
1778850759.6911297,131.005157,-5.094869,164.380951,2.947369,-0.057928,1.136297
1778850759.6915162,131.005157,-5.094869,164.380951,2.947369,-0.057928,1.136297
1778850759.691903,131.005157,-5.094869,164.380951,2.947369,-0.057928,1.136297
1778850759.692282,131.005157,-5.094869,164.380951,2.947369,-0.057928,1.136297
1778850759.6926472,131.005157,-5.094869,164.380951,2.947369,-0.057928,1.136297
1778850759.6930842,131.005157,-5.094869,164.380951,2.947369,-0.057928,1.136297
1778850759.6934884,131.005157,-5.094869,164.380951,2.947369,-0.057928,1.136297
1778850759.6938887,131.005157,-5.094869,164.380951,2.947369,-0.057928,1.136297
1778850759.6943111,131.005157,-5.094869,164.380951,2.947369,-0.057928,1.136297
1778850759.6947045,131.005157,-5.094869,164.380951,2.947369,-0.057928,1.136297
1778850759.695108,130.97966,-5.098506,164.373489,2.947485,-0.057887,1.135721
1778850759.69548,130.97966,-5.098506,164.373489,2.947485,-0.057887,1.135721
1778850759.6958709,130.97966,-5.098506,164.373489,2.947485,-0.057887,1.135721
1778850759.6962416,130.97966,-5.098506,164.373489,2.947485,-0.057887,1.135721
1778850759.6966226,130.97966,-5.098506,164.373489,2.947485,-0.057887,1.135721
1778850759.6969965,130.97966,-5.098506,164.373489,2.947485,-0.057887,1.135721
1778850759.6973739,130.97966,-5.098506,164.373489,2.947485,-0.057887,1.135721
1778850759.6977642,130.97966,-5.098506,164.373489,2.947485,-0.057887,1.135721
1778850759.698141,130.97966,-5.098506,164.373489,2.947485,-0.057887,1.135721
1778850759.6985853,130.97966,-5.098506,164.373489,2.947485,-0.057887,1.135721
1778850759.698969,130.954163,-5.102133,164.366028,2.9476,-0.057847,1.135144
1778850759.6993446,130.954163,-5.102133,164.366028,2.9476,-0.057847,1.135144
1778850759.6997125,130.954163,-5.102133,164.366028,2.9476,-0.057847,1.135144
1778850759.7000916,130.954163,-5.102133,164.366028,2.9476,-0.057847,1.135144
1778850759.700474,130.954163,-5.102133,164.366028,2.9476,-0.057847,1.135144
1778850759.7008793,130.954163,-5.102133,164.366028,2.9476,-0.057847,1.135144
1778850759.7013555,130.954163,-5.102133,164.366028,2.9476,-0.057847,1.135144
1778850759.7017457,130.954163,-5.102133,164.366028,2.9476,-0.057847,1.135144
1778850759.7021475,130.954163,-5.102133,164.366028,2.9476,-0.057847,1.135144
1778850759.702618,130.954163,-5.102133,164.366028,2.9476,-0.057847,1.135144
1778850759.7030017,130.92865,-5.105749,164.358582,2.947716,-0.057806,1.134568
1778850759.7034054,130.92865,-5.105749,164.358582,2.947716,-0.057806,1.134568
1778850759.703836,130.92865,-5.105749,164.358582,2.947716,-0.057806,1.134568
1778850759.7042222,130.92865,-5.105749,164.358582,2.947716,-0.057806,1.134568
1778850759.7045963,130.92865,-5.105749,164.358582,2.947716,-0.057806,1.134568
1778850759.7050567,130.92865,-5.105749,164.358582,2.947716,-0.057806,1.134568
1778850759.7054398,130.92865,-5.105749,164.358582,2.947716,-0.057806,1.134568
1778850759.705838,130.92865,-5.105749,164.358582,2.947716,-0.057806,1.134568
1778850759.7062368,130.92865,-5.105749,164.358582,2.947716,-0.057806,1.134568
1778850759.7066135,130.92865,-5.105749,164.358582,2.947716,-0.057806,1.134568
1778850759.7069936,130.903122,-5.109354,164.35112,2.947831,-0.057766,1.133991
1778850759.7073743,130.903122,-5.109354,164.35112,2.947831,-0.057766,1.133991
1778850759.707759,130.903122,-5.109354,164.35112,2.947831,-0.057766,1.133991
1778850759.7081378,130.903122,-5.109354,164.35112,2.947831,-0.057766,1.133991
1778850759.708511,130.903122,-5.109354,164.35112,2.947831,-0.057766,1.133991
1778850759.7088885,130.903122,-5.109354,164.35112,2.947831,-0.057766,1.133991
1778850759.7093294,130.903122,-5.109354,164.35112,2.947831,-0.057766,1.133991
1778850759.7098124,130.903122,-5.109354,164.35112,2.947831,-0.057766,1.133991
1778850759.7102106,130.903122,-5.109354,164.35112,2.947831,-0.057766,1.133991
1778850759.7106357,130.903122,-5.109354,164.35112,2.947831,-0.057766,1.133991
1778850759.7110555,130.877594,-5.112948,164.343658,2.947947,-0.057725,1.133415
1778850759.7114751,130.877594,-5.112948,164.343658,2.947947,-0.057725,1.133415
1778850759.7120566,130.877594,-5.112948,164.343658,2.947947,-0.057725,1.133415
1778850759.7124567,130.877594,-5.112948,164.343658,2.947947,-0.057725,1.133415
1778850759.7128346,130.877594,-5.112948,164.343658,2.947947,-0.057725,1.133415
1778850759.7132206,130.877594,-5.112948,164.343658,2.947947,-0.057725,1.133415
1778850759.7136123,130.877594,-5.112948,164.343658,2.947947,-0.057725,1.133415
1778850759.7140825,130.877594,-5.112948,164.343658,2.947947,-0.057725,1.133415
1778850759.714483,130.877594,-5.112948,164.343658,2.947947,-0.057725,1.133415
1778850759.7148776,130.852066,-5.116531,164.336212,2.948062,-0.057685,1.132838
1778850759.7152967,130.852066,-5.116531,164.336212,2.948062,-0.057685,1.132838
1778850759.7156758,130.852066,-5.116531,164.336212,2.948062,-0.057685,1.132838
1778850759.716059,130.852066,-5.116531,164.336212,2.948062,-0.057685,1.132838
1778850759.7164257,130.852066,-5.116531,164.336212,2.948062,-0.057685,1.132838
1778850759.7168477,130.852066,-5.116531,164.336212,2.948062,-0.057685,1.132838
1778850759.7172406,130.852066,-5.116531,164.336212,2.948062,-0.057685,1.132838
1778850759.7176292,130.852066,-5.116531,164.336212,2.948062,-0.057685,1.132838
1778850759.718143,130.852066,-5.116531,164.336212,2.948062,-0.057685,1.132838
1778850759.7185733,130.852066,-5.116531,164.336212,2.948062,-0.057685,1.132838
1778850759.7189853,130.826508,-5.120104,164.328751,2.948178,-0.057644,1.132262
1778850759.719368,130.826508,-5.120104,164.328751,2.948178,-0.057644,1.132262
1778850759.719748,130.826508,-5.120104,164.328751,2.948178,-0.057644,1.132262
1778850759.7201207,130.826508,-5.120104,164.328751,2.948178,-0.057644,1.132262
1778850759.7205002,130.826508,-5.120104,164.328751,2.948178,-0.057644,1.132262
1778850759.7208796,130.826508,-5.120104,164.328751,2.948178,-0.057644,1.132262
1778850759.721319,130.826508,-5.120104,164.328751,2.948178,-0.057644,1.132262
1778850759.7217753,130.826508,-5.120104,164.328751,2.948178,-0.057644,1.132262
1778850759.722211,130.826508,-5.120104,164.328751,2.948178,-0.057644,1.132262
1778850759.7226565,130.826508,-5.120104,164.328751,2.948178,-0.057644,1.132262
1778850759.7230663,130.800964,-5.123666,164.321304,2.948294,-0.057604,1.131685
1778850759.7234735,130.800964,-5.123666,164.321304,2.948294,-0.057604,1.131685
1778850759.7238715,130.800964,-5.123666,164.321304,2.948294,-0.057604,1.131685
1778850759.724251,130.800964,-5.123666,164.321304,2.948294,-0.057604,1.131685
1778850759.7246256,130.800964,-5.123666,164.321304,2.948294,-0.057604,1.131685
1778850759.7250886,130.800964,-5.123666,164.321304,2.948294,-0.057604,1.131685
1778850759.7254834,130.800964,-5.123666,164.321304,2.948294,-0.057604,1.131685
1778850759.725892,130.800964,-5.123666,164.321304,2.948294,-0.057604,1.131685
1778850759.7263272,130.800964,-5.123666,164.321304,2.948294,-0.057604,1.131685
1778850759.7267597,130.800964,-5.123666,164.321304,2.948294,-0.057604,1.131685
1778850759.7271936,130.775406,-5.127217,164.313858,2.94841,-0.057563,1.131109
1778850759.7276082,130.775406,-5.127217,164.313858,2.94841,-0.057563,1.131109
1778850759.727988,130.775406,-5.127217,164.313858,2.94841,-0.057563,1.131109
1778850759.728358,130.775406,-5.127217,164.313858,2.94841,-0.057563,1.131109
1778850759.728719,130.775406,-5.127217,164.313858,2.94841,-0.057563,1.131109
1778850759.7290866,130.775406,-5.127217,164.313858,2.94841,-0.057563,1.131109
1778850759.729452,130.775406,-5.127217,164.313858,2.94841,-0.057563,1.131109
1778850759.729834,130.775406,-5.127217,164.313858,2.94841,-0.057563,1.131109
1778850759.7302053,130.775406,-5.127217,164.313858,2.94841,-0.057563,1.131109
1778850759.7306073,130.775406,-5.127217,164.313858,2.94841,-0.057563,1.131109
1778850759.7309837,130.749832,-5.130757,164.306396,2.948526,-0.057523,1.130532
1778850759.731341,130.749832,-5.130757,164.306396,2.948526,-0.057523,1.130532
1778850759.7317066,130.749832,-5.130757,164.306396,2.948526,-0.057523,1.130532
1778850759.7320733,130.749832,-5.130757,164.306396,2.948526,-0.057523,1.130532
1778850759.7324507,130.749832,-5.130757,164.306396,2.948526,-0.057523,1.130532
1778850759.732861,130.749832,-5.130757,164.306396,2.948526,-0.057523,1.130532
1778850759.7332466,130.749832,-5.130757,164.306396,2.948526,-0.057523,1.130532
1778850759.733641,130.749832,-5.130757,164.306396,2.948526,-0.057523,1.130532
1778850759.7340672,130.749832,-5.130757,164.306396,2.948526,-0.057523,1.130532
1778850759.7344465,130.749832,-5.130757,164.306396,2.948526,-0.057523,1.130532
1778850759.7348206,130.749832,-5.130757,164.306396,2.948526,-0.057523,1.130532
1778850759.7352188,130.724258,-5.134287,164.29895,2.948642,-0.057482,1.129956
1778850759.735581,130.724258,-5.134287,164.29895,2.948642,-0.057482,1.129956
1778850759.7359607,130.724258,-5.134287,164.29895,2.948642,-0.057482,1.129956
1778850759.7363257,130.724258,-5.134287,164.29895,2.948642,-0.057482,1.129956
1778850759.736688,130.724258,-5.134287,164.29895,2.948642,-0.057482,1.129956
1778850759.7370777,130.724258,-5.134287,164.29895,2.948642,-0.057482,1.129956
1778850759.73744,130.724258,-5.134287,164.29895,2.948642,-0.057482,1.129956
1778850759.7378492,130.724258,-5.134287,164.29895,2.948642,-0.057482,1.129956
1778850759.7382572,130.724258,-5.134287,164.29895,2.948642,-0.057482,1.129956
1778850759.7386172,130.724258,-5.134287,164.29895,2.948642,-0.057482,1.129956
1778850759.73902,130.698669,-5.137805,164.291504,2.948758,-0.057441,1.129379
1778850759.7393832,130.698669,-5.137805,164.291504,2.948758,-0.057441,1.129379
1778850759.7397478,130.698669,-5.137805,164.291504,2.948758,-0.057441,1.129379
1778850759.7401433,130.698669,-5.137805,164.291504,2.948758,-0.057441,1.129379
1778850759.7405057,130.698669,-5.137805,164.291504,2.948758,-0.057441,1.129379
1778850759.7408714,130.698669,-5.137805,164.291504,2.948758,-0.057441,1.129379
1778850759.741254,130.698669,-5.137805,164.291504,2.948758,-0.057441,1.129379
1778850759.7416534,130.698669,-5.137805,164.291504,2.948758,-0.057441,1.129379
1778850759.7420652,130.698669,-5.137805,164.291504,2.948758,-0.057441,1.129379
1778850759.7424955,130.698669,-5.137805,164.291504,2.948758,-0.057441,1.129379
1778850759.742919,130.67308,-5.141314,164.284042,2.948874,-0.057401,1.128803
1778850759.7433214,130.67308,-5.141314,164.284042,2.948874,-0.057401,1.128803
1778850759.743689,130.67308,-5.141314,164.284042,2.948874,-0.057401,1.128803
1778850759.7441313,130.67308,-5.141314,164.284042,2.948874,-0.057401,1.128803
1778850759.7445216,130.67308,-5.141314,164.284042,2.948874,-0.057401,1.128803
1778850759.7448938,130.67308,-5.141314,164.284042,2.948874,-0.057401,1.128803
1778850759.745364,130.67308,-5.141314,164.284042,2.948874,-0.057401,1.128803
1778850759.7457826,130.67308,-5.141314,164.284042,2.948874,-0.057401,1.128803
1778850759.7461672,130.67308,-5.141314,164.284042,2.948874,-0.057401,1.128803
1778850759.7465878,130.67308,-5.141314,164.284042,2.948874,-0.057401,1.128803
1778850759.7469656,130.647476,-5.144811,164.276596,2.94899,-0.05736,1.128227
1778850759.7473247,130.647476,-5.144811,164.276596,2.94899,-0.05736,1.128227
1778850759.7476828,130.647476,-5.144811,164.276596,2.94899,-0.05736,1.128227
1778850759.7480543,130.647476,-5.144811,164.276596,2.94899,-0.05736,1.128227
1778850759.7484524,130.647476,-5.144811,164.276596,2.94899,-0.05736,1.128227
1778850759.7488484,130.647476,-5.144811,164.276596,2.94899,-0.05736,1.128227
1778850759.7492287,130.647476,-5.144811,164.276596,2.94899,-0.05736,1.128227
1778850759.7496076,130.647476,-5.144811,164.276596,2.94899,-0.05736,1.128227
1778850759.7500775,130.647476,-5.144811,164.276596,2.94899,-0.05736,1.128227
1778850759.7504613,130.647476,-5.144811,164.276596,2.94899,-0.05736,1.128227
1778850759.7508407,130.621872,-5.148297,164.26915,2.949107,-0.05732,1.12765
1778850759.75122,130.621872,-5.148297,164.26915,2.949107,-0.05732,1.12765
1778850759.7515845,130.621872,-5.148297,164.26915,2.949107,-0.05732,1.12765
1778850759.7519772,130.621872,-5.148297,164.26915,2.949107,-0.05732,1.12765
1778850759.7523417,130.621872,-5.148297,164.26915,2.949107,-0.05732,1.12765
1778850759.7527022,130.621872,-5.148297,164.26915,2.949107,-0.05732,1.12765
1778850759.753117,130.621872,-5.148297,164.26915,2.949107,-0.05732,1.12765
1778850759.753575,130.621872,-5.148297,164.26915,2.949107,-0.05732,1.12765
1778850759.75399,130.621872,-5.148297,164.26915,2.949107,-0.05732,1.12765
1778850759.754382,130.621872,-5.148297,164.26915,2.949107,-0.05732,1.12765
1778850759.7547684,130.621872,-5.148297,164.26915,2.949107,-0.05732,1.12765
1778850759.755132,130.596252,-5.151772,164.261703,2.949223,-0.057279,1.127074
1778850759.7555115,130.596252,-5.151772,164.261703,2.949223,-0.057279,1.127074
1778850759.7558918,130.596252,-5.151772,164.261703,2.949223,-0.057279,1.127074
1778850759.7562501,130.596252,-5.151772,164.261703,2.949223,-0.057279,1.127074
1778850759.756608,130.596252,-5.151772,164.261703,2.949223,-0.057279,1.127074
1778850759.7569788,130.596252,-5.151772,164.261703,2.949223,-0.057279,1.127074
1778850759.7573555,130.596252,-5.151772,164.261703,2.949223,-0.057279,1.127074
1778850759.757822,130.596252,-5.151772,164.261703,2.949223,-0.057279,1.127074
1778850759.758189,130.596252,-5.151772,164.261703,2.949223,-0.057279,1.127074
1778850759.7586014,130.596252,-5.151772,164.261703,2.949223,-0.057279,1.127074
1778850759.7589757,130.570633,-5.155236,164.254257,2.94934,-0.057238,1.126498
1778850759.759349,130.570633,-5.155236,164.254257,2.94934,-0.057238,1.126498
1778850759.759712,130.570633,-5.155236,164.254257,2.94934,-0.057238,1.126498
1778850759.7600882,130.570633,-5.155236,164.254257,2.94934,-0.057238,1.126498
1778850759.7604442,130.570633,-5.155236,164.254257,2.94934,-0.057238,1.126498
1778850759.7608817,130.570633,-5.155236,164.254257,2.94934,-0.057238,1.126498
1778850759.7613719,130.570633,-5.155236,164.254257,2.94934,-0.057238,1.126498
1778850759.761769,130.570633,-5.155236,164.254257,2.94934,-0.057238,1.126498
1778850759.7621768,130.570633,-5.155236,164.254257,2.94934,-0.057238,1.126498
1778850759.7625837,130.570633,-5.155236,164.254257,2.94934,-0.057238,1.126498
1778850759.7632866,130.544998,-5.15869,164.246811,2.949456,-0.057198,1.125921
1778850759.7638133,130.544998,-5.15869,164.246811,2.949456,-0.057198,1.125921
1778850759.7642043,130.544998,-5.15869,164.246811,2.949456,-0.057198,1.125921
1778850759.764632,130.544998,-5.15869,164.246811,2.949456,-0.057198,1.125921
1778850759.7650907,130.544998,-5.15869,164.246811,2.949456,-0.057198,1.125921
1778850759.7654886,130.544998,-5.15869,164.246811,2.949456,-0.057198,1.125921
1778850759.7659569,130.544998,-5.15869,164.246811,2.949456,-0.057198,1.125921
1778850759.7664268,130.544998,-5.15869,164.246811,2.949456,-0.057198,1.125921
1778850759.7668803,130.519363,-5.162133,164.239365,2.949573,-0.057157,1.125345
1778850759.7672894,130.519363,-5.162133,164.239365,2.949573,-0.057157,1.125345
1778850759.767748,130.519363,-5.162133,164.239365,2.949573,-0.057157,1.125345
1778850759.768151,130.519363,-5.162133,164.239365,2.949573,-0.057157,1.125345
1778850759.7685487,130.519363,-5.162133,164.239365,2.949573,-0.057157,1.125345
1778850759.7689626,130.519363,-5.162133,164.239365,2.949573,-0.057157,1.125345
1778850759.7693677,130.519363,-5.162133,164.239365,2.949573,-0.057157,1.125345
1778850759.7697918,130.519363,-5.162133,164.239365,2.949573,-0.057157,1.125345
1778850759.7701602,130.519363,-5.162133,164.239365,2.949573,-0.057157,1.125345
1778850759.7706485,130.519363,-5.162133,164.239365,2.949573,-0.057157,1.125345
1778850759.7710373,130.493713,-5.165565,164.231918,2.94969,-0.057116,1.124769
1778850759.7714143,130.493713,-5.165565,164.231918,2.94969,-0.057116,1.124769
1778850759.7717874,130.493713,-5.165565,164.231918,2.94969,-0.057116,1.124769
1778850759.7721524,130.493713,-5.165565,164.231918,2.94969,-0.057116,1.124769
1778850759.7724879,130.493713,-5.165565,164.231918,2.94969,-0.057116,1.124769
1778850759.7728505,130.493713,-5.165565,164.231918,2.94969,-0.057116,1.124769
1778850759.7731917,130.493713,-5.165565,164.231918,2.94969,-0.057116,1.124769
1778850759.773607,130.493713,-5.165565,164.231918,2.94969,-0.057116,1.124769
1778850759.774035,130.493713,-5.165565,164.231918,2.94969,-0.057116,1.124769
1778850759.774444,130.493713,-5.165565,164.231918,2.94969,-0.057116,1.124769
1778850759.774836,130.493713,-5.165565,164.231918,2.94969,-0.057116,1.124769
1778850759.7751868,130.468063,-5.168985,164.224472,2.949806,-0.057076,1.124192
1778850759.7755556,130.468063,-5.168985,164.224472,2.949806,-0.057076,1.124192
1778850759.7758899,130.468063,-5.168985,164.224472,2.949806,-0.057076,1.124192
1778850759.7762222,130.468063,-5.168985,164.224472,2.949806,-0.057076,1.124192
1778850759.776582,130.468063,-5.168985,164.224472,2.949806,-0.057076,1.124192
1778850759.7769537,130.468063,-5.168985,164.224472,2.949806,-0.057076,1.124192
1778850759.777333,130.468063,-5.168985,164.224472,2.949806,-0.057076,1.124192
1778850759.7777233,130.468063,-5.168985,164.224472,2.949806,-0.057076,1.124192
1778850759.7781072,130.468063,-5.168985,164.224472,2.949806,-0.057076,1.124192
1778850759.778532,130.468063,-5.168985,164.224472,2.949806,-0.057076,1.124192
1778850759.7789214,130.442413,-5.172396,164.217026,2.949923,-0.057035,1.123616
1778850759.779287,130.442413,-5.172396,164.217026,2.949923,-0.057035,1.123616
1778850759.7796469,130.442413,-5.172396,164.217026,2.949923,-0.057035,1.123616
1778850759.780013,130.442413,-5.172396,164.217026,2.949923,-0.057035,1.123616
1778850759.7803733,130.442413,-5.172396,164.217026,2.949923,-0.057035,1.123616
1778850759.780754,130.442413,-5.172396,164.217026,2.949923,-0.057035,1.123616
1778850759.781125,130.442413,-5.172396,164.217026,2.949923,-0.057035,1.123616
1778850759.7815886,130.442413,-5.172396,164.217026,2.949923,-0.057035,1.123616
1778850759.7820072,130.442413,-5.172396,164.217026,2.949923,-0.057035,1.123616
1778850759.7823796,130.442413,-5.172396,164.217026,2.949923,-0.057035,1.123616
1778850759.7827606,130.442413,-5.172396,164.217026,2.949923,-0.057035,1.123616
1778850759.783141,130.416733,-5.175795,164.209579,2.95004,-0.056994,1.12304
1778850759.7835329,130.416733,-5.175795,164.209579,2.95004,-0.056994,1.12304
1778850759.7839947,130.416733,-5.175795,164.209579,2.95004,-0.056994,1.12304
1778850759.784389,130.416733,-5.175795,164.209579,2.95004,-0.056994,1.12304
1778850759.7848008,130.416733,-5.175795,164.209579,2.95004,-0.056994,1.12304
1778850759.7852073,130.416733,-5.175795,164.209579,2.95004,-0.056994,1.12304
1778850759.7855988,130.416733,-5.175795,164.209579,2.95004,-0.056994,1.12304
1778850759.7860873,130.416733,-5.175795,164.209579,2.95004,-0.056994,1.12304
1778850759.7864707,130.416733,-5.175795,164.209579,2.95004,-0.056994,1.12304
1778850759.7868502,130.391068,-5.179183,164.202133,2.950157,-0.056954,1.122464
1778850759.7872531,130.391068,-5.179183,164.202133,2.950157,-0.056954,1.122464
1778850759.7876236,130.391068,-5.179183,164.202133,2.950157,-0.056954,1.122464
1778850759.787991,130.391068,-5.179183,164.202133,2.950157,-0.056954,1.122464
1778850759.7883527,130.391068,-5.179183,164.202133,2.950157,-0.056954,1.122464
1778850759.7887135,130.391068,-5.179183,164.202133,2.950157,-0.056954,1.122464
1778850759.7891045,130.391068,-5.179183,164.202133,2.950157,-0.056954,1.122464
1778850759.7895513,130.391068,-5.179183,164.202133,2.950157,-0.056954,1.122464
1778850759.7899284,130.391068,-5.179183,164.202133,2.950157,-0.056954,1.122464
1778850759.7903066,130.391068,-5.179183,164.202133,2.950157,-0.056954,1.122464
1778850759.7907262,130.391068,-5.179183,164.202133,2.950157,-0.056954,1.122464
1778850759.7910874,130.365387,-5.18256,164.194702,2.950274,-0.056913,1.121888
1778850759.7914634,130.365387,-5.18256,164.194702,2.950274,-0.056913,1.121888
1778850759.79183,130.365387,-5.18256,164.194702,2.950274,-0.056913,1.121888
1778850759.7921867,130.365387,-5.18256,164.194702,2.950274,-0.056913,1.121888
1778850759.7925541,130.365387,-5.18256,164.194702,2.950274,-0.056913,1.121888
1778850759.7929192,130.365387,-5.18256,164.194702,2.950274,-0.056913,1.121888
1778850759.7933297,130.365387,-5.18256,164.194702,2.950274,-0.056913,1.121888
1778850759.79384,130.365387,-5.18256,164.194702,2.950274,-0.056913,1.121888
1778850759.7942183,130.365387,-5.18256,164.194702,2.950274,-0.056913,1.121888
1778850759.7945976,130.365387,-5.18256,164.194702,2.950274,-0.056913,1.121888
1778850759.7950823,130.339691,-5.185927,164.187256,2.950391,-0.056872,1.121311
1778850759.7954793,130.339691,-5.185927,164.187256,2.950391,-0.056872,1.121311
1778850759.7958696,130.339691,-5.185927,164.187256,2.950391,-0.056872,1.121311
1778850759.7962463,130.339691,-5.185927,164.187256,2.950391,-0.056872,1.121311
1778850759.7966466,130.339691,-5.185927,164.187256,2.950391,-0.056872,1.121311
1778850759.7970767,130.339691,-5.185927,164.187256,2.950391,-0.056872,1.121311
1778850759.7974396,130.339691,-5.185927,164.187256,2.950391,-0.056872,1.121311
1778850759.797851,130.339691,-5.185927,164.187256,2.950391,-0.056872,1.121311
1778850759.7982469,130.339691,-5.185927,164.187256,2.950391,-0.056872,1.121311
1778850759.7986286,130.339691,-5.185927,164.187256,2.950391,-0.056872,1.121311
1778850759.7989986,130.313995,-5.189282,164.17981,2.950508,-0.056832,1.120735
1778850759.799381,130.313995,-5.189282,164.17981,2.950508,-0.056832,1.120735
1778850759.7997599,130.313995,-5.189282,164.17981,2.950508,-0.056832,1.120735
1778850759.8001242,130.313995,-5.189282,164.17981,2.950508,-0.056832,1.120735
1778850759.800486,130.313995,-5.189282,164.17981,2.950508,-0.056832,1.120735
1778850759.8008733,130.313995,-5.189282,164.17981,2.950508,-0.056832,1.120735
1778850759.8013256,130.313995,-5.189282,164.17981,2.950508,-0.056832,1.120735
1778850759.8016846,130.313995,-5.189282,164.17981,2.950508,-0.056832,1.120735
1778850759.8021266,130.313995,-5.189282,164.17981,2.950508,-0.056832,1.120735
1778850759.802495,130.313995,-5.189282,164.17981,2.950508,-0.056832,1.120735
1778850759.8028681,130.288284,-5.192626,164.172379,2.950626,-0.056791,1.120159
1778850759.8032398,130.288284,-5.192626,164.172379,2.950626,-0.056791,1.120159
1778850759.8036072,130.288284,-5.192626,164.172379,2.950626,-0.056791,1.120159
1778850759.8040006,130.288284,-5.192626,164.172379,2.950626,-0.056791,1.120159
1778850759.8043828,130.288284,-5.192626,164.172379,2.950626,-0.056791,1.120159
1778850759.8047636,130.288284,-5.192626,164.172379,2.950626,-0.056791,1.120159
1778850759.8051426,130.288284,-5.192626,164.172379,2.950626,-0.056791,1.120159
1778850759.8055756,130.288284,-5.192626,164.172379,2.950626,-0.056791,1.120159
1778850759.8059525,130.288284,-5.192626,164.172379,2.950626,-0.056791,1.120159
1778850759.8063571,130.288284,-5.192626,164.172379,2.950626,-0.056791,1.120159
1778850759.8067465,130.288284,-5.192626,164.172379,2.950626,-0.056791,1.120159
1778850759.8071141,130.262573,-5.19596,164.164932,2.950743,-0.05675,1.119583
1778850759.8074813,130.262573,-5.19596,164.164932,2.950743,-0.05675,1.119583
1778850759.8078518,130.262573,-5.19596,164.164932,2.950743,-0.05675,1.119583
1778850759.8082213,130.262573,-5.19596,164.164932,2.950743,-0.05675,1.119583
1778850759.8085809,130.262573,-5.19596,164.164932,2.950743,-0.05675,1.119583
1778850759.8089604,130.262573,-5.19596,164.164932,2.950743,-0.05675,1.119583
1778850759.8093443,130.262573,-5.19596,164.164932,2.950743,-0.05675,1.119583
1778850759.8097572,130.262573,-5.19596,164.164932,2.950743,-0.05675,1.119583
1778850759.8101187,130.262573,-5.19596,164.164932,2.950743,-0.05675,1.119583
1778850759.8105211,130.262573,-5.19596,164.164932,2.950743,-0.05675,1.119583
1778850759.8108928,130.236847,-5.199283,164.157501,2.950861,-0.056709,1.119007
1778850759.8112597,130.236847,-5.199283,164.157501,2.950861,-0.056709,1.119007
1778850759.8116279,130.236847,-5.199283,164.157501,2.950861,-0.056709,1.119007
1778850759.812,130.236847,-5.199283,164.157501,2.950861,-0.056709,1.119007
1778850759.8123674,130.236847,-5.199283,164.157501,2.950861,-0.056709,1.119007
1778850759.8127546,130.236847,-5.199283,164.157501,2.950861,-0.056709,1.119007
1778850759.8131483,130.236847,-5.199283,164.157501,2.950861,-0.056709,1.119007
1778850759.8135383,130.236847,-5.199283,164.157501,2.950861,-0.056709,1.119007
1778850759.8139634,130.236847,-5.199283,164.157501,2.950861,-0.056709,1.119007
1778850759.814508,130.236847,-5.199283,164.157501,2.950861,-0.056709,1.119007
1778850759.814891,130.211121,-5.202594,164.150055,2.950978,-0.056669,1.118431
1778850759.8152664,130.211121,-5.202594,164.150055,2.950978,-0.056669,1.118431
1778850759.8156426,130.211121,-5.202594,164.150055,2.950978,-0.056669,1.118431
1778850759.8160126,130.211121,-5.202594,164.150055,2.950978,-0.056669,1.118431
1778850759.8164232,130.211121,-5.202594,164.150055,2.950978,-0.056669,1.118431
1778850759.8167958,130.211121,-5.202594,164.150055,2.950978,-0.056669,1.118431
1778850759.8171859,130.211121,-5.202594,164.150055,2.950978,-0.056669,1.118431
1778850759.8176394,130.211121,-5.202594,164.150055,2.950978,-0.056669,1.118431
1778850759.8180125,130.211121,-5.202594,164.150055,2.950978,-0.056669,1.118431
1778850759.818384,130.211121,-5.202594,164.150055,2.950978,-0.056669,1.118431
1778850759.8187854,130.211121,-5.202594,164.150055,2.950978,-0.056669,1.118431
1778850759.819155,130.185394,-5.205895,164.142624,2.951096,-0.056628,1.117855
1778850759.8195271,130.185394,-5.205895,164.142624,2.951096,-0.056628,1.117855
1778850759.8199043,130.185394,-5.205895,164.142624,2.951096,-0.056628,1.117855
1778850759.8202736,130.185394,-5.205895,164.142624,2.951096,-0.056628,1.117855
1778850759.8206537,130.185394,-5.205895,164.142624,2.951096,-0.056628,1.117855
1778850759.8211024,130.185394,-5.205895,164.142624,2.951096,-0.056628,1.117855
1778850759.821564,130.185394,-5.205895,164.142624,2.951096,-0.056628,1.117855
1778850759.8219652,130.185394,-5.205895,164.142624,2.951096,-0.056628,1.117855
1778850759.8223386,130.185394,-5.205895,164.142624,2.951096,-0.056628,1.117855
1778850759.8227134,130.185394,-5.205895,164.142624,2.951096,-0.056628,1.117855
1778850759.82313,130.159653,-5.209185,164.135178,2.951213,-0.056587,1.117279
1778850759.8235116,130.159653,-5.209185,164.135178,2.951213,-0.056587,1.117279
1778850759.8239377,130.159653,-5.209185,164.135178,2.951213,-0.056587,1.117279
1778850759.8243597,130.159653,-5.209185,164.135178,2.951213,-0.056587,1.117279
1778850759.824749,130.159653,-5.209185,164.135178,2.951213,-0.056587,1.117279
1778850759.825162,130.159653,-5.209185,164.135178,2.951213,-0.056587,1.117279
1778850759.8255634,130.159653,-5.209185,164.135178,2.951213,-0.056587,1.117279
1778850759.8259487,130.159653,-5.209185,164.135178,2.951213,-0.056587,1.117279
1778850759.8263264,130.159653,-5.209185,164.135178,2.951213,-0.056587,1.117279
1778850759.8267555,130.159653,-5.209185,164.135178,2.951213,-0.056587,1.117279
1778850759.827125,130.133896,-5.212463,164.127747,2.951331,-0.056546,1.116703
1778850759.8274875,130.133896,-5.212463,164.127747,2.951331,-0.056546,1.116703
1778850759.8278537,130.133896,-5.212463,164.127747,2.951331,-0.056546,1.116703
1778850759.8282247,130.133896,-5.212463,164.127747,2.951331,-0.056546,1.116703
1778850759.828585,130.133896,-5.212463,164.127747,2.951331,-0.056546,1.116703
1778850759.828971,130.133896,-5.212463,164.127747,2.951331,-0.056546,1.116703
1778850759.8293493,130.133896,-5.212463,164.127747,2.951331,-0.056546,1.116703
1778850759.8297424,130.133896,-5.212463,164.127747,2.951331,-0.056546,1.116703
1778850759.8301299,130.133896,-5.212463,164.127747,2.951331,-0.056546,1.116703
1778850759.8305748,130.133896,-5.212463,164.127747,2.951331,-0.056546,1.116703
1778850759.8309574,130.108139,-5.215731,164.120316,2.951449,-0.056506,1.116127
1778850759.8313253,130.108139,-5.215731,164.120316,2.951449,-0.056506,1.116127
1778850759.8316941,130.108139,-5.215731,164.120316,2.951449,-0.056506,1.116127
1778850759.8320715,130.108139,-5.215731,164.120316,2.951449,-0.056506,1.116127
1778850759.832439,130.108139,-5.215731,164.120316,2.951449,-0.056506,1.116127
1778850759.8328378,130.108139,-5.215731,164.120316,2.951449,-0.056506,1.116127
1778850759.833211,130.108139,-5.215731,164.120316,2.951449,-0.056506,1.116127
1778850759.8336055,130.108139,-5.215731,164.120316,2.951449,-0.056506,1.116127
1778850759.8340025,130.108139,-5.215731,164.120316,2.951449,-0.056506,1.116127
1778850759.834392,130.108139,-5.215731,164.120316,2.951449,-0.056506,1.116127
1778850759.8348083,130.108139,-5.215731,164.120316,2.951449,-0.056506,1.116127
1778850759.8352091,130.082382,-5.218988,164.112869,2.951566,-0.056465,1.115551
1778850759.8355772,130.082382,-5.218988,164.112869,2.951566,-0.056465,1.115551
1778850759.8359594,130.082382,-5.218988,164.112869,2.951566,-0.056465,1.115551
1778850759.8363328,130.082382,-5.218988,164.112869,2.951566,-0.056465,1.115551
1778850759.8366992,130.082382,-5.218988,164.112869,2.951566,-0.056465,1.115551
1778850759.8371177,130.082382,-5.218988,164.112869,2.951566,-0.056465,1.115551
1778850759.837485,130.082382,-5.218988,164.112869,2.951566,-0.056465,1.115551
1778850759.837871,130.082382,-5.218988,164.112869,2.951566,-0.056465,1.115551
1778850759.8382456,130.082382,-5.218988,164.112869,2.951566,-0.056465,1.115551
1778850759.8386385,130.082382,-5.218988,164.112869,2.951566,-0.056465,1.115551
1778850759.8390021,130.05661,-5.222233,164.105438,2.951684,-0.056424,1.114975
1778850759.83936,130.05661,-5.222233,164.105438,2.951684,-0.056424,1.114975
1778850759.8397226,130.05661,-5.222233,164.105438,2.951684,-0.056424,1.114975
1778850759.8401055,130.05661,-5.222233,164.105438,2.951684,-0.056424,1.114975
1778850759.8404613,130.05661,-5.222233,164.105438,2.951684,-0.056424,1.114975
1778850759.8408477,130.05661,-5.222233,164.105438,2.951684,-0.056424,1.114975
1778850759.8412569,130.05661,-5.222233,164.105438,2.951684,-0.056424,1.114975
1778850759.8416383,130.05661,-5.222233,164.105438,2.951684,-0.056424,1.114975
1778850759.8421345,130.05661,-5.222233,164.105438,2.951684,-0.056424,1.114975
1778850759.8425026,130.05661,-5.222233,164.105438,2.951684,-0.056424,1.114975
1778850759.842869,130.030823,-5.225468,164.098007,2.951802,-0.056383,1.114399
1778850759.843231,130.030823,-5.225468,164.098007,2.951802,-0.056383,1.114399
1778850759.8436024,130.030823,-5.225468,164.098007,2.951802,-0.056383,1.114399
1778850759.8439734,130.030823,-5.225468,164.098007,2.951802,-0.056383,1.114399
1778850759.8443382,130.030823,-5.225468,164.098007,2.951802,-0.056383,1.114399
1778850759.8447027,130.030823,-5.225468,164.098007,2.951802,-0.056383,1.114399
1778850759.8450825,130.030823,-5.225468,164.098007,2.951802,-0.056383,1.114399
1778850759.845464,130.030823,-5.225468,164.098007,2.951802,-0.056383,1.114399
1778850759.845922,130.030823,-5.225468,164.098007,2.951802,-0.056383,1.114399
1778850759.8463545,130.030823,-5.225468,164.098007,2.951802,-0.056383,1.114399
1778850759.8467622,130.030823,-5.225468,164.098007,2.951802,-0.056383,1.114399
1778850759.8471317,130.005051,-5.228692,164.090576,2.95192,-0.056342,1.113823
1778850759.8475142,130.005051,-5.228692,164.090576,2.95192,-0.056342,1.113823
1778850759.8478835,130.005051,-5.228692,164.090576,2.95192,-0.056342,1.113823
1778850759.8482468,130.005051,-5.228692,164.090576,2.95192,-0.056342,1.113823
1778850759.8486156,130.005051,-5.228692,164.090576,2.95192,-0.056342,1.113823
1778850759.8490155,130.005051,-5.228692,164.090576,2.95192,-0.056342,1.113823
1778850759.8493965,130.005051,-5.228692,164.090576,2.95192,-0.056342,1.113823
1778850759.8497782,130.005051,-5.228692,164.090576,2.95192,-0.056342,1.113823
1778850759.8501594,130.005051,-5.228692,164.090576,2.95192,-0.056342,1.113823
1778850759.8505232,130.005051,-5.228692,164.090576,2.95192,-0.056342,1.113823
1778850759.8509078,129.979248,-5.231905,164.083145,2.952039,-0.056302,1.113247
1778850759.8512654,129.979248,-5.231905,164.083145,2.952039,-0.056302,1.113247
1778850759.8516223,129.979248,-5.231905,164.083145,2.952039,-0.056302,1.113247
1778850759.8519793,129.979248,-5.231905,164.083145,2.952039,-0.056302,1.113247
1778850759.8523505,129.979248,-5.231905,164.083145,2.952039,-0.056302,1.113247
1778850759.8527114,129.979248,-5.231905,164.083145,2.952039,-0.056302,1.113247
1778850759.8531077,129.979248,-5.231905,164.083145,2.952039,-0.056302,1.113247
1778850759.8535094,129.979248,-5.231905,164.083145,2.952039,-0.056302,1.113247
1778850759.8539498,129.979248,-5.231905,164.083145,2.952039,-0.056302,1.113247
1778850759.854335,129.979248,-5.231905,164.083145,2.952039,-0.056302,1.113247
1778850759.8547828,129.979248,-5.231905,164.083145,2.952039,-0.056302,1.113247
1778850759.855184,129.953445,-5.235106,164.075714,2.952157,-0.056261,1.112671
1778850759.8555486,129.953445,-5.235106,164.075714,2.952157,-0.056261,1.112671
1778850759.8559124,129.953445,-5.235106,164.075714,2.952157,-0.056261,1.112671
1778850759.8562784,129.953445,-5.235106,164.075714,2.952157,-0.056261,1.112671
1778850759.856643,129.953445,-5.235106,164.075714,2.952157,-0.056261,1.112671
1778850759.8570778,129.953445,-5.235106,164.075714,2.952157,-0.056261,1.112671
1778850759.8574595,129.953445,-5.235106,164.075714,2.952157,-0.056261,1.112671
1778850759.8578377,129.953445,-5.235106,164.075714,2.952157,-0.056261,1.112671
1778850759.8582094,129.953445,-5.235106,164.075714,2.952157,-0.056261,1.112671
1778850759.8586097,129.953445,-5.235106,164.075714,2.952157,-0.056261,1.112671
1778850759.8589954,129.927643,-5.238297,164.068283,2.952275,-0.05622,1.112095
1778850759.8593624,129.927643,-5.238297,164.068283,2.952275,-0.05622,1.112095
1778850759.8597355,129.927643,-5.238297,164.068283,2.952275,-0.05622,1.112095
1778850759.8601015,129.927643,-5.238297,164.068283,2.952275,-0.05622,1.112095
1778850759.8604631,129.927643,-5.238297,164.068283,2.952275,-0.05622,1.112095
1778850759.860842,129.927643,-5.238297,164.068283,2.952275,-0.05622,1.112095
1778850759.8612285,129.927643,-5.238297,164.068283,2.952275,-0.05622,1.112095
1778850759.8615973,129.927643,-5.238297,164.068283,2.952275,-0.05622,1.112095
1778850759.8620062,129.927643,-5.238297,164.068283,2.952275,-0.05622,1.112095
1778850759.86237,129.927643,-5.238297,164.068283,2.952275,-0.05622,1.112095
1778850759.8627367,129.927643,-5.238297,164.068283,2.952275,-0.05622,1.112095
1778850759.863109,129.901825,-5.241476,164.060852,2.952393,-0.056179,1.111519
1778850759.8634698,129.901825,-5.241476,164.060852,2.952393,-0.056179,1.111519
1778850759.863829,129.901825,-5.241476,164.060852,2.952393,-0.056179,1.111519
1778850759.8641875,129.901825,-5.241476,164.060852,2.952393,-0.056179,1.111519
1778850759.8645513,129.901825,-5.241476,164.060852,2.952393,-0.056179,1.111519
1778850759.8649247,129.901825,-5.241476,164.060852,2.952393,-0.056179,1.111519
1778850759.8653293,129.901825,-5.241476,164.060852,2.952393,-0.056179,1.111519
1778850759.8657155,129.901825,-5.241476,164.060852,2.952393,-0.056179,1.111519
1778850759.8661218,129.901825,-5.241476,164.060852,2.952393,-0.056179,1.111519
1778850759.86654,129.901825,-5.241476,164.060852,2.952393,-0.056179,1.111519
1778850759.8669393,129.876007,-5.244644,164.053421,2.952512,-0.056138,1.110944
1778850759.8673246,129.876007,-5.244644,164.053421,2.952512,-0.056138,1.110944
1778850759.8676836,129.876007,-5.244644,164.053421,2.952512,-0.056138,1.110944
1778850759.8680642,129.876007,-5.244644,164.053421,2.952512,-0.056138,1.110944
1778850759.868428,129.876007,-5.244644,164.053421,2.952512,-0.056138,1.110944
1778850759.8688157,129.876007,-5.244644,164.053421,2.952512,-0.056138,1.110944
1778850759.8691869,129.876007,-5.244644,164.053421,2.952512,-0.056138,1.110944
1778850759.8696132,129.876007,-5.244644,164.053421,2.952512,-0.056138,1.110944
1778850759.8699946,129.876007,-5.244644,164.053421,2.952512,-0.056138,1.110944
1778850759.8703654,129.876007,-5.244644,164.053421,2.952512,-0.056138,1.110944
1778850759.8707435,129.876007,-5.244644,164.053421,2.952512,-0.056138,1.110944
1778850759.8711307,129.850174,-5.247802,164.04599,2.95263,-0.056097,1.110368
1778850759.8714905,129.850174,-5.247802,164.04599,2.95263,-0.056097,1.110368
1778850759.8718777,129.850174,-5.247802,164.04599,2.95263,-0.056097,1.110368
1778850759.8722441,129.850174,-5.247802,164.04599,2.95263,-0.056097,1.110368
1778850759.8726017,129.850174,-5.247802,164.04599,2.95263,-0.056097,1.110368
1778850759.8729854,129.850174,-5.247802,164.04599,2.95263,-0.056097,1.110368
1778850759.8733943,129.850174,-5.247802,164.04599,2.95263,-0.056097,1.110368
1778850759.8738582,129.850174,-5.247802,164.04599,2.95263,-0.056097,1.110368
1778850759.8742328,129.850174,-5.247802,164.04599,2.95263,-0.056097,1.110368
1778850759.8746197,129.850174,-5.247802,164.04599,2.95263,-0.056097,1.110368
1778850759.8750346,129.824341,-5.250948,164.038559,2.952749,-0.056057,1.109792
1778850759.8753922,129.824341,-5.250948,164.038559,2.952749,-0.056057,1.109792
1778850759.8758402,129.824341,-5.250948,164.038559,2.952749,-0.056057,1.109792
1778850759.8762355,129.824341,-5.250948,164.038559,2.952749,-0.056057,1.109792
1778850759.8766167,129.824341,-5.250948,164.038559,2.952749,-0.056057,1.109792
1778850759.8771276,129.824341,-5.250948,164.038559,2.952749,-0.056057,1.109792
1778850759.8775847,129.824341,-5.250948,164.038559,2.952749,-0.056057,1.109792
1778850759.8780239,129.824341,-5.250948,164.038559,2.952749,-0.056057,1.109792
1778850759.8784137,129.824341,-5.250948,164.038559,2.952749,-0.056057,1.109792
1778850759.878804,129.824341,-5.250948,164.038559,2.952749,-0.056057,1.109792
1778850759.8791907,129.798508,-5.254083,164.031128,2.952867,-0.056016,1.109216
1778850759.879572,129.798508,-5.254083,164.031128,2.952867,-0.056016,1.109216
1778850759.879973,129.798508,-5.254083,164.031128,2.952867,-0.056016,1.109216
1778850759.880359,129.798508,-5.254083,164.031128,2.952867,-0.056016,1.109216
1778850759.8807425,129.798508,-5.254083,164.031128,2.952867,-0.056016,1.109216
1778850759.881136,129.798508,-5.254083,164.031128,2.952867,-0.056016,1.109216
1778850759.8815246,129.798508,-5.254083,164.031128,2.952867,-0.056016,1.109216
1778850759.881896,129.798508,-5.254083,164.031128,2.952867,-0.056016,1.109216
1778850759.8822925,129.798508,-5.254083,164.031128,2.952867,-0.056016,1.109216
1778850759.882682,129.798508,-5.254083,164.031128,2.952867,-0.056016,1.109216
1778850759.8830833,129.772659,-5.257207,164.023712,2.952986,-0.055975,1.108641
1778850759.8834977,129.772659,-5.257207,164.023712,2.952986,-0.055975,1.108641
1778850759.8838842,129.772659,-5.257207,164.023712,2.952986,-0.055975,1.108641
1778850759.8842592,129.772659,-5.257207,164.023712,2.952986,-0.055975,1.108641
1778850759.8846478,129.772659,-5.257207,164.023712,2.952986,-0.055975,1.108641
1778850759.8851037,129.772659,-5.257207,164.023712,2.952986,-0.055975,1.108641
1778850759.8855,129.772659,-5.257207,164.023712,2.952986,-0.055975,1.108641
1778850759.8858871,129.772659,-5.257207,164.023712,2.952986,-0.055975,1.108641
1778850759.886288,129.772659,-5.257207,164.023712,2.952986,-0.055975,1.108641
1778850759.8866665,129.772659,-5.257207,164.023712,2.952986,-0.055975,1.108641
1778850759.8870447,129.746796,-5.26032,164.016281,2.953104,-0.055934,1.108065
1778850759.8874235,129.746796,-5.26032,164.016281,2.953104,-0.055934,1.108065
1778850759.8878152,129.746796,-5.26032,164.016281,2.953104,-0.055934,1.108065
1778850759.8881898,129.746796,-5.26032,164.016281,2.953104,-0.055934,1.108065
1778850759.8885577,129.746796,-5.26032,164.016281,2.953104,-0.055934,1.108065
1778850759.8889546,129.746796,-5.26032,164.016281,2.953104,-0.055934,1.108065
1778850759.8893552,129.746796,-5.26032,164.016281,2.953104,-0.055934,1.108065
1778850759.8897672,129.746796,-5.26032,164.016281,2.953104,-0.055934,1.108065
1778850759.8901718,129.746796,-5.26032,164.016281,2.953104,-0.055934,1.108065
1778850759.890547,129.746796,-5.26032,164.016281,2.953104,-0.055934,1.108065
1778850759.8909414,129.720932,-5.263422,164.00885,2.953223,-0.055893,1.107489
1778850759.8913164,129.720932,-5.263422,164.00885,2.953223,-0.055893,1.107489
1778850759.8916926,129.720932,-5.263422,164.00885,2.953223,-0.055893,1.107489
1778850759.8920772,129.720932,-5.263422,164.00885,2.953223,-0.055893,1.107489
1778850759.8924446,129.720932,-5.263422,164.00885,2.953223,-0.055893,1.107489
1778850759.8928227,129.720932,-5.263422,164.00885,2.953223,-0.055893,1.107489
1778850759.8931985,129.720932,-5.263422,164.00885,2.953223,-0.055893,1.107489
1778850759.8935966,129.720932,-5.263422,164.00885,2.953223,-0.055893,1.107489
1778850759.894,129.720932,-5.263422,164.00885,2.953223,-0.055893,1.107489
1778850759.8943923,129.720932,-5.263422,164.00885,2.953223,-0.055893,1.107489
1778850759.8948002,129.695068,-5.266513,164.001434,2.953342,-0.055852,1.106913
1778850759.8951924,129.695068,-5.266513,164.001434,2.953342,-0.055852,1.106913
1778850759.8955815,129.695068,-5.266513,164.001434,2.953342,-0.055852,1.106913
1778850759.895975,129.695068,-5.266513,164.001434,2.953342,-0.055852,1.106913
1778850759.8963473,129.695068,-5.266513,164.001434,2.953342,-0.055852,1.106913
1778850759.8967228,129.695068,-5.266513,164.001434,2.953342,-0.055852,1.106913
1778850759.8971002,129.695068,-5.266513,164.001434,2.953342,-0.055852,1.106913
1778850759.8974702,129.695068,-5.266513,164.001434,2.953342,-0.055852,1.106913
1778850759.8978884,129.695068,-5.266513,164.001434,2.953342,-0.055852,1.106913
1778850759.8984969,129.695068,-5.266513,164.001434,2.953342,-0.055852,1.106913
1778850759.89889,129.669189,-5.269593,163.994003,2.953461,-0.055811,1.106338
1778850759.899273,129.669189,-5.269593,163.994003,2.953461,-0.055811,1.106338
1778850759.8996418,129.669189,-5.269593,163.994003,2.953461,-0.055811,1.106338
1778850759.9000263,129.669189,-5.269593,163.994003,2.953461,-0.055811,1.106338
1778850759.9003944,129.669189,-5.269593,163.994003,2.953461,-0.055811,1.106338
1778850759.9007666,129.669189,-5.269593,163.994003,2.953461,-0.055811,1.106338
1778850759.9011457,129.669189,-5.269593,163.994003,2.953461,-0.055811,1.106338
1778850759.9015672,129.669189,-5.269593,163.994003,2.953461,-0.055811,1.106338
1778850759.9019544,129.669189,-5.269593,163.994003,2.953461,-0.055811,1.106338
1778850759.9023423,129.669189,-5.269593,163.994003,2.953461,-0.055811,1.106338
1778850759.902748,129.669189,-5.269593,163.994003,2.953461,-0.055811,1.106338
1778850759.9031556,129.643295,-5.272661,163.986588,2.95358,-0.05577,1.105762
1778850759.9035654,129.643295,-5.272661,163.986588,2.95358,-0.05577,1.105762
1778850759.903967,129.643295,-5.272661,163.986588,2.95358,-0.05577,1.105762
1778850759.9043603,129.643295,-5.272661,163.986588,2.95358,-0.05577,1.105762
1778850759.9047456,129.643295,-5.272661,163.986588,2.95358,-0.05577,1.105762
1778850759.9051368,129.643295,-5.272661,163.986588,2.95358,-0.05577,1.105762
1778850759.905562,129.643295,-5.272661,163.986588,2.95358,-0.05577,1.105762
1778850759.9059863,129.643295,-5.272661,163.986588,2.95358,-0.05577,1.105762
1778850759.906377,129.643295,-5.272661,163.986588,2.95358,-0.05577,1.105762
1778850759.9067652,129.643295,-5.272661,163.986588,2.95358,-0.05577,1.105762
1778850759.9071786,129.617416,-5.275719,163.979156,2.953699,-0.055729,1.105186
1778850759.907626,129.617416,-5.275719,163.979156,2.953699,-0.055729,1.105186
1778850759.9080174,129.617416,-5.275719,163.979156,2.953699,-0.055729,1.105186
1778850759.9083977,129.617416,-5.275719,163.979156,2.953699,-0.055729,1.105186
1778850759.908784,129.617416,-5.275719,163.979156,2.953699,-0.055729,1.105186
1778850759.9091609,129.617416,-5.275719,163.979156,2.953699,-0.055729,1.105186
1778850759.909576,129.617416,-5.275719,163.979156,2.953699,-0.055729,1.105186
1778850759.9099572,129.617416,-5.275719,163.979156,2.953699,-0.055729,1.105186
1778850759.9103472,129.617416,-5.275719,163.979156,2.953699,-0.055729,1.105186
1778850759.9107487,129.617416,-5.275719,163.979156,2.953699,-0.055729,1.105186
1778850759.9111264,129.591507,-5.278765,163.971741,2.953818,-0.055688,1.104611
1778850759.9114952,129.591507,-5.278765,163.971741,2.953818,-0.055688,1.104611
1778850759.9118788,129.591507,-5.278765,163.971741,2.953818,-0.055688,1.104611
1778850759.9122496,129.591507,-5.278765,163.971741,2.953818,-0.055688,1.104611
1778850759.9126241,129.591507,-5.278765,163.971741,2.953818,-0.055688,1.104611
1778850759.9130623,129.591507,-5.278765,163.971741,2.953818,-0.055688,1.104611
1778850759.913442,129.591507,-5.278765,163.971741,2.953818,-0.055688,1.104611
1778850759.9138818,129.591507,-5.278765,163.971741,2.953818,-0.055688,1.104611
1778850759.9142795,129.591507,-5.278765,163.971741,2.953818,-0.055688,1.104611
1778850759.9147553,129.591507,-5.278765,163.971741,2.953818,-0.055688,1.104611
1778850759.915131,129.565613,-5.2818,163.964325,2.953938,-0.055648,1.104035
1778850759.9155042,129.565613,-5.2818,163.964325,2.953938,-0.055648,1.104035
1778850759.9158852,129.565613,-5.2818,163.964325,2.953938,-0.055648,1.104035
1778850759.9162686,129.565613,-5.2818,163.964325,2.953938,-0.055648,1.104035
1778850759.9166431,129.565613,-5.2818,163.964325,2.953938,-0.055648,1.104035
1778850759.9170928,129.565613,-5.2818,163.964325,2.953938,-0.055648,1.104035
1778850759.9175,129.565613,-5.2818,163.964325,2.953938,-0.055648,1.104035
1778850759.9178977,129.565613,-5.2818,163.964325,2.953938,-0.055648,1.104035
1778850759.9183228,129.565613,-5.2818,163.964325,2.953938,-0.055648,1.104035
1778850759.9187393,129.565613,-5.2818,163.964325,2.953938,-0.055648,1.104035
1778850759.9191606,129.539703,-5.284824,163.956894,2.954057,-0.055607,1.103459
1778850759.91954,129.539703,-5.284824,163.956894,2.954057,-0.055607,1.103459
1778850759.9199307,129.539703,-5.284824,163.956894,2.954057,-0.055607,1.103459
1778850759.920316,129.539703,-5.284824,163.956894,2.954057,-0.055607,1.103459
1778850759.9206946,129.539703,-5.284824,163.956894,2.954057,-0.055607,1.103459
1778850759.921087,129.539703,-5.284824,163.956894,2.954057,-0.055607,1.103459
1778850759.9214606,129.539703,-5.284824,163.956894,2.954057,-0.055607,1.103459
1778850759.9218884,129.539703,-5.284824,163.956894,2.954057,-0.055607,1.103459
1778850759.9222896,129.539703,-5.284824,163.956894,2.954057,-0.055607,1.103459
1778850759.9226792,129.539703,-5.284824,163.956894,2.954057,-0.055607,1.103459
1778850759.9231257,129.513779,-5.287837,163.949478,2.954176,-0.055566,1.102884
1778850759.9235203,129.513779,-5.287837,163.949478,2.954176,-0.055566,1.102884
1778850759.9239063,129.513779,-5.287837,163.949478,2.954176,-0.055566,1.102884
1778850759.9243026,129.513779,-5.287837,163.949478,2.954176,-0.055566,1.102884
1778850759.9246986,129.513779,-5.287837,163.949478,2.954176,-0.055566,1.102884
1778850759.925107,129.513779,-5.287837,163.949478,2.954176,-0.055566,1.102884
1778850759.9255433,129.513779,-5.287837,163.949478,2.954176,-0.055566,1.102884
1778850759.925927,129.513779,-5.287837,163.949478,2.954176,-0.055566,1.102884
1778850759.9263227,129.513779,-5.287837,163.949478,2.954176,-0.055566,1.102884
1778850759.9267163,129.513779,-5.287837,163.949478,2.954176,-0.055566,1.102884
1778850759.9270985,129.487854,-5.290839,163.942062,2.954295,-0.055525,1.102308
1778850759.927511,129.487854,-5.290839,163.942062,2.954295,-0.055525,1.102308
1778850759.9278858,129.487854,-5.290839,163.942062,2.954295,-0.055525,1.102308
1778850759.9282632,129.487854,-5.290839,163.942062,2.954295,-0.055525,1.102308
1778850759.9286516,129.487854,-5.290839,163.942062,2.954295,-0.055525,1.102308
1778850759.92909,129.487854,-5.290839,163.942062,2.954295,-0.055525,1.102308
1778850759.929467,129.487854,-5.290839,163.942062,2.954295,-0.055525,1.102308
1778850759.9298701,129.487854,-5.290839,163.942062,2.954295,-0.055525,1.102308
1778850759.9302588,129.487854,-5.290839,163.942062,2.954295,-0.055525,1.102308
1778850759.9306357,129.487854,-5.290839,163.942062,2.954295,-0.055525,1.102308
1778850759.9310508,129.461914,-5.293829,163.934647,2.954415,-0.055484,1.101733
1778850759.9314249,129.461914,-5.293829,163.934647,2.954415,-0.055484,1.101733
1778850759.9317968,129.461914,-5.293829,163.934647,2.954415,-0.055484,1.101733
1778850759.9321883,129.461914,-5.293829,163.934647,2.954415,-0.055484,1.101733
1778850759.9325588,129.461914,-5.293829,163.934647,2.954415,-0.055484,1.101733
1778850759.93293,129.461914,-5.293829,163.934647,2.954415,-0.055484,1.101733
1778850759.9333606,129.461914,-5.293829,163.934647,2.954415,-0.055484,1.101733
1778850759.9338107,129.461914,-5.293829,163.934647,2.954415,-0.055484,1.101733
1778850759.9341905,129.461914,-5.293829,163.934647,2.954415,-0.055484,1.101733
1778850759.9345937,129.461914,-5.293829,163.934647,2.954415,-0.055484,1.101733
1778850759.9350057,129.435989,-5.296809,163.927231,2.954535,-0.055443,1.101157
1778850759.9353876,129.435989,-5.296809,163.927231,2.954535,-0.055443,1.101157
1778850759.935766,129.435989,-5.296809,163.927231,2.954535,-0.055443,1.101157
1778850759.936139,129.435989,-5.296809,163.927231,2.954535,-0.055443,1.101157
1778850759.936507,129.435989,-5.296809,163.927231,2.954535,-0.055443,1.101157
1778850759.9368858,129.435989,-5.296809,163.927231,2.954535,-0.055443,1.101157
1778850759.9373212,129.435989,-5.296809,163.927231,2.954535,-0.055443,1.101157
1778850759.9377062,129.435989,-5.296809,163.927231,2.954535,-0.055443,1.101157
1778850759.93809,129.435989,-5.296809,163.927231,2.954535,-0.055443,1.101157
1778850759.9385395,129.435989,-5.296809,163.927231,2.954535,-0.055443,1.101157
1778850759.9389184,129.410034,-5.299777,163.919815,2.954654,-0.055402,1.100582
1778850759.9392948,129.410034,-5.299777,163.919815,2.954654,-0.055402,1.100582
1778850759.939687,129.410034,-5.299777,163.919815,2.954654,-0.055402,1.100582
1778850759.9400816,129.410034,-5.299777,163.919815,2.954654,-0.055402,1.100582
1778850759.9404638,129.410034,-5.299777,163.919815,2.954654,-0.055402,1.100582
1778850759.9408414,129.410034,-5.299777,163.919815,2.954654,-0.055402,1.100582
1778850759.9412162,129.410034,-5.299777,163.919815,2.954654,-0.055402,1.100582
1778850759.9416182,129.410034,-5.299777,163.919815,2.954654,-0.055402,1.100582
1778850759.9420962,129.410034,-5.299777,163.919815,2.954654,-0.055402,1.100582
1778850759.9424787,129.410034,-5.299777,163.919815,2.954654,-0.055402,1.100582
1778850759.9428604,129.384079,-5.302734,163.912399,2.954774,-0.055361,1.100006
1778850759.9432433,129.384079,-5.302734,163.912399,2.954774,-0.055361,1.100006
1778850759.9436224,129.384079,-5.302734,163.912399,2.954774,-0.055361,1.100006
1778850759.9440017,129.384079,-5.302734,163.912399,2.954774,-0.055361,1.100006
1778850759.9444067,129.384079,-5.302734,163.912399,2.954774,-0.055361,1.100006
1778850759.9447985,129.384079,-5.302734,163.912399,2.954774,-0.055361,1.100006
1778850759.9451876,129.384079,-5.302734,163.912399,2.954774,-0.055361,1.100006
1778850759.9455817,129.384079,-5.302734,163.912399,2.954774,-0.055361,1.100006
1778850759.9459677,129.384079,-5.302734,163.912399,2.954774,-0.055361,1.100006
1778850759.9463592,129.384079,-5.302734,163.912399,2.954774,-0.055361,1.100006
1778850759.9467394,129.384079,-5.302734,163.912399,2.954774,-0.055361,1.100006
1778850759.9471133,129.358124,-5.30568,163.904984,2.954894,-0.05532,1.099431
1778850759.947493,129.358124,-5.30568,163.904984,2.954894,-0.05532,1.099431
1778850759.9478734,129.358124,-5.30568,163.904984,2.954894,-0.05532,1.099431
1778850759.9482477,129.358124,-5.30568,163.904984,2.954894,-0.05532,1.099431
1778850759.9486775,129.358124,-5.30568,163.904984,2.954894,-0.05532,1.099431
1778850759.949092,129.358124,-5.30568,163.904984,2.954894,-0.05532,1.099431
1778850759.9494987,129.358124,-5.30568,163.904984,2.954894,-0.05532,1.099431
1778850759.9499075,129.358124,-5.30568,163.904984,2.954894,-0.05532,1.099431
1778850759.9503345,129.358124,-5.30568,163.904984,2.954894,-0.05532,1.099431
1778850759.9507222,129.358124,-5.30568,163.904984,2.954894,-0.05532,1.099431
1778850759.951091,129.332169,-5.308614,163.897568,2.955013,-0.055279,1.098855
1778850759.9514568,129.332169,-5.308614,163.897568,2.955013,-0.055279,1.098855
1778850759.9518254,129.332169,-5.308614,163.897568,2.955013,-0.055279,1.098855
1778850759.9522038,129.332169,-5.308614,163.897568,2.955013,-0.055279,1.098855
1778850759.9525738,129.332169,-5.308614,163.897568,2.955013,-0.055279,1.098855
1778850759.952956,129.332169,-5.308614,163.897568,2.955013,-0.055279,1.098855
1778850759.9533544,129.332169,-5.308614,163.897568,2.955013,-0.055279,1.098855
1778850759.9537702,129.332169,-5.308614,163.897568,2.955013,-0.055279,1.098855
1778850759.9541512,129.332169,-5.308614,163.897568,2.955013,-0.055279,1.098855
1778850759.9545527,129.332169,-5.308614,163.897568,2.955013,-0.055279,1.098855
1778850759.9549322,129.306183,-5.311538,163.890152,2.955133,-0.055238,1.09828
1778850759.95531,129.306183,-5.311538,163.890152,2.955133,-0.055238,1.09828
1778850759.9556844,129.306183,-5.311538,163.890152,2.955133,-0.055238,1.09828
1778850759.9560676,129.306183,-5.311538,163.890152,2.955133,-0.055238,1.09828
1778850759.9564412,129.306183,-5.311538,163.890152,2.955133,-0.055238,1.09828
1778850759.956815,129.306183,-5.311538,163.890152,2.955133,-0.055238,1.09828
1778850759.957196,129.306183,-5.311538,163.890152,2.955133,-0.055238,1.09828
1778850759.9575973,129.306183,-5.311538,163.890152,2.955133,-0.055238,1.09828
1778850759.9579897,129.306183,-5.311538,163.890152,2.955133,-0.055238,1.09828
1778850759.9583673,129.306183,-5.311538,163.890152,2.955133,-0.055238,1.09828
1778850759.9587703,129.280212,-5.31445,163.882736,2.955253,-0.055197,1.097704
1778850759.959219,129.280212,-5.31445,163.882736,2.955253,-0.055197,1.097704
1778850759.9595954,129.280212,-5.31445,163.882736,2.955253,-0.055197,1.097704
1778850759.95997,129.280212,-5.31445,163.882736,2.955253,-0.055197,1.097704
1778850759.9603457,129.280212,-5.31445,163.882736,2.955253,-0.055197,1.097704
1778850759.9607308,129.280212,-5.31445,163.882736,2.955253,-0.055197,1.097704
1778850759.961119,129.280212,-5.31445,163.882736,2.955253,-0.055197,1.097704
1778850759.9615657,129.280212,-5.31445,163.882736,2.955253,-0.055197,1.097704
1778850759.9619703,129.280212,-5.31445,163.882736,2.955253,-0.055197,1.097704
1778850759.9623668,129.280212,-5.31445,163.882736,2.955253,-0.055197,1.097704
1778850759.9628208,129.280212,-5.31445,163.882736,2.955253,-0.055197,1.097704
1778850759.9635217,129.254227,-5.317351,163.875336,2.955373,-0.055156,1.097129
1778850759.963907,129.254227,-5.317351,163.875336,2.955373,-0.055156,1.097129
1778850759.9642951,129.254227,-5.317351,163.875336,2.955373,-0.055156,1.097129
1778850759.964673,129.254227,-5.317351,163.875336,2.955373,-0.055156,1.097129
1778850759.9650934,129.254227,-5.317351,163.875336,2.955373,-0.055156,1.097129
1778850759.965541,129.254227,-5.317351,163.875336,2.955373,-0.055156,1.097129
1778850759.9659536,129.254227,-5.317351,163.875336,2.955373,-0.055156,1.097129
1778850759.9663365,129.254227,-5.317351,163.875336,2.955373,-0.055156,1.097129
1778850759.9667492,129.228241,-5.320241,163.86792,2.955493,-0.055115,1.096554
1778850759.967149,129.228241,-5.320241,163.86792,2.955493,-0.055115,1.096554
1778850759.9675531,129.228241,-5.320241,163.86792,2.955493,-0.055115,1.096554
1778850759.96796,129.228241,-5.320241,163.86792,2.955493,-0.055115,1.096554
1778850759.9683576,129.228241,-5.320241,163.86792,2.955493,-0.055115,1.096554
1778850759.9687757,129.228241,-5.320241,163.86792,2.955493,-0.055115,1.096554
1778850759.969185,129.228241,-5.320241,163.86792,2.955493,-0.055115,1.096554
1778850759.9696503,129.228241,-5.320241,163.86792,2.955493,-0.055115,1.096554
1778850759.9701602,129.228241,-5.320241,163.86792,2.955493,-0.055115,1.096554
1778850759.9706273,129.228241,-5.320241,163.86792,2.955493,-0.055115,1.096554
1778850759.971041,129.20224,-5.32312,163.860504,2.955613,-0.055074,1.095978
1778850759.9714487,129.20224,-5.32312,163.860504,2.955613,-0.055074,1.095978
1778850759.9718583,129.20224,-5.32312,163.860504,2.955613,-0.055074,1.095978
1778850759.972274,129.20224,-5.32312,163.860504,2.955613,-0.055074,1.095978
1778850759.9726696,129.20224,-5.32312,163.860504,2.955613,-0.055074,1.095978
1778850759.9731245,129.20224,-5.32312,163.860504,2.955613,-0.055074,1.095978
1778850759.9735463,129.20224,-5.32312,163.860504,2.955613,-0.055074,1.095978
1778850759.973963,129.20224,-5.32312,163.860504,2.955613,-0.055074,1.095978
1778850759.9744515,129.20224,-5.32312,163.860504,2.955613,-0.055074,1.095978
1778850759.974873,129.20224,-5.32312,163.860504,2.955613,-0.055074,1.095978
1778850759.97529,129.176239,-5.325987,163.853104,2.955734,-0.055033,1.095403
1778850759.9756968,129.176239,-5.325987,163.853104,2.955734,-0.055033,1.095403
1778850759.976092,129.176239,-5.325987,163.853104,2.955734,-0.055033,1.095403
1778850759.9764545,129.176239,-5.325987,163.853104,2.955734,-0.055033,1.095403
1778850759.976827,129.176239,-5.325987,163.853104,2.955734,-0.055033,1.095403
1778850759.977216,129.176239,-5.325987,163.853104,2.955734,-0.055033,1.095403
1778850759.9775765,129.176239,-5.325987,163.853104,2.955734,-0.055033,1.095403
1778850759.9779775,129.176239,-5.325987,163.853104,2.955734,-0.055033,1.095403
1778850759.97834,129.176239,-5.325987,163.853104,2.955734,-0.055033,1.095403
1778850759.978733,129.176239,-5.325987,163.853104,2.955734,-0.055033,1.095403
1778850759.9790902,129.150223,-5.328843,163.845688,2.955854,-0.054992,1.094828
1778850759.9794388,129.150223,-5.328843,163.845688,2.955854,-0.054992,1.094828
1778850759.9798102,129.150223,-5.328843,163.845688,2.955854,-0.054992,1.094828
1778850759.9801536,129.150223,-5.328843,163.845688,2.955854,-0.054992,1.094828
1778850759.9804947,129.150223,-5.328843,163.845688,2.955854,-0.054992,1.094828
1778850759.9808805,129.150223,-5.328843,163.845688,2.955854,-0.054992,1.094828
1778850759.9813328,129.150223,-5.328843,163.845688,2.955854,-0.054992,1.094828
1778850759.9816978,129.150223,-5.328843,163.845688,2.955854,-0.054992,1.094828
1778850759.982088,129.150223,-5.328843,163.845688,2.955854,-0.054992,1.094828
1778850759.9824297,129.150223,-5.328843,163.845688,2.955854,-0.054992,1.094828
1778850759.9827843,129.150223,-5.328843,163.845688,2.955854,-0.054992,1.094828
1778850759.9831183,129.124207,-5.331687,163.838287,2.955974,-0.054951,1.094252
1778850759.9834886,129.124207,-5.331687,163.838287,2.955974,-0.054951,1.094252
1778850759.9838612,129.124207,-5.331687,163.838287,2.955974,-0.054951,1.094252
1778850759.984246,129.124207,-5.331687,163.838287,2.955974,-0.054951,1.094252
1778850759.9846146,129.124207,-5.331687,163.838287,2.955974,-0.054951,1.094252
1778850759.985082,129.124207,-5.331687,163.838287,2.955974,-0.054951,1.094252
1778850759.9855046,129.124207,-5.331687,163.838287,2.955974,-0.054951,1.094252
1778850759.9858885,129.124207,-5.331687,163.838287,2.955974,-0.054951,1.094252
1778850759.9862933,129.124207,-5.331687,163.838287,2.955974,-0.054951,1.094252
1778850759.9866805,129.124207,-5.331687,163.838287,2.955974,-0.054951,1.094252
1778850759.9870584,129.098175,-5.334521,163.830887,2.956095,-0.05491,1.093677
1778850759.9874423,129.098175,-5.334521,163.830887,2.956095,-0.05491,1.093677
1778850759.9878201,129.098175,-5.334521,163.830887,2.956095,-0.05491,1.093677
1778850759.9882011,129.098175,-5.334521,163.830887,2.956095,-0.05491,1.093677
1778850759.988568,129.098175,-5.334521,163.830887,2.956095,-0.05491,1.093677
1778850759.988948,129.098175,-5.334521,163.830887,2.956095,-0.05491,1.093677
1778850759.9893508,129.098175,-5.334521,163.830887,2.956095,-0.05491,1.093677
1778850759.9897654,129.098175,-5.334521,163.830887,2.956095,-0.05491,1.093677
1778850759.9902236,129.098175,-5.334521,163.830887,2.956095,-0.05491,1.093677
1778850759.9906118,129.098175,-5.334521,163.830887,2.956095,-0.05491,1.093677
1778850759.991013,129.072144,-5.337344,163.823471,2.956215,-0.054869,1.093102
1778850759.9913824,129.072144,-5.337344,163.823471,2.956215,-0.054869,1.093102
1778850759.9917598,129.072144,-5.337344,163.823471,2.956215,-0.054869,1.093102
1778850759.9921293,129.072144,-5.337344,163.823471,2.956215,-0.054869,1.093102
1778850759.99249,129.072144,-5.337344,163.823471,2.956215,-0.054869,1.093102
1778850759.9928741,129.072144,-5.337344,163.823471,2.956215,-0.054869,1.093102
1778850759.9932985,129.072144,-5.337344,163.823471,2.956215,-0.054869,1.093102
1778850759.9936757,129.072144,-5.337344,163.823471,2.956215,-0.054869,1.093102
1778850759.9940875,129.072144,-5.337344,163.823471,2.956215,-0.054869,1.093102
1778850759.9944687,129.072144,-5.337344,163.823471,2.956215,-0.054869,1.093102
1778850759.9948504,129.046112,-5.340155,163.816071,2.956335,-0.054827,1.092526
1778850759.9952695,129.046112,-5.340155,163.816071,2.956335,-0.054827,1.092526
1778850759.9956408,129.046112,-5.340155,163.816071,2.956335,-0.054827,1.092526
1778850759.9960415,129.046112,-5.340155,163.816071,2.956335,-0.054827,1.092526
1778850759.9964151,129.046112,-5.340155,163.816071,2.956335,-0.054827,1.092526
1778850759.9967809,129.046112,-5.340155,163.816071,2.956335,-0.054827,1.092526
1778850759.997159,129.046112,-5.340155,163.816071,2.956335,-0.054827,1.092526
1778850759.9975333,129.046112,-5.340155,163.816071,2.956335,-0.054827,1.092526
1778850759.99792,129.046112,-5.340155,163.816071,2.956335,-0.054827,1.092526
1778850759.998294,129.046112,-5.340155,163.816071,2.956335,-0.054827,1.092526
1778850759.9986563,129.046112,-5.340155,163.816071,2.956335,-0.054827,1.092526
1778850759.9990368,129.020065,-5.342955,163.80867,2.956456,-0.054786,1.091951
1778850759.9994068,129.020065,-5.342955,163.80867,2.956456,-0.054786,1.091951
1778850759.999779,129.020065,-5.342955,163.80867,2.956456,-0.054786,1.091951
1778850760.0001438,129.020065,-5.342955,163.80867,2.956456,-0.054786,1.091951
1778850760.0005078,129.020065,-5.342955,163.80867,2.956456,-0.054786,1.091951
1778850760.0008748,129.020065,-5.342955,163.80867,2.956456,-0.054786,1.091951
1778850760.0013218,129.020065,-5.342955,163.80867,2.956456,-0.054786,1.091951
1778850760.0017395,129.020065,-5.342955,163.80867,2.956456,-0.054786,1.091951
1778850760.002164,129.020065,-5.342955,163.80867,2.956456,-0.054786,1.091951
1778850760.0025575,129.020065,-5.342955,163.80867,2.956456,-0.054786,1.091951
1778850760.0029335,128.994019,-5.345743,163.801254,2.956577,-0.054745,1.091376
1778850760.0033166,128.994019,-5.345743,163.801254,2.956577,-0.054745,1.091376
1778850760.0037384,128.994019,-5.345743,163.801254,2.956577,-0.054745,1.091376
1778850760.0041451,128.994019,-5.345743,163.801254,2.956577,-0.054745,1.091376
1778850760.0045516,128.994019,-5.345743,163.801254,2.956577,-0.054745,1.091376
1778850760.0049586,128.994019,-5.345743,163.801254,2.956577,-0.054745,1.091376
1778850760.0053542,128.994019,-5.345743,163.801254,2.956577,-0.054745,1.091376
1778850760.005763,128.994019,-5.345743,163.801254,2.956577,-0.054745,1.091376
1778850760.0061302,128.994019,-5.345743,163.801254,2.956577,-0.054745,1.091376
1778850760.0065427,128.994019,-5.345743,163.801254,2.956577,-0.054745,1.091376
1778850760.0069337,128.967957,-5.34852,163.793854,2.956697,-0.054704,1.090801
1778850760.0073032,128.967957,-5.34852,163.793854,2.956697,-0.054704,1.090801
1778850760.0076685,128.967957,-5.34852,163.793854,2.956697,-0.054704,1.090801
1778850760.0081344,128.967957,-5.34852,163.793854,2.956697,-0.054704,1.090801
1778850760.0085428,128.967957,-5.34852,163.793854,2.956697,-0.054704,1.090801
1778850760.0089374,128.967957,-5.34852,163.793854,2.956697,-0.054704,1.090801
1778850760.009358,128.967957,-5.34852,163.793854,2.956697,-0.054704,1.090801
1778850760.0097723,128.967957,-5.34852,163.793854,2.956697,-0.054704,1.090801
1778850760.01018,128.967957,-5.34852,163.793854,2.956697,-0.054704,1.090801
1778850760.0105758,128.967957,-5.34852,163.793854,2.956697,-0.054704,1.090801
1778850760.0109951,128.941895,-5.351286,163.786453,2.956818,-0.054663,1.090226
1778850760.011408,128.941895,-5.351286,163.786453,2.956818,-0.054663,1.090226
1778850760.0117865,128.941895,-5.351286,163.786453,2.956818,-0.054663,1.090226
1778850760.0121677,128.941895,-5.351286,163.786453,2.956818,-0.054663,1.090226
1778850760.012526,128.941895,-5.351286,163.786453,2.956818,-0.054663,1.090226
1778850760.01289,128.941895,-5.351286,163.786453,2.956818,-0.054663,1.090226
1778850760.0132923,128.941895,-5.351286,163.786453,2.956818,-0.054663,1.090226
1778850760.0136642,128.941895,-5.351286,163.786453,2.956818,-0.054663,1.090226
1778850760.0141938,128.941895,-5.351286,163.786453,2.956818,-0.054663,1.090226
1778850760.0146425,128.941895,-5.351286,163.786453,2.956818,-0.054663,1.090226
1778850760.0150495,128.915833,-5.354041,163.779053,2.956939,-0.054622,1.08965
1778850760.0154116,128.915833,-5.354041,163.779053,2.956939,-0.054622,1.08965
1778850760.0157816,128.915833,-5.354041,163.779053,2.956939,-0.054622,1.08965
1778850760.016171,128.915833,-5.354041,163.779053,2.956939,-0.054622,1.08965
1778850760.0165336,128.915833,-5.354041,163.779053,2.956939,-0.054622,1.08965
1778850760.0168898,128.915833,-5.354041,163.779053,2.956939,-0.054622,1.08965
1778850760.017249,128.915833,-5.354041,163.779053,2.956939,-0.054622,1.08965
1778850760.0176008,128.915833,-5.354041,163.779053,2.956939,-0.054622,1.08965
1778850760.018022,128.915833,-5.354041,163.779053,2.956939,-0.054622,1.08965
1778850760.0183902,128.915833,-5.354041,163.779053,2.956939,-0.054622,1.08965
1778850760.01876,128.915833,-5.354041,163.779053,2.956939,-0.054622,1.08965
1778850760.0191243,128.889755,-5.356784,163.771652,2.95706,-0.054581,1.089075
1778850760.019487,128.889755,-5.356784,163.771652,2.95706,-0.054581,1.089075
1778850760.0198534,128.889755,-5.356784,163.771652,2.95706,-0.054581,1.089075
1778850760.0202231,128.889755,-5.356784,163.771652,2.95706,-0.054581,1.089075
1778850760.0205796,128.889755,-5.356784,163.771652,2.95706,-0.054581,1.089075
1778850760.0209534,128.889755,-5.356784,163.771652,2.95706,-0.054581,1.089075
1778850760.0213332,128.889755,-5.356784,163.771652,2.95706,-0.054581,1.089075
1778850760.0217047,128.889755,-5.356784,163.771652,2.95706,-0.054581,1.089075
1778850760.0221403,128.889755,-5.356784,163.771652,2.95706,-0.054581,1.089075
1778850760.0225108,128.889755,-5.356784,163.771652,2.95706,-0.054581,1.089075
1778850760.022911,128.863678,-5.359516,163.764252,2.957181,-0.05454,1.0885
1778850760.0233645,128.863678,-5.359516,163.764252,2.957181,-0.05454,1.0885
1778850760.0237932,128.863678,-5.359516,163.764252,2.957181,-0.05454,1.0885
1778850760.0241556,128.863678,-5.359516,163.764252,2.957181,-0.05454,1.0885
1778850760.024552,128.863678,-5.359516,163.764252,2.957181,-0.05454,1.0885
1778850760.0249386,128.863678,-5.359516,163.764252,2.957181,-0.05454,1.0885
1778850760.0253186,128.863678,-5.359516,163.764252,2.957181,-0.05454,1.0885
1778850760.0256858,128.863678,-5.359516,163.764252,2.957181,-0.05454,1.0885
1778850760.0261095,128.863678,-5.359516,163.764252,2.957181,-0.05454,1.0885
1778850760.0264857,128.863678,-5.359516,163.764252,2.957181,-0.05454,1.0885
1778850760.0268567,128.837585,-5.362237,163.756866,2.957302,-0.054499,1.087925
1778850760.0272384,128.837585,-5.362237,163.756866,2.957302,-0.054499,1.087925
1778850760.0276072,128.837585,-5.362237,163.756866,2.957302,-0.054499,1.087925
1778850760.027989,128.837585,-5.362237,163.756866,2.957302,-0.054499,1.087925
1778850760.0283568,128.837585,-5.362237,163.756866,2.957302,-0.054499,1.087925
1778850760.0287263,128.837585,-5.362237,163.756866,2.957302,-0.054499,1.087925
1778850760.0291045,128.837585,-5.362237,163.756866,2.957302,-0.054499,1.087925
1778850760.0295699,128.837585,-5.362237,163.756866,2.957302,-0.054499,1.087925
1778850760.0299532,128.837585,-5.362237,163.756866,2.957302,-0.054499,1.087925
1778850760.030337,128.837585,-5.362237,163.756866,2.957302,-0.054499,1.087925
1778850760.0307968,128.811493,-5.364946,163.749466,2.957423,-0.054458,1.08735
1778850760.0311742,128.811493,-5.364946,163.749466,2.957423,-0.054458,1.08735
1778850760.0315535,128.811493,-5.364946,163.749466,2.957423,-0.054458,1.08735
1778850760.0319529,128.811493,-5.364946,163.749466,2.957423,-0.054458,1.08735
1778850760.0323315,128.811493,-5.364946,163.749466,2.957423,-0.054458,1.08735
1778850760.032696,128.811493,-5.364946,163.749466,2.957423,-0.054458,1.08735
1778850760.0331068,128.811493,-5.364946,163.749466,2.957423,-0.054458,1.08735
1778850760.0335166,128.811493,-5.364946,163.749466,2.957423,-0.054458,1.08735
1778850760.0338938,128.811493,-5.364946,163.749466,2.957423,-0.054458,1.08735
1778850760.0343256,128.811493,-5.364946,163.749466,2.957423,-0.054458,1.08735
1778850760.0347407,128.811493,-5.364946,163.749466,2.957423,-0.054458,1.08735
1778850760.035109,128.785385,-5.367645,163.742065,2.957544,-0.054417,1.086775
1778850760.0354748,128.785385,-5.367645,163.742065,2.957544,-0.054417,1.086775
1778850760.0358884,128.785385,-5.367645,163.742065,2.957544,-0.054417,1.086775
1778850760.0362563,128.785385,-5.367645,163.742065,2.957544,-0.054417,1.086775
1778850760.0366175,128.785385,-5.367645,163.742065,2.957544,-0.054417,1.086775
1778850760.0370336,128.785385,-5.367645,163.742065,2.957544,-0.054417,1.086775
1778850760.0374057,128.785385,-5.367645,163.742065,2.957544,-0.054417,1.086775
1778850760.037827,128.785385,-5.367645,163.742065,2.957544,-0.054417,1.086775
1778850760.0382032,128.785385,-5.367645,163.742065,2.957544,-0.054417,1.086775
1778850760.0385926,128.785385,-5.367645,163.742065,2.957544,-0.054417,1.086775
1778850760.0389712,128.759293,-5.370331,163.734665,2.957665,-0.054375,1.0862
1778850760.0393472,128.759293,-5.370331,163.734665,2.957665,-0.054375,1.0862
1778850760.0397315,128.759293,-5.370331,163.734665,2.957665,-0.054375,1.0862
1778850760.0401146,128.759293,-5.370331,163.734665,2.957665,-0.054375,1.0862
1778850760.0404859,128.759293,-5.370331,163.734665,2.957665,-0.054375,1.0862
1778850760.040859,128.759293,-5.370331,163.734665,2.957665,-0.054375,1.0862
1778850760.0413232,128.759293,-5.370331,163.734665,2.957665,-0.054375,1.0862
1778850760.0416973,128.759293,-5.370331,163.734665,2.957665,-0.054375,1.0862
1778850760.0420985,128.759293,-5.370331,163.734665,2.957665,-0.054375,1.0862
1778850760.0425148,128.759293,-5.370331,163.734665,2.957665,-0.054375,1.0862
1778850760.0428884,128.73317,-5.373007,163.72728,2.957786,-0.054334,1.085625
1778850760.0432773,128.73317,-5.373007,163.72728,2.957786,-0.054334,1.085625
1778850760.043666,128.73317,-5.373007,163.72728,2.957786,-0.054334,1.085625
1778850760.0441003,128.73317,-5.373007,163.72728,2.957786,-0.054334,1.085625
1778850760.0444715,128.73317,-5.373007,163.72728,2.957786,-0.054334,1.085625
1778850760.044876,128.73317,-5.373007,163.72728,2.957786,-0.054334,1.085625
1778850760.0452852,128.73317,-5.373007,163.72728,2.957786,-0.054334,1.085625
1778850760.045673,128.73317,-5.373007,163.72728,2.957786,-0.054334,1.085625
1778850760.0460722,128.73317,-5.373007,163.72728,2.957786,-0.054334,1.085625
1778850760.0464535,128.73317,-5.373007,163.72728,2.957786,-0.054334,1.085625
1778850760.046826,128.73317,-5.373007,163.72728,2.957786,-0.054334,1.085625
1778850760.0471902,128.707062,-5.375671,163.719879,2.957908,-0.054293,1.08505
1778850760.0475547,128.707062,-5.375671,163.719879,2.957908,-0.054293,1.08505
1778850760.0479183,128.707062,-5.375671,163.719879,2.957908,-0.054293,1.08505
1778850760.0482817,128.707062,-5.375671,163.719879,2.957908,-0.054293,1.08505
1778850760.048649,128.707062,-5.375671,163.719879,2.957908,-0.054293,1.08505
1778850760.049083,128.707062,-5.375671,163.719879,2.957908,-0.054293,1.08505
1778850760.049473,128.707062,-5.375671,163.719879,2.957908,-0.054293,1.08505
1778850760.0498786,128.707062,-5.375671,163.719879,2.957908,-0.054293,1.08505
1778850760.0503147,128.707062,-5.375671,163.719879,2.957908,-0.054293,1.08505
1778850760.0506973,128.707062,-5.375671,163.719879,2.957908,-0.054293,1.08505
1778850760.0510945,128.680923,-5.378324,163.712494,2.958029,-0.054252,1.084475
1778850760.0514681,128.680923,-5.378324,163.712494,2.958029,-0.054252,1.084475
1778850760.0518363,128.680923,-5.378324,163.712494,2.958029,-0.054252,1.084475
1778850760.0522087,128.680923,-5.378324,163.712494,2.958029,-0.054252,1.084475
1778850760.0525827,128.680923,-5.378324,163.712494,2.958029,-0.054252,1.084475
1778850760.0529766,128.680923,-5.378324,163.712494,2.958029,-0.054252,1.084475
1778850760.0533578,128.680923,-5.378324,163.712494,2.958029,-0.054252,1.084475
1778850760.0537484,128.680923,-5.378324,163.712494,2.958029,-0.054252,1.084475
1778850760.0541627,128.680923,-5.378324,163.712494,2.958029,-0.054252,1.084475
1778850760.0545719,128.680923,-5.378324,163.712494,2.958029,-0.054252,1.084475
1778850760.05496,128.6548,-5.380965,163.705093,2.958151,-0.054211,1.0839
1778850760.0553265,128.6548,-5.380965,163.705093,2.958151,-0.054211,1.0839
1778850760.0556905,128.6548,-5.380965,163.705093,2.958151,-0.054211,1.0839
1778850760.056084,128.6548,-5.380965,163.705093,2.958151,-0.054211,1.0839
1778850760.0564475,128.6548,-5.380965,163.705093,2.958151,-0.054211,1.0839
1778850760.0568147,128.6548,-5.380965,163.705093,2.958151,-0.054211,1.0839
1778850760.057179,128.6548,-5.380965,163.705093,2.958151,-0.054211,1.0839
1778850760.057571,128.6548,-5.380965,163.705093,2.958151,-0.054211,1.0839
1778850760.0579448,128.6548,-5.380965,163.705093,2.958151,-0.054211,1.0839
1778850760.05833,128.6548,-5.380965,163.705093,2.958151,-0.054211,1.0839
1778850760.0587096,128.6548,-5.380965,163.705093,2.958151,-0.054211,1.0839
1778850760.059085,128.628662,-5.383595,163.697708,2.958272,-0.05417,1.083325
1778850760.0594425,128.628662,-5.383595,163.697708,2.958272,-0.05417,1.083325
1778850760.0598097,128.628662,-5.383595,163.697708,2.958272,-0.05417,1.083325
1778850760.0601735,128.628662,-5.383595,163.697708,2.958272,-0.05417,1.083325
1778850760.0605516,128.628662,-5.383595,163.697708,2.958272,-0.05417,1.083325
1778850760.0609183,128.628662,-5.383595,163.697708,2.958272,-0.05417,1.083325
1778850760.0613415,128.628662,-5.383595,163.697708,2.958272,-0.05417,1.083325
1778850760.06179,128.628662,-5.383595,163.697708,2.958272,-0.05417,1.083325
1778850760.0621626,128.628662,-5.383595,163.697708,2.958272,-0.05417,1.083325
1778850760.0625305,128.628662,-5.383595,163.697708,2.958272,-0.05417,1.083325
1778850760.062905,128.602524,-5.386214,163.690308,2.958394,-0.054129,1.08275
1778850760.0632892,128.602524,-5.386214,163.690308,2.958394,-0.054129,1.08275
1778850760.0636575,128.602524,-5.386214,163.690308,2.958394,-0.054129,1.08275
1778850760.0640547,128.602524,-5.386214,163.690308,2.958394,-0.054129,1.08275
1778850760.0644543,128.602524,-5.386214,163.690308,2.958394,-0.054129,1.08275
1778850760.0648603,128.602524,-5.386214,163.690308,2.958394,-0.054129,1.08275
1778850760.0653238,128.602524,-5.386214,163.690308,2.958394,-0.054129,1.08275
1778850760.0656955,128.602524,-5.386214,163.690308,2.958394,-0.054129,1.08275
1778850760.0660913,128.602524,-5.386214,163.690308,2.958394,-0.054129,1.08275
1778850760.0664873,128.602524,-5.386214,163.690308,2.958394,-0.054129,1.08275
1778850760.0668547,128.57637,-5.388822,163.682922,2.958515,-0.054088,1.082175
1778850760.0672524,128.57637,-5.388822,163.682922,2.958515,-0.054088,1.082175
1778850760.0676272,128.57637,-5.388822,163.682922,2.958515,-0.054088,1.082175
1778850760.0679927,128.57637,-5.388822,163.682922,2.958515,-0.054088,1.082175
1778850760.0683594,128.57637,-5.388822,163.682922,2.958515,-0.054088,1.082175
1778850760.0687213,128.57637,-5.388822,163.682922,2.958515,-0.054088,1.082175
1778850760.069107,128.57637,-5.388822,163.682922,2.958515,-0.054088,1.082175
1778850760.0695074,128.57637,-5.388822,163.682922,2.958515,-0.054088,1.082175
1778850760.069889,128.57637,-5.388822,163.682922,2.958515,-0.054088,1.082175
1778850760.070313,128.57637,-5.388822,163.682922,2.958515,-0.054088,1.082175
1778850760.0707018,128.57637,-5.388822,163.682922,2.958515,-0.054088,1.082175
1778850760.0710886,128.550217,-5.391418,163.675537,2.958637,-0.054046,1.0816
1778850760.071517,128.550217,-5.391418,163.675537,2.958637,-0.054046,1.0816
1778850760.0718958,128.550217,-5.391418,163.675537,2.958637,-0.054046,1.0816
1778850760.0722668,128.550217,-5.391418,163.675537,2.958637,-0.054046,1.0816
1778850760.0726364,128.550217,-5.391418,163.675537,2.958637,-0.054046,1.0816
1778850760.07309,128.550217,-5.391418,163.675537,2.958637,-0.054046,1.0816
1778850760.0734787,128.550217,-5.391418,163.675537,2.958637,-0.054046,1.0816
1778850760.0738938,128.550217,-5.391418,163.675537,2.958637,-0.054046,1.0816
1778850760.0742822,128.550217,-5.391418,163.675537,2.958637,-0.054046,1.0816
1778850760.0746765,128.550217,-5.391418,163.675537,2.958637,-0.054046,1.0816
1778850760.0750687,128.524048,-5.394002,163.668152,2.958759,-0.054005,1.081025
1778850760.0754335,128.524048,-5.394002,163.668152,2.958759,-0.054005,1.081025
1778850760.0757954,128.524048,-5.394002,163.668152,2.958759,-0.054005,1.081025
1778850760.07616,128.524048,-5.394002,163.668152,2.958759,-0.054005,1.081025
1778850760.0765243,128.524048,-5.394002,163.668152,2.958759,-0.054005,1.081025
1778850760.076888,128.524048,-5.394002,163.668152,2.958759,-0.054005,1.081025
1778850760.0773463,128.524048,-5.394002,163.668152,2.958759,-0.054005,1.081025
1778850760.0777142,128.524048,-5.394002,163.668152,2.958759,-0.054005,1.081025
1778850760.078122,128.524048,-5.394002,163.668152,2.958759,-0.054005,1.081025
1778850760.0784965,128.524048,-5.394002,163.668152,2.958759,-0.054005,1.081025
1778850760.0788562,128.497894,-5.396575,163.660767,2.95888,-0.053964,1.08045
1778850760.0792503,128.497894,-5.396575,163.660767,2.95888,-0.053964,1.08045
1778850760.079623,128.497894,-5.396575,163.660767,2.95888,-0.053964,1.08045
1778850760.0800183,128.497894,-5.396575,163.660767,2.95888,-0.053964,1.08045
1778850760.0803938,128.497894,-5.396575,163.660767,2.95888,-0.053964,1.08045
1778850760.080773,128.497894,-5.396575,163.660767,2.95888,-0.053964,1.08045
1778850760.0811448,128.497894,-5.396575,163.660767,2.95888,-0.053964,1.08045
1778850760.0815413,128.497894,-5.396575,163.660767,2.95888,-0.053964,1.08045
1778850760.0819113,128.497894,-5.396575,163.660767,2.95888,-0.053964,1.08045
1778850760.0823255,128.497894,-5.396575,163.660767,2.95888,-0.053964,1.08045
1778850760.0827036,128.497894,-5.396575,163.660767,2.95888,-0.053964,1.08045
1778850760.083082,128.47171,-5.399137,163.653381,2.959002,-0.053923,1.079875
1778850760.0835073,128.47171,-5.399137,163.653381,2.959002,-0.053923,1.079875
1778850760.0839334,128.47171,-5.399137,163.653381,2.959002,-0.053923,1.079875
1778850760.084353,128.47171,-5.399137,163.653381,2.959002,-0.053923,1.079875
1778850760.0847611,128.47171,-5.399137,163.653381,2.959002,-0.053923,1.079875
1778850760.0851583,128.47171,-5.399137,163.653381,2.959002,-0.053923,1.079875
1778850760.085675,128.47171,-5.399137,163.653381,2.959002,-0.053923,1.079875
1778850760.086093,128.47171,-5.399137,163.653381,2.959002,-0.053923,1.079875
1778850760.0864773,128.47171,-5.399137,163.653381,2.959002,-0.053923,1.079875
1778850760.0868487,128.445541,-5.401688,163.645996,2.959124,-0.053882,1.0793
1778850760.0872371,128.445541,-5.401688,163.645996,2.959124,-0.053882,1.0793
1778850760.0876012,128.445541,-5.401688,163.645996,2.959124,-0.053882,1.0793
1778850760.0879827,128.445541,-5.401688,163.645996,2.959124,-0.053882,1.0793
1778850760.0883417,128.445541,-5.401688,163.645996,2.959124,-0.053882,1.0793
1778850760.0886965,128.445541,-5.401688,163.645996,2.959124,-0.053882,1.0793
1778850760.0890815,128.445541,-5.401688,163.645996,2.959124,-0.053882,1.0793
1778850760.0894525,128.445541,-5.401688,163.645996,2.959124,-0.053882,1.0793
1778850760.0898824,128.445541,-5.401688,163.645996,2.959124,-0.053882,1.0793
1778850760.0902503,128.445541,-5.401688,163.645996,2.959124,-0.053882,1.0793
1778850760.0906234,128.445541,-5.401688,163.645996,2.959124,-0.053882,1.0793
1778850760.0909894,128.419357,-5.404227,163.638611,2.959246,-0.05384,1.078726
1778850760.0913682,128.419357,-5.404227,163.638611,2.959246,-0.05384,1.078726
1778850760.0917482,128.419357,-5.404227,163.638611,2.959246,-0.05384,1.078726
1778850760.0921152,128.419357,-5.404227,163.638611,2.959246,-0.05384,1.078726
1778850760.0924757,128.419357,-5.404227,163.638611,2.959246,-0.05384,1.078726
1778850760.0928535,128.419357,-5.404227,163.638611,2.959246,-0.05384,1.078726
1778850760.093264,128.419357,-5.404227,163.638611,2.959246,-0.05384,1.078726
1778850760.093664,128.419357,-5.404227,163.638611,2.959246,-0.05384,1.078726
1778850760.0941627,128.419357,-5.404227,163.638611,2.959246,-0.05384,1.078726
1778850760.0945578,128.419357,-5.404227,163.638611,2.959246,-0.05384,1.078726
1778850760.0949473,128.393158,-5.406755,163.631226,2.959368,-0.053799,1.078151
1778850760.095329,128.393158,-5.406755,163.631226,2.959368,-0.053799,1.078151
1778850760.0956879,128.393158,-5.406755,163.631226,2.959368,-0.053799,1.078151
1778850760.0960512,128.393158,-5.406755,163.631226,2.959368,-0.053799,1.078151
1778850760.096411,128.393158,-5.406755,163.631226,2.959368,-0.053799,1.078151
1778850760.0968232,128.393158,-5.406755,163.631226,2.959368,-0.053799,1.078151
1778850760.0972016,128.393158,-5.406755,163.631226,2.959368,-0.053799,1.078151
1778850760.0975857,128.393158,-5.406755,163.631226,2.959368,-0.053799,1.078151
1778850760.0979655,128.393158,-5.406755,163.631226,2.959368,-0.053799,1.078151
1778850760.0983422,128.393158,-5.406755,163.631226,2.959368,-0.053799,1.078151
1778850760.0987103,128.393158,-5.406755,163.631226,2.959368,-0.053799,1.078151
1778850760.0990772,128.366959,-5.409271,163.62384,2.959491,-0.053758,1.077576
1778850760.099436,128.366959,-5.409271,163.62384,2.959491,-0.053758,1.077576
1778850760.0998113,128.366959,-5.409271,163.62384,2.959491,-0.053758,1.077576
1778850760.1001754,128.366959,-5.409271,163.62384,2.959491,-0.053758,1.077576
1778850760.1005278,128.366959,-5.409271,163.62384,2.959491,-0.053758,1.077576
1778850760.1008937,128.366959,-5.409271,163.62384,2.959491,-0.053758,1.077576
1778850760.10129,128.366959,-5.409271,163.62384,2.959491,-0.053758,1.077576
1778850760.1016645,128.366959,-5.409271,163.62384,2.959491,-0.053758,1.077576
1778850760.10211,128.366959,-5.409271,163.62384,2.959491,-0.053758,1.077576
1778850760.1025326,128.366959,-5.409271,163.62384,2.959491,-0.053758,1.077576
1778850760.102904,128.340759,-5.411776,163.616455,2.959613,-0.053717,1.077001
1778850760.1033242,128.340759,-5.411776,163.616455,2.959613,-0.053717,1.077001
1778850760.1037397,128.340759,-5.411776,163.616455,2.959613,-0.053717,1.077001
1778850760.1041465,128.340759,-5.411776,163.616455,2.959613,-0.053717,1.077001
1778850760.1045682,128.340759,-5.411776,163.616455,2.959613,-0.053717,1.077001
1778850760.1050699,128.340759,-5.411776,163.616455,2.959613,-0.053717,1.077001
1778850760.1054509,128.340759,-5.411776,163.616455,2.959613,-0.053717,1.077001
1778850760.1058753,128.340759,-5.411776,163.616455,2.959613,-0.053717,1.077001
1778850760.106292,128.340759,-5.411776,163.616455,2.959613,-0.053717,1.077001
1778850760.1066706,128.340759,-5.411776,163.616455,2.959613,-0.053717,1.077001
1778850760.1070623,128.31456,-5.414269,163.609085,2.959735,-0.053676,1.076427
1778850760.1074321,128.31456,-5.414269,163.609085,2.959735,-0.053676,1.076427
1778850760.1077933,128.31456,-5.414269,163.609085,2.959735,-0.053676,1.076427
1778850760.1081557,128.31456,-5.414269,163.609085,2.959735,-0.053676,1.076427
1778850760.1085205,128.31456,-5.414269,163.609085,2.959735,-0.053676,1.076427
1778850760.108886,128.31456,-5.414269,163.609085,2.959735,-0.053676,1.076427
1778850760.1093411,128.31456,-5.414269,163.609085,2.959735,-0.053676,1.076427
1778850760.1097364,128.31456,-5.414269,163.609085,2.959735,-0.053676,1.076427
1778850760.1101098,128.31456,-5.414269,163.609085,2.959735,-0.053676,1.076427
1778850760.1105163,128.31456,-5.414269,163.609085,2.959735,-0.053676,1.076427
1778850760.1108828,128.288345,-5.416751,163.6017,2.959857,-0.053635,1.075852
1778850760.1112444,128.288345,-5.416751,163.6017,2.959857,-0.053635,1.075852
1778850760.111636,128.288345,-5.416751,163.6017,2.959857,-0.053635,1.075852
1778850760.1120043,128.288345,-5.416751,163.6017,2.959857,-0.053635,1.075852
1778850760.1124153,128.288345,-5.416751,163.6017,2.959857,-0.053635,1.075852
1778850760.1128302,128.288345,-5.416751,163.6017,2.959857,-0.053635,1.075852
1778850760.113203,128.288345,-5.416751,163.6017,2.959857,-0.053635,1.075852
1778850760.1135976,128.288345,-5.416751,163.6017,2.959857,-0.053635,1.075852
1778850760.1139827,128.288345,-5.416751,163.6017,2.959857,-0.053635,1.075852
1778850760.114393,128.288345,-5.416751,163.6017,2.959857,-0.053635,1.075852
1778850760.114816,128.288345,-5.416751,163.6017,2.959857,-0.053635,1.075852
1778850760.1151903,128.262115,-5.419222,163.594315,2.95998,-0.053593,1.075277
1778850760.1155524,128.262115,-5.419222,163.594315,2.95998,-0.053593,1.075277
1778850760.1159127,128.262115,-5.419222,163.594315,2.95998,-0.053593,1.075277
1778850760.1162705,128.262115,-5.419222,163.594315,2.95998,-0.053593,1.075277
1778850760.1166358,128.262115,-5.419222,163.594315,2.95998,-0.053593,1.075277
1778850760.116997,128.262115,-5.419222,163.594315,2.95998,-0.053593,1.075277
1778850760.1173575,128.262115,-5.419222,163.594315,2.95998,-0.053593,1.075277
1778850760.1177154,128.262115,-5.419222,163.594315,2.95998,-0.053593,1.075277
1778850760.1180992,128.262115,-5.419222,163.594315,2.95998,-0.053593,1.075277
1778850760.118479,128.262115,-5.419222,163.594315,2.95998,-0.053593,1.075277
1778850760.1188595,128.235901,-5.421681,163.586945,2.960102,-0.053552,1.074702
1778850760.1192377,128.235901,-5.421681,163.586945,2.960102,-0.053552,1.074702
1778850760.1196127,128.235901,-5.421681,163.586945,2.960102,-0.053552,1.074702
1778850760.1199925,128.235901,-5.421681,163.586945,2.960102,-0.053552,1.074702
1778850760.1203525,128.235901,-5.421681,163.586945,2.960102,-0.053552,1.074702
1778850760.120723,128.235901,-5.421681,163.586945,2.960102,-0.053552,1.074702
1778850760.1210907,128.235901,-5.421681,163.586945,2.960102,-0.053552,1.074702
1778850760.1214533,128.235901,-5.421681,163.586945,2.960102,-0.053552,1.074702
1778850760.1218982,128.235901,-5.421681,163.586945,2.960102,-0.053552,1.074702
1778850760.1222906,128.235901,-5.421681,163.586945,2.960102,-0.053552,1.074702
1778850760.122707,128.235901,-5.421681,163.586945,2.960102,-0.053552,1.074702
1778850760.1231172,128.209656,-5.424129,163.579559,2.960224,-0.053511,1.074128
1778850760.1235025,128.209656,-5.424129,163.579559,2.960224,-0.053511,1.074128
1778850760.1239123,128.209656,-5.424129,163.579559,2.960224,-0.053511,1.074128
1778850760.12436,128.209656,-5.424129,163.579559,2.960224,-0.053511,1.074128
1778850760.124844,128.209656,-5.424129,163.579559,2.960224,-0.053511,1.074128
1778850760.1252377,128.209656,-5.424129,163.579559,2.960224,-0.053511,1.074128
1778850760.12564,128.209656,-5.424129,163.579559,2.960224,-0.053511,1.074128
1778850760.1260662,128.209656,-5.424129,163.579559,2.960224,-0.053511,1.074128
1778850760.1264782,128.209656,-5.424129,163.579559,2.960224,-0.053511,1.074128
1778850760.1268904,128.183426,-5.426566,163.572189,2.960347,-0.05347,1.073553
1778850760.1272783,128.183426,-5.426566,163.572189,2.960347,-0.05347,1.073553
1778850760.1276457,128.183426,-5.426566,163.572189,2.960347,-0.05347,1.073553
1778850760.1280289,128.183426,-5.426566,163.572189,2.960347,-0.05347,1.073553
1778850760.1284273,128.183426,-5.426566,163.572189,2.960347,-0.05347,1.073553
1778850760.1287997,128.183426,-5.426566,163.572189,2.960347,-0.05347,1.073553
1778850760.129197,128.183426,-5.426566,163.572189,2.960347,-0.05347,1.073553
1778850760.1296015,128.183426,-5.426566,163.572189,2.960347,-0.05347,1.073553
1778850760.1300168,128.183426,-5.426566,163.572189,2.960347,-0.05347,1.073553
1778850760.1303926,128.183426,-5.426566,163.572189,2.960347,-0.05347,1.073553
1778850760.1307786,128.183426,-5.426566,163.572189,2.960347,-0.05347,1.073553
1778850760.1311386,128.157181,-5.428991,163.564819,2.960469,-0.053428,1.072978
1778850760.1314993,128.157181,-5.428991,163.564819,2.960469,-0.053428,1.072978
1778850760.1318572,128.157181,-5.428991,163.564819,2.960469,-0.053428,1.072978
1778850760.1322353,128.157181,-5.428991,163.564819,2.960469,-0.053428,1.072978
1778850760.1325972,128.157181,-5.428991,163.564819,2.960469,-0.053428,1.072978
1778850760.1329653,128.157181,-5.428991,163.564819,2.960469,-0.053428,1.072978
1778850760.1333435,128.157181,-5.428991,163.564819,2.960469,-0.053428,1.072978
1778850760.1338136,128.157181,-5.428991,163.564819,2.960469,-0.053428,1.072978
1778850760.1342175,128.157181,-5.428991,163.564819,2.960469,-0.053428,1.072978
1778850760.1346488,128.157181,-5.428991,163.564819,2.960469,-0.053428,1.072978
1778850760.135035,128.130936,-5.431404,163.557449,2.960592,-0.053387,1.072404
1778850760.1354282,128.130936,-5.431404,163.557449,2.960592,-0.053387,1.072404
1778850760.1358116,128.130936,-5.431404,163.557449,2.960592,-0.053387,1.072404
1778850760.136169,128.130936,-5.431404,163.557449,2.960592,-0.053387,1.072404
1778850760.136525,128.130936,-5.431404,163.557449,2.960592,-0.053387,1.072404
1778850760.1368966,128.130936,-5.431404,163.557449,2.960592,-0.053387,1.072404
1778850760.137345,128.130936,-5.431404,163.557449,2.960592,-0.053387,1.072404
1778850760.1377177,128.130936,-5.431404,163.557449,2.960592,-0.053387,1.072404
1778850760.1381052,128.130936,-5.431404,163.557449,2.960592,-0.053387,1.072404
1778850760.1385434,128.130936,-5.431404,163.557449,2.960592,-0.053387,1.072404
1778850760.1389382,128.104675,-5.433806,163.550064,2.960715,-0.053346,1.071829
1778850760.1393085,128.104675,-5.433806,163.550064,2.960715,-0.053346,1.071829
1778850760.1396723,128.104675,-5.433806,163.550064,2.960715,-0.053346,1.071829
1778850760.140053,128.104675,-5.433806,163.550064,2.960715,-0.053346,1.071829
1778850760.1404262,128.104675,-5.433806,163.550064,2.960715,-0.053346,1.071829
1778850760.1407986,128.104675,-5.433806,163.550064,2.960715,-0.053346,1.071829
1778850760.1411674,128.104675,-5.433806,163.550064,2.960715,-0.053346,1.071829
1778850760.1415675,128.104675,-5.433806,163.550064,2.960715,-0.053346,1.071829
1778850760.141962,128.104675,-5.433806,163.550064,2.960715,-0.053346,1.071829
1778850760.1423485,128.104675,-5.433806,163.550064,2.960715,-0.053346,1.071829
1778850760.142723,128.104675,-5.433806,163.550064,2.960715,-0.053346,1.071829
1778850760.1430898,128.078415,-5.436197,163.542694,2.960838,-0.053305,1.071255
1778850760.1435206,128.078415,-5.436197,163.542694,2.960838,-0.053305,1.071255
1778850760.1439204,128.078415,-5.436197,163.542694,2.960838,-0.053305,1.071255
1778850760.1443272,128.078415,-5.436197,163.542694,2.960838,-0.053305,1.071255
1778850760.1447651,128.078415,-5.436197,163.542694,2.960838,-0.053305,1.071255
1778850760.1451778,128.078415,-5.436197,163.542694,2.960838,-0.053305,1.071255
1778850760.145545,128.078415,-5.436197,163.542694,2.960838,-0.053305,1.071255
1778850760.1459146,128.078415,-5.436197,163.542694,2.960838,-0.053305,1.071255
1778850760.1463253,128.078415,-5.436197,163.542694,2.960838,-0.053305,1.071255
1778850760.1466932,128.078415,-5.436197,163.542694,2.960838,-0.053305,1.071255
1778850760.1470695,128.052155,-5.438576,163.535324,2.960961,-0.053264,1.07068
1778850760.1474557,128.052155,-5.438576,163.535324,2.960961,-0.053264,1.07068
1778850760.1478336,128.052155,-5.438576,163.535324,2.960961,-0.053264,1.07068
1778850760.1482022,128.052155,-5.438576,163.535324,2.960961,-0.053264,1.07068
1778850760.1485724,128.052155,-5.438576,163.535324,2.960961,-0.053264,1.07068
1778850760.1489499,128.052155,-5.438576,163.535324,2.960961,-0.053264,1.07068
1778850760.1493723,128.052155,-5.438576,163.535324,2.960961,-0.053264,1.07068
1778850760.1497772,128.052155,-5.438576,163.535324,2.960961,-0.053264,1.07068
1778850760.1501617,128.052155,-5.438576,163.535324,2.960961,-0.053264,1.07068
1778850760.1505988,128.052155,-5.438576,163.535324,2.960961,-0.053264,1.07068
1778850760.1510026,128.025879,-5.440944,163.527954,2.961083,-0.053222,1.070105
1778850760.151373,128.025879,-5.440944,163.527954,2.961083,-0.053222,1.070105
1778850760.151744,128.025879,-5.440944,163.527954,2.961083,-0.053222,1.070105
1778850760.1521065,128.025879,-5.440944,163.527954,2.961083,-0.053222,1.070105
1778850760.15249,128.025879,-5.440944,163.527954,2.961083,-0.053222,1.070105
1778850760.1529043,128.025879,-5.440944,163.527954,2.961083,-0.053222,1.070105
1778850760.1533308,128.025879,-5.440944,163.527954,2.961083,-0.053222,1.070105
1778850760.153704,128.025879,-5.440944,163.527954,2.961083,-0.053222,1.070105
1778850760.1540866,128.025879,-5.440944,163.527954,2.961083,-0.053222,1.070105
1778850760.154687,128.025879,-5.440944,163.527954,2.961083,-0.053222,1.070105
1778850760.1550906,127.999611,-5.4433,163.520584,2.961206,-0.053181,1.069531
1778850760.1554558,127.999611,-5.4433,163.520584,2.961206,-0.053181,1.069531
1778850760.1558318,127.999611,-5.4433,163.520584,2.961206,-0.053181,1.069531
1778850760.1562126,127.999611,-5.4433,163.520584,2.961206,-0.053181,1.069531
1778850760.1565804,127.999611,-5.4433,163.520584,2.961206,-0.053181,1.069531
1778850760.156956,127.999611,-5.4433,163.520584,2.961206,-0.053181,1.069531
1778850760.1573167,127.999611,-5.4433,163.520584,2.961206,-0.053181,1.069531
1778850760.1577446,127.999611,-5.4433,163.520584,2.961206,-0.053181,1.069531
1778850760.1581202,127.999611,-5.4433,163.520584,2.961206,-0.053181,1.069531
1778850760.158513,127.999611,-5.4433,163.520584,2.961206,-0.053181,1.069531
1778850760.1588943,127.973328,-5.445644,163.513214,2.961329,-0.05314,1.068956
1778850760.1592634,127.973328,-5.445644,163.513214,2.961329,-0.05314,1.068956
1778850760.1596313,127.973328,-5.445644,163.513214,2.961329,-0.05314,1.068956
1778850760.160014,127.973328,-5.445644,163.513214,2.961329,-0.05314,1.068956
1778850760.1603823,127.973328,-5.445644,163.513214,2.961329,-0.05314,1.068956
1778850760.1607559,127.973328,-5.445644,163.513214,2.961329,-0.05314,1.068956
1778850760.161131,127.973328,-5.445644,163.513214,2.961329,-0.05314,1.068956
1778850760.1615095,127.973328,-5.445644,163.513214,2.961329,-0.05314,1.068956
1778850760.1619148,127.973328,-5.445644,163.513214,2.961329,-0.05314,1.068956
1778850760.1623187,127.973328,-5.445644,163.513214,2.961329,-0.05314,1.068956
1778850760.1626842,127.973328,-5.445644,163.513214,2.961329,-0.05314,1.068956
1778850760.163298,127.947037,-5.447978,163.505844,2.961452,-0.053099,1.068382
1778850760.1637108,127.947037,-5.447978,163.505844,2.961452,-0.053099,1.068382
1778850760.1640842,127.947037,-5.447978,163.505844,2.961452,-0.053099,1.068382
1778850760.1644473,127.947037,-5.447978,163.505844,2.961452,-0.053099,1.068382
1778850760.164836,127.947037,-5.447978,163.505844,2.961452,-0.053099,1.068382
1778850760.1652982,127.947037,-5.447978,163.505844,2.961452,-0.053099,1.068382
1778850760.165668,127.947037,-5.447978,163.505844,2.961452,-0.053099,1.068382
1778850760.166064,127.947037,-5.447978,163.505844,2.961452,-0.053099,1.068382
1778850760.1664956,127.947037,-5.447978,163.505844,2.961452,-0.053099,1.068382
1778850760.166888,127.920746,-5.4503,163.498489,2.961576,-0.053057,1.067807
1778850760.1672466,127.920746,-5.4503,163.498489,2.961576,-0.053057,1.067807
1778850760.1676304,127.920746,-5.4503,163.498489,2.961576,-0.053057,1.067807
1778850760.168055,127.920746,-5.4503,163.498489,2.961576,-0.053057,1.067807
1778850760.1684306,127.920746,-5.4503,163.498489,2.961576,-0.053057,1.067807
1778850760.168811,127.920746,-5.4503,163.498489,2.961576,-0.053057,1.067807
1778850760.1691911,127.920746,-5.4503,163.498489,2.961576,-0.053057,1.067807
1778850760.169614,127.920746,-5.4503,163.498489,2.961576,-0.053057,1.067807
1778850760.1699972,127.920746,-5.4503,163.498489,2.961576,-0.053057,1.067807
1778850760.1703792,127.920746,-5.4503,163.498489,2.961576,-0.053057,1.067807
1778850760.1707582,127.920746,-5.4503,163.498489,2.961576,-0.053057,1.067807
1778850760.171122,127.894447,-5.45261,163.491119,2.961699,-0.053016,1.067233
1778850760.1714854,127.894447,-5.45261,163.491119,2.961699,-0.053016,1.067233
1778850760.1718493,127.894447,-5.45261,163.491119,2.961699,-0.053016,1.067233
1778850760.1722174,127.894447,-5.45261,163.491119,2.961699,-0.053016,1.067233
1778850760.1725948,127.894447,-5.45261,163.491119,2.961699,-0.053016,1.067233
1778850760.1730218,127.894447,-5.45261,163.491119,2.961699,-0.053016,1.067233
1778850760.1734083,127.894447,-5.45261,163.491119,2.961699,-0.053016,1.067233
1778850760.1739016,127.894447,-5.45261,163.491119,2.961699,-0.053016,1.067233
1778850760.174364,127.894447,-5.45261,163.491119,2.961699,-0.053016,1.067233
1778850760.174833,127.868141,-5.454909,163.483749,2.961822,-0.052975,1.066658
1778850760.1752496,127.868141,-5.454909,163.483749,2.961822,-0.052975,1.066658
1778850760.1756353,127.868141,-5.454909,163.483749,2.961822,-0.052975,1.066658
1778850760.1760345,127.868141,-5.454909,163.483749,2.961822,-0.052975,1.066658
1778850760.1764252,127.868141,-5.454909,163.483749,2.961822,-0.052975,1.066658
1778850760.1768832,127.868141,-5.454909,163.483749,2.961822,-0.052975,1.066658
1778850760.1773534,127.868141,-5.454909,163.483749,2.961822,-0.052975,1.066658
1778850760.1778316,127.868141,-5.454909,163.483749,2.961822,-0.052975,1.066658
1778850760.178216,127.868141,-5.454909,163.483749,2.961822,-0.052975,1.066658
1778850760.1786356,127.868141,-5.454909,163.483749,2.961822,-0.052975,1.066658
1778850760.17907,127.841835,-5.457196,163.476395,2.961945,-0.052934,1.066084
1778850760.1794913,127.841835,-5.457196,163.476395,2.961945,-0.052934,1.066084
1778850760.179895,127.841835,-5.457196,163.476395,2.961945,-0.052934,1.066084
1778850760.1802924,127.841835,-5.457196,163.476395,2.961945,-0.052934,1.066084
1778850760.1807048,127.841835,-5.457196,163.476395,2.961945,-0.052934,1.066084
1778850760.181148,127.841835,-5.457196,163.476395,2.961945,-0.052934,1.066084
1778850760.1815653,127.841835,-5.457196,163.476395,2.961945,-0.052934,1.066084
1778850760.1822133,127.841835,-5.457196,163.476395,2.961945,-0.052934,1.066084
1778850760.1827085,127.841835,-5.457196,163.476395,2.961945,-0.052934,1.066084
1778850760.183313,127.815521,-5.459472,163.469025,2.962069,-0.052892,1.06551
1778850760.1839025,127.815521,-5.459472,163.469025,2.962069,-0.052892,1.06551
1778850760.1843133,127.815521,-5.459472,163.469025,2.962069,-0.052892,1.06551
1778850760.1846828,127.815521,-5.459472,163.469025,2.962069,-0.052892,1.06551
1778850760.1851008,127.815521,-5.459472,163.469025,2.962069,-0.052892,1.06551
1778850760.185539,127.815521,-5.459472,163.469025,2.962069,-0.052892,1.06551
1778850760.1859212,127.815521,-5.459472,163.469025,2.962069,-0.052892,1.06551
1778850760.186296,127.815521,-5.459472,163.469025,2.962069,-0.052892,1.06551
1778850760.186655,127.815521,-5.459472,163.469025,2.962069,-0.052892,1.06551
1778850760.1870286,127.7892,-5.461736,163.46167,2.962192,-0.052851,1.064935
1778850760.1873817,127.7892,-5.461736,163.46167,2.962192,-0.052851,1.064935
1778850760.1877282,127.7892,-5.461736,163.46167,2.962192,-0.052851,1.064935
1778850760.1880655,127.7892,-5.461736,163.46167,2.962192,-0.052851,1.064935
1778850760.1884122,127.7892,-5.461736,163.46167,2.962192,-0.052851,1.064935
1778850760.1888022,127.7892,-5.461736,163.46167,2.962192,-0.052851,1.064935
1778850760.1891663,127.7892,-5.461736,163.46167,2.962192,-0.052851,1.064935
1778850760.1895924,127.7892,-5.461736,163.46167,2.962192,-0.052851,1.064935
1778850760.1899457,127.7892,-5.461736,163.46167,2.962192,-0.052851,1.064935
1778850760.1903024,127.7892,-5.461736,163.46167,2.962192,-0.052851,1.064935
1778850760.1906767,127.7892,-5.461736,163.46167,2.962192,-0.052851,1.064935
1778850760.1910248,127.762871,-5.463989,163.4543,2.962316,-0.05281,1.064361
1778850760.1913924,127.762871,-5.463989,163.4543,2.962316,-0.05281,1.064361
1778850760.191778,127.762871,-5.463989,163.4543,2.962316,-0.05281,1.064361
1778850760.1921551,127.762871,-5.463989,163.4543,2.962316,-0.05281,1.064361
1778850760.192529,127.762871,-5.463989,163.4543,2.962316,-0.05281,1.064361
1778850760.1928985,127.762871,-5.463989,163.4543,2.962316,-0.05281,1.064361
1778850760.1933086,127.762871,-5.463989,163.4543,2.962316,-0.05281,1.064361
1778850760.1937604,127.762871,-5.463989,163.4543,2.962316,-0.05281,1.064361
1778850760.1941626,127.762871,-5.463989,163.4543,2.962316,-0.05281,1.064361
1778850760.1945643,127.762871,-5.463989,163.4543,2.962316,-0.05281,1.064361
1778850760.194958,127.736542,-5.46623,163.446945,2.962439,-0.052768,1.063787
1778850760.1954231,127.736542,-5.46623,163.446945,2.962439,-0.052768,1.063787
1778850760.195839,127.736542,-5.46623,163.446945,2.962439,-0.052768,1.063787
1778850760.196229,127.736542,-5.46623,163.446945,2.962439,-0.052768,1.063787
1778850760.1966858,127.736542,-5.46623,163.446945,2.962439,-0.052768,1.063787
1778850760.1971943,127.736542,-5.46623,163.446945,2.962439,-0.052768,1.063787
1778850760.1976078,127.736542,-5.46623,163.446945,2.962439,-0.052768,1.063787
1778850760.1980524,127.736542,-5.46623,163.446945,2.962439,-0.052768,1.063787
1778850760.198431,127.736542,-5.46623,163.446945,2.962439,-0.052768,1.063787
1778850760.1987991,127.736542,-5.46623,163.446945,2.962439,-0.052768,1.063787
1778850760.199163,127.710205,-5.46846,163.43959,2.962563,-0.052727,1.063212
1778850760.199528,127.710205,-5.46846,163.43959,2.962563,-0.052727,1.063212
1778850760.1999037,127.710205,-5.46846,163.43959,2.962563,-0.052727,1.063212
1778850760.2002764,127.710205,-5.46846,163.43959,2.962563,-0.052727,1.063212
1778850760.2006364,127.710205,-5.46846,163.43959,2.962563,-0.052727,1.063212
1778850760.2010503,127.710205,-5.46846,163.43959,2.962563,-0.052727,1.063212
1778850760.2014158,127.710205,-5.46846,163.43959,2.962563,-0.052727,1.063212
1778850760.2018414,127.710205,-5.46846,163.43959,2.962563,-0.052727,1.063212
1778850760.2022288,127.710205,-5.46846,163.43959,2.962563,-0.052727,1.063212
1778850760.2025974,127.710205,-5.46846,163.43959,2.962563,-0.052727,1.063212
1778850760.2029986,127.683861,-5.470678,163.432236,2.962686,-0.052686,1.062638
1778850760.2033896,127.683861,-5.470678,163.432236,2.962686,-0.052686,1.062638
1778850760.20378,127.683861,-5.470678,163.432236,2.962686,-0.052686,1.062638
1778850760.2041445,127.683861,-5.470678,163.432236,2.962686,-0.052686,1.062638
1778850760.2045064,127.683861,-5.470678,163.432236,2.962686,-0.052686,1.062638
1778850760.2048752,127.683861,-5.470678,163.432236,2.962686,-0.052686,1.062638
1778850760.2052696,127.683861,-5.470678,163.432236,2.962686,-0.052686,1.062638
1778850760.2056684,127.683861,-5.470678,163.432236,2.962686,-0.052686,1.062638
1778850760.2060616,127.683861,-5.470678,163.432236,2.962686,-0.052686,1.062638
1778850760.2064373,127.683861,-5.470678,163.432236,2.962686,-0.052686,1.062638
1778850760.2068007,127.657516,-5.472885,163.424881,2.96281,-0.052645,1.062064
1778850760.2071664,127.657516,-5.472885,163.424881,2.96281,-0.052645,1.062064
1778850760.207524,127.657516,-5.472885,163.424881,2.96281,-0.052645,1.062064
1778850760.2078915,127.657516,-5.472885,163.424881,2.96281,-0.052645,1.062064
1778850760.2082782,127.657516,-5.472885,163.424881,2.96281,-0.052645,1.062064
1778850760.2086384,127.657516,-5.472885,163.424881,2.96281,-0.052645,1.062064
1778850760.2090535,127.657516,-5.472885,163.424881,2.96281,-0.052645,1.062064
1778850760.2094607,127.657516,-5.472885,163.424881,2.96281,-0.052645,1.062064
1778850760.2098787,127.657516,-5.472885,163.424881,2.96281,-0.052645,1.062064
1778850760.21036,127.657516,-5.472885,163.424881,2.96281,-0.052645,1.062064
1778850760.210748,127.657516,-5.472885,163.424881,2.96281,-0.052645,1.062064
1778850760.2111204,127.631165,-5.47508,163.417526,2.962934,-0.052603,1.061489
1778850760.211495,127.631165,-5.47508,163.417526,2.962934,-0.052603,1.061489
1778850760.2118845,127.631165,-5.47508,163.417526,2.962934,-0.052603,1.061489
1778850760.21227,127.631165,-5.47508,163.417526,2.962934,-0.052603,1.061489
1778850760.2126393,127.631165,-5.47508,163.417526,2.962934,-0.052603,1.061489
1778850760.2130733,127.631165,-5.47508,163.417526,2.962934,-0.052603,1.061489
1778850760.2134802,127.631165,-5.47508,163.417526,2.962934,-0.052603,1.061489
1778850760.213859,127.631165,-5.47508,163.417526,2.962934,-0.052603,1.061489
1778850760.2142437,127.631165,-5.47508,163.417526,2.962934,-0.052603,1.061489
1778850760.2146168,127.631165,-5.47508,163.417526,2.962934,-0.052603,1.061489
1778850760.2150562,127.604805,-5.477264,163.410172,2.963057,-0.052562,1.060915
1778850760.2154362,127.604805,-5.477264,163.410172,2.963057,-0.052562,1.060915
1778850760.2158022,127.604805,-5.477264,163.410172,2.963057,-0.052562,1.060915
1778850760.216192,127.604805,-5.477264,163.410172,2.963057,-0.052562,1.060915
1778850760.2165527,127.604805,-5.477264,163.410172,2.963057,-0.052562,1.060915
1778850760.2169151,127.604805,-5.477264,163.410172,2.963057,-0.052562,1.060915
1778850760.2173023,127.604805,-5.477264,163.410172,2.963057,-0.052562,1.060915
1778850760.217678,127.604805,-5.477264,163.410172,2.963057,-0.052562,1.060915
1778850760.218085,127.604805,-5.477264,163.410172,2.963057,-0.052562,1.060915
1778850760.2184806,127.604805,-5.477264,163.410172,2.963057,-0.052562,1.060915
1778850760.2188535,127.578445,-5.479436,163.402817,2.963181,-0.052521,1.060341
1778850760.219224,127.578445,-5.479436,163.402817,2.963181,-0.052521,1.060341
1778850760.2195892,127.578445,-5.479436,163.402817,2.963181,-0.052521,1.060341
1778850760.219995,127.578445,-5.479436,163.402817,2.963181,-0.052521,1.060341
1778850760.2203577,127.578445,-5.479436,163.402817,2.963181,-0.052521,1.060341
1778850760.2207174,127.578445,-5.479436,163.402817,2.963181,-0.052521,1.060341
1778850760.221083,127.578445,-5.479436,163.402817,2.963181,-0.052521,1.060341
1778850760.221445,127.578445,-5.479436,163.402817,2.963181,-0.052521,1.060341
1778850760.2218325,127.578445,-5.479436,163.402817,2.963181,-0.052521,1.060341
1778850760.2222183,127.578445,-5.479436,163.402817,2.963181,-0.052521,1.060341
1778850760.2225823,127.578445,-5.479436,163.402817,2.963181,-0.052521,1.060341
1778850760.2229757,127.552078,-5.481597,163.395462,2.963305,-0.05248,1.059767
1778850760.2233438,127.552078,-5.481597,163.395462,2.963305,-0.05248,1.059767
1778850760.2237089,127.552078,-5.481597,163.395462,2.963305,-0.05248,1.059767
1778850760.2240803,127.552078,-5.481597,163.395462,2.963305,-0.05248,1.059767
1778850760.2244503,127.552078,-5.481597,163.395462,2.963305,-0.05248,1.059767
1778850760.2248538,127.552078,-5.481597,163.395462,2.963305,-0.05248,1.059767
1778850760.2252562,127.552078,-5.481597,163.395462,2.963305,-0.05248,1.059767
1778850760.225623,127.552078,-5.481597,163.395462,2.963305,-0.05248,1.059767
1778850760.2260578,127.552078,-5.481597,163.395462,2.963305,-0.05248,1.059767
1778850760.2264302,127.552078,-5.481597,163.395462,2.963305,-0.05248,1.059767
1778850760.2267919,127.552078,-5.481597,163.395462,2.963305,-0.05248,1.059767
1778850760.2271628,127.525703,-5.483746,163.388107,2.963429,-0.052438,1.059192
1778850760.2275465,127.525703,-5.483746,163.388107,2.963429,-0.052438,1.059192
1778850760.227909,127.525703,-5.483746,163.388107,2.963429,-0.052438,1.059192
1778850760.2282662,127.525703,-5.483746,163.388107,2.963429,-0.052438,1.059192
1778850760.2286315,127.525703,-5.483746,163.388107,2.963429,-0.052438,1.059192
1778850760.2289984,127.525703,-5.483746,163.388107,2.963429,-0.052438,1.059192
1778850760.2293715,127.525703,-5.483746,163.388107,2.963429,-0.052438,1.059192
1778850760.2297976,127.525703,-5.483746,163.388107,2.963429,-0.052438,1.059192
1778850760.2301607,127.525703,-5.483746,163.388107,2.963429,-0.052438,1.059192
1778850760.2305725,127.525703,-5.483746,163.388107,2.963429,-0.052438,1.059192
1778850760.2309978,127.499321,-5.485884,163.380753,2.963553,-0.052397,1.058618
1778850760.2313743,127.499321,-5.485884,163.380753,2.963553,-0.052397,1.058618
1778850760.2317545,127.499321,-5.485884,163.380753,2.963553,-0.052397,1.058618
1778850760.232121,127.499321,-5.485884,163.380753,2.963553,-0.052397,1.058618
1778850760.232481,127.499321,-5.485884,163.380753,2.963553,-0.052397,1.058618
1778850760.2328594,127.499321,-5.485884,163.380753,2.963553,-0.052397,1.058618
1778850760.233241,127.499321,-5.485884,163.380753,2.963553,-0.052397,1.058618
1778850760.2336318,127.499321,-5.485884,163.380753,2.963553,-0.052397,1.058618
1778850760.2340539,127.499321,-5.485884,163.380753,2.963553,-0.052397,1.058618
1778850760.2344441,127.499321,-5.485884,163.380753,2.963553,-0.052397,1.058618
1778850760.2348285,127.499321,-5.485884,163.380753,2.963553,-0.052397,1.058618
1778850760.2352495,127.472939,-5.48801,163.373413,2.963677,-0.052356,1.058044
1778850760.2356915,127.472939,-5.48801,163.373413,2.963677,-0.052356,1.058044
1778850760.2361162,127.472939,-5.48801,163.373413,2.963677,-0.052356,1.058044
1778850760.2364855,127.472939,-5.48801,163.373413,2.963677,-0.052356,1.058044
1778850760.236857,127.472939,-5.48801,163.373413,2.963677,-0.052356,1.058044
1778850760.2372973,127.472939,-5.48801,163.373413,2.963677,-0.052356,1.058044
1778850760.2376626,127.472939,-5.48801,163.373413,2.963677,-0.052356,1.058044
1778850760.2380655,127.472939,-5.48801,163.373413,2.963677,-0.052356,1.058044
1778850760.2384655,127.472939,-5.48801,163.373413,2.963677,-0.052356,1.058044
1778850760.2388372,127.472939,-5.48801,163.373413,2.963677,-0.052356,1.058044
1778850760.2392023,127.446548,-5.490124,163.366058,2.963801,-0.052314,1.05747
1778850760.2395747,127.446548,-5.490124,163.366058,2.963801,-0.052314,1.05747
1778850760.2399526,127.446548,-5.490124,163.366058,2.963801,-0.052314,1.05747
1778850760.2403116,127.446548,-5.490124,163.366058,2.963801,-0.052314,1.05747
1778850760.2406757,127.446548,-5.490124,163.366058,2.963801,-0.052314,1.05747
1778850760.2410727,127.446548,-5.490124,163.366058,2.963801,-0.052314,1.05747
1778850760.2414417,127.446548,-5.490124,163.366058,2.963801,-0.052314,1.05747
1778850760.2418537,127.446548,-5.490124,163.366058,2.963801,-0.052314,1.05747
1778850760.2422519,127.446548,-5.490124,163.366058,2.963801,-0.052314,1.05747
1778850760.2426198,127.446548,-5.490124,163.366058,2.963801,-0.052314,1.05747
1778850760.2429845,127.420158,-5.492228,163.358704,2.963926,-0.052273,1.056896
1778850760.2433436,127.420158,-5.492228,163.358704,2.963926,-0.052273,1.056896
1778850760.243711,127.420158,-5.492228,163.358704,2.963926,-0.052273,1.056896
1778850760.2441208,127.420158,-5.492228,163.358704,2.963926,-0.052273,1.056896
1778850760.2444904,127.420158,-5.492228,163.358704,2.963926,-0.052273,1.056896
1778850760.2448564,127.420158,-5.492228,163.358704,2.963926,-0.052273,1.056896
1778850760.2452412,127.420158,-5.492228,163.358704,2.963926,-0.052273,1.056896
1778850760.2456062,127.420158,-5.492228,163.358704,2.963926,-0.052273,1.056896
1778850760.245979,127.420158,-5.492228,163.358704,2.963926,-0.052273,1.056896
1778850760.2463865,127.420158,-5.492228,163.358704,2.963926,-0.052273,1.056896
1778850760.246804,127.420158,-5.492228,163.358704,2.963926,-0.052273,1.056896
1778850760.247168,127.393761,-5.494318,163.351364,2.96405,-0.052232,1.056322
1778850760.2475324,127.393761,-5.494318,163.351364,2.96405,-0.052232,1.056322
1778850760.2478974,127.393761,-5.494318,163.351364,2.96405,-0.052232,1.056322
1778850760.2482576,127.393761,-5.494318,163.351364,2.96405,-0.052232,1.056322
1778850760.248613,127.393761,-5.494318,163.351364,2.96405,-0.052232,1.056322
1778850760.248975,127.393761,-5.494318,163.351364,2.96405,-0.052232,1.056322
1778850760.2493358,127.393761,-5.494318,163.351364,2.96405,-0.052232,1.056322
1778850760.2497194,127.393761,-5.494318,163.351364,2.96405,-0.052232,1.056322
1778850760.2501047,127.393761,-5.494318,163.351364,2.96405,-0.052232,1.056322
1778850760.2505107,127.393761,-5.494318,163.351364,2.96405,-0.052232,1.056322
1778850760.250876,127.367355,-5.496398,163.344025,2.964174,-0.05219,1.055748
1778850760.251251,127.367355,-5.496398,163.344025,2.964174,-0.05219,1.055748
1778850760.2516239,127.367355,-5.496398,163.344025,2.964174,-0.05219,1.055748
1778850760.2519922,127.367355,-5.496398,163.344025,2.964174,-0.05219,1.055748
1778850760.2523637,127.367355,-5.496398,163.344025,2.964174,-0.05219,1.055748
1778850760.252744,127.367355,-5.496398,163.344025,2.964174,-0.05219,1.055748
1778850760.2531264,127.367355,-5.496398,163.344025,2.964174,-0.05219,1.055748
1778850760.2535217,127.367355,-5.496398,163.344025,2.964174,-0.05219,1.055748
1778850760.2538912,127.367355,-5.496398,163.344025,2.964174,-0.05219,1.055748
1778850760.2542646,127.367355,-5.496398,163.344025,2.964174,-0.05219,1.055748
1778850760.25466,127.367355,-5.496398,163.344025,2.964174,-0.05219,1.055748
1778850760.255063,127.340942,-5.498467,163.33667,2.964298,-0.052149,1.055174
1778850760.2554252,127.340942,-5.498467,163.33667,2.964298,-0.052149,1.055174
1778850760.2557936,127.340942,-5.498467,163.33667,2.964298,-0.052149,1.055174
1778850760.256157,127.340942,-5.498467,163.33667,2.964298,-0.052149,1.055174
1778850760.2565198,127.340942,-5.498467,163.33667,2.964298,-0.052149,1.055174
1778850760.2568896,127.340942,-5.498467,163.33667,2.964298,-0.052149,1.055174
1778850760.257309,127.340942,-5.498467,163.33667,2.964298,-0.052149,1.055174
1778850760.2576747,127.340942,-5.498467,163.33667,2.964298,-0.052149,1.055174
1778850760.258107,127.340942,-5.498467,163.33667,2.964298,-0.052149,1.055174
1778850760.2584763,127.340942,-5.498467,163.33667,2.964298,-0.052149,1.055174
1778850760.2588453,127.314529,-5.500524,163.32933,2.964423,-0.052108,1.0546
1778850760.2592208,127.314529,-5.500524,163.32933,2.964423,-0.052108,1.0546
1778850760.2595823,127.314529,-5.500524,163.32933,2.964423,-0.052108,1.0546
1778850760.2599573,127.314529,-5.500524,163.32933,2.964423,-0.052108,1.0546
1778850760.260329,127.314529,-5.500524,163.32933,2.964423,-0.052108,1.0546
1778850760.260735,127.314529,-5.500524,163.32933,2.964423,-0.052108,1.0546
1778850760.2612145,127.314529,-5.500524,163.32933,2.964423,-0.052108,1.0546
1778850760.2616236,127.314529,-5.500524,163.32933,2.964423,-0.052108,1.0546
1778850760.2620838,127.314529,-5.500524,163.32933,2.964423,-0.052108,1.0546
1778850760.2624817,127.314529,-5.500524,163.32933,2.964423,-0.052108,1.0546
1778850760.262897,127.288109,-5.502569,163.321991,2.964547,-0.052066,1.054026
1778850760.2633178,127.288109,-5.502569,163.321991,2.964547,-0.052066,1.054026
1778850760.2636995,127.288109,-5.502569,163.321991,2.964547,-0.052066,1.054026
1778850760.2641282,127.288109,-5.502569,163.321991,2.964547,-0.052066,1.054026
1778850760.264531,127.288109,-5.502569,163.321991,2.964547,-0.052066,1.054026
1778850760.2649155,127.288109,-5.502569,163.321991,2.964547,-0.052066,1.054026
1778850760.2654016,127.288109,-5.502569,163.321991,2.964547,-0.052066,1.054026
1778850760.2658179,127.288109,-5.502569,163.321991,2.964547,-0.052066,1.054026
1778850760.266192,127.288109,-5.502569,163.321991,2.964547,-0.052066,1.054026
1778850760.2666068,127.288109,-5.502569,163.321991,2.964547,-0.052066,1.054026
1778850760.2669873,127.261688,-5.504602,163.314651,2.964672,-0.052025,1.053451
1778850760.2673707,127.261688,-5.504602,163.314651,2.964672,-0.052025,1.053451
1778850760.267755,127.261688,-5.504602,163.314651,2.964672,-0.052025,1.053451
1778850760.268129,127.261688,-5.504602,163.314651,2.964672,-0.052025,1.053451
1778850760.2684953,127.261688,-5.504602,163.314651,2.964672,-0.052025,1.053451
1778850760.2688816,127.261688,-5.504602,163.314651,2.964672,-0.052025,1.053451
1778850760.2693336,127.261688,-5.504602,163.314651,2.964672,-0.052025,1.053451
1778850760.2697077,127.261688,-5.504602,163.314651,2.964672,-0.052025,1.053451
1778850760.2700884,127.261688,-5.504602,163.314651,2.964672,-0.052025,1.053451
1778850760.2704756,127.261688,-5.504602,163.314651,2.964672,-0.052025,1.053451
1778850760.2708497,127.23526,-5.506624,163.307312,2.964796,-0.051984,1.052877
1778850760.271244,127.23526,-5.506624,163.307312,2.964796,-0.051984,1.052877
1778850760.271618,127.23526,-5.506624,163.307312,2.964796,-0.051984,1.052877
1778850760.2719963,127.23526,-5.506624,163.307312,2.964796,-0.051984,1.052877
1778850760.2723958,127.23526,-5.506624,163.307312,2.964796,-0.051984,1.052877
1778850760.2727766,127.23526,-5.506624,163.307312,2.964796,-0.051984,1.052877
1778850760.2731779,127.23526,-5.506624,163.307312,2.964796,-0.051984,1.052877
1778850760.2735991,127.23526,-5.506624,163.307312,2.964796,-0.051984,1.052877
1778850760.273995,127.23526,-5.506624,163.307312,2.964796,-0.051984,1.052877
1778850760.274408,127.23526,-5.506624,163.307312,2.964796,-0.051984,1.052877
1778850760.2748027,127.23526,-5.506624,163.307312,2.964796,-0.051984,1.052877
1778850760.2751844,127.208824,-5.508635,163.299973,2.964921,-0.051943,1.052303
1778850760.2755597,127.208824,-5.508635,163.299973,2.964921,-0.051943,1.052303
1778850760.2760139,127.208824,-5.508635,163.299973,2.964921,-0.051943,1.052303
1778850760.2764127,127.208824,-5.508635,163.299973,2.964921,-0.051943,1.052303
1778850760.2768302,127.208824,-5.508635,163.299973,2.964921,-0.051943,1.052303
1778850760.277227,127.208824,-5.508635,163.299973,2.964921,-0.051943,1.052303
1778850760.2776148,127.208824,-5.508635,163.299973,2.964921,-0.051943,1.052303
1778850760.2780082,127.208824,-5.508635,163.299973,2.964921,-0.051943,1.052303
1778850760.278391,127.208824,-5.508635,163.299973,2.964921,-0.051943,1.052303
1778850760.278778,127.182388,-5.510633,163.292633,2.965046,-0.051901,1.05173
1778850760.2791536,127.182388,-5.510633,163.292633,2.965046,-0.051901,1.05173
1778850760.2795305,127.182388,-5.510633,163.292633,2.965046,-0.051901,1.05173
1778850760.279914,127.182388,-5.510633,163.292633,2.965046,-0.051901,1.05173
1778850760.2802892,127.182388,-5.510633,163.292633,2.965046,-0.051901,1.05173
1778850760.2806556,127.182388,-5.510633,163.292633,2.965046,-0.051901,1.05173
1778850760.281098,127.182388,-5.510633,163.292633,2.965046,-0.051901,1.05173
1778850760.2814867,127.182388,-5.510633,163.292633,2.965046,-0.051901,1.05173
1778850760.2818987,127.182388,-5.510633,163.292633,2.965046,-0.051901,1.05173
1778850760.2822957,127.182388,-5.510633,163.292633,2.965046,-0.051901,1.05173
1778850760.282676,127.182388,-5.510633,163.292633,2.965046,-0.051901,1.05173
1778850760.2830594,127.155945,-5.51262,163.285294,2.96517,-0.05186,1.051156
1778850760.2834387,127.155945,-5.51262,163.285294,2.96517,-0.05186,1.051156
1778850760.2838445,127.155945,-5.51262,163.285294,2.96517,-0.05186,1.051156
1778850760.2842398,127.155945,-5.51262,163.285294,2.96517,-0.05186,1.051156
1778850760.2846215,127.155945,-5.51262,163.285294,2.96517,-0.05186,1.051156
1778850760.2850912,127.155945,-5.51262,163.285294,2.96517,-0.05186,1.051156
1778850760.285497,127.155945,-5.51262,163.285294,2.96517,-0.05186,1.051156
1778850760.2858894,127.155945,-5.51262,163.285294,2.96517,-0.05186,1.051156
1778850760.2862797,127.155945,-5.51262,163.285294,2.96517,-0.05186,1.051156
1778850760.2866645,127.155945,-5.51262,163.285294,2.96517,-0.05186,1.051156
1778850760.2870462,127.129494,-5.514596,163.277954,2.965295,-0.051819,1.050582
1778850760.2874286,127.129494,-5.514596,163.277954,2.965295,-0.051819,1.050582
1778850760.2878134,127.129494,-5.514596,163.277954,2.965295,-0.051819,1.050582
1778850760.2881846,127.129494,-5.514596,163.277954,2.965295,-0.051819,1.050582
1778850760.2885637,127.129494,-5.514596,163.277954,2.965295,-0.051819,1.050582
1778850760.288954,127.129494,-5.514596,163.277954,2.965295,-0.051819,1.050582
1778850760.2893558,127.129494,-5.514596,163.277954,2.965295,-0.051819,1.050582
1778850760.2897604,127.129494,-5.514596,163.277954,2.965295,-0.051819,1.050582
1778850760.290148,127.129494,-5.514596,163.277954,2.965295,-0.051819,1.050582
1778850760.2905269,127.129494,-5.514596,163.277954,2.965295,-0.051819,1.050582
1778850760.290942,127.103043,-5.51656,163.27063,2.96542,-0.051777,1.050008
1778850760.2913241,127.103043,-5.51656,163.27063,2.96542,-0.051777,1.050008
1778850760.291744,127.103043,-5.51656,163.27063,2.96542,-0.051777,1.050008
1778850760.2921207,127.103043,-5.51656,163.27063,2.96542,-0.051777,1.050008
1778850760.2924984,127.103043,-5.51656,163.27063,2.96542,-0.051777,1.050008
1778850760.2929122,127.103043,-5.51656,163.27063,2.96542,-0.051777,1.050008
1778850760.2933247,127.103043,-5.51656,163.27063,2.96542,-0.051777,1.050008
1778850760.2937562,127.103043,-5.51656,163.27063,2.96542,-0.051777,1.050008
1778850760.2941697,127.103043,-5.51656,163.27063,2.96542,-0.051777,1.050008
1778850760.294595,127.103043,-5.51656,163.27063,2.96542,-0.051777,1.050008
1778850760.294982,127.076584,-5.518513,163.26329,2.965545,-0.051736,1.049434
1778850760.2953622,127.076584,-5.518513,163.26329,2.965545,-0.051736,1.049434
1778850760.2957978,127.076584,-5.518513,163.26329,2.965545,-0.051736,1.049434
1778850760.2962303,127.076584,-5.518513,163.26329,2.965545,-0.051736,1.049434
1778850760.2966435,127.076584,-5.518513,163.26329,2.965545,-0.051736,1.049434
1778850760.297075,127.076584,-5.518513,163.26329,2.965545,-0.051736,1.049434
1778850760.29749,127.076584,-5.518513,163.26329,2.965545,-0.051736,1.049434
1778850760.2979732,127.076584,-5.518513,163.26329,2.965545,-0.051736,1.049434
1778850760.2984977,127.076584,-5.518513,163.26329,2.965545,-0.051736,1.049434
1778850760.2989705,127.050117,-5.520453,163.255951,2.96567,-0.051695,1.04886
1778850760.2994025,127.050117,-5.520453,163.255951,2.96567,-0.051695,1.04886
1778850760.2998717,127.050117,-5.520453,163.255951,2.96567,-0.051695,1.04886
1778850760.3002694,127.050117,-5.520453,163.255951,2.96567,-0.051695,1.04886
1778850760.3006465,127.050117,-5.520453,163.255951,2.96567,-0.051695,1.04886
1778850760.3010933,127.050117,-5.520453,163.255951,2.96567,-0.051695,1.04886
1778850760.30148,127.050117,-5.520453,163.255951,2.96567,-0.051695,1.04886
1778850760.3018603,127.050117,-5.520453,163.255951,2.96567,-0.051695,1.04886
1778850760.3023152,127.050117,-5.520453,163.255951,2.96567,-0.051695,1.04886
1778850760.3027153,127.050117,-5.520453,163.255951,2.96567,-0.051695,1.04886
1778850760.303143,127.023651,-5.522383,163.248627,2.965795,-0.051653,1.048286
1778850760.3035464,127.023651,-5.522383,163.248627,2.965795,-0.051653,1.048286
1778850760.3039463,127.023651,-5.522383,163.248627,2.965795,-0.051653,1.048286
1778850760.3043456,127.023651,-5.522383,163.248627,2.965795,-0.051653,1.048286
1778850760.3047664,127.023651,-5.522383,163.248627,2.965795,-0.051653,1.048286
1778850760.30518,127.023651,-5.522383,163.248627,2.965795,-0.051653,1.048286
1778850760.3055825,127.023651,-5.522383,163.248627,2.965795,-0.051653,1.048286
1778850760.3059838,127.023651,-5.522383,163.248627,2.965795,-0.051653,1.048286
1778850760.3063712,127.023651,-5.522383,163.248627,2.965795,-0.051653,1.048286
1778850760.3067627,127.023651,-5.522383,163.248627,2.965795,-0.051653,1.048286
1778850760.3071399,126.997177,-5.524301,163.241287,2.96592,-0.051612,1.047712
1778850760.3075144,126.997177,-5.524301,163.241287,2.96592,-0.051612,1.047712
1778850760.3078976,126.997177,-5.524301,163.241287,2.96592,-0.051612,1.047712
1778850760.308267,126.997177,-5.524301,163.241287,2.96592,-0.051612,1.047712
1778850760.3086312,126.997177,-5.524301,163.241287,2.96592,-0.051612,1.047712
1778850760.3090498,126.997177,-5.524301,163.241287,2.96592,-0.051612,1.047712
1778850760.3094225,126.997177,-5.524301,163.241287,2.96592,-0.051612,1.047712
1778850760.30984,126.997177,-5.524301,163.241287,2.96592,-0.051612,1.047712
1778850760.3102157,126.997177,-5.524301,163.241287,2.96592,-0.051612,1.047712
1778850760.3106432,126.997177,-5.524301,163.241287,2.96592,-0.051612,1.047712
1778850760.311047,126.970703,-5.526206,163.233963,2.966045,-0.051571,1.047138
1778850760.3114305,126.970703,-5.526206,163.233963,2.966045,-0.051571,1.047138
1778850760.3118117,126.970703,-5.526206,163.233963,2.966045,-0.051571,1.047138
1778850760.3121886,126.970703,-5.526206,163.233963,2.966045,-0.051571,1.047138
1778850760.312566,126.970703,-5.526206,163.233963,2.966045,-0.051571,1.047138
1778850760.3130174,126.970703,-5.526206,163.233963,2.966045,-0.051571,1.047138
1778850760.3134193,126.970703,-5.526206,163.233963,2.966045,-0.051571,1.047138
1778850760.3138072,126.970703,-5.526206,163.233963,2.966045,-0.051571,1.047138
1778850760.314207,126.970703,-5.526206,163.233963,2.966045,-0.051571,1.047138
1778850760.3146176,126.970703,-5.526206,163.233963,2.966045,-0.051571,1.047138
1778850760.3150337,126.944221,-5.528101,163.226639,2.96617,-0.051529,1.046565
1778850760.315409,126.944221,-5.528101,163.226639,2.96617,-0.051529,1.046565
1778850760.3158355,126.944221,-5.528101,163.226639,2.96617,-0.051529,1.046565
1778850760.3162122,126.944221,-5.528101,163.226639,2.96617,-0.051529,1.046565
1778850760.3165872,126.944221,-5.528101,163.226639,2.96617,-0.051529,1.046565
1778850760.3169904,126.944221,-5.528101,163.226639,2.96617,-0.051529,1.046565
1778850760.3173788,126.944221,-5.528101,163.226639,2.96617,-0.051529,1.046565
1778850760.317807,126.944221,-5.528101,163.226639,2.96617,-0.051529,1.046565
1778850760.318354,126.944221,-5.528101,163.226639,2.96617,-0.051529,1.046565
1778850760.3188243,126.917732,-5.529984,163.219315,2.966295,-0.051488,1.045991
1778850760.3192663,126.917732,-5.529984,163.219315,2.966295,-0.051488,1.045991
1778850760.3196657,126.917732,-5.529984,163.219315,2.966295,-0.051488,1.045991
1778850760.3200696,126.917732,-5.529984,163.219315,2.966295,-0.051488,1.045991
1778850760.3205,126.917732,-5.529984,163.219315,2.966295,-0.051488,1.045991
1778850760.3209083,126.917732,-5.529984,163.219315,2.966295,-0.051488,1.045991
1778850760.3213363,126.917732,-5.529984,163.219315,2.966295,-0.051488,1.045991
1778850760.3217182,126.917732,-5.529984,163.219315,2.966295,-0.051488,1.045991
1778850760.3221838,126.917732,-5.529984,163.219315,2.966295,-0.051488,1.045991
1778850760.3226106,126.917732,-5.529984,163.219315,2.966295,-0.051488,1.045991
1778850760.3229918,126.891243,-5.531855,163.21199,2.96642,-0.051447,1.045417
1778850760.323377,126.891243,-5.531855,163.21199,2.96642,-0.051447,1.045417
1778850760.3238943,126.891243,-5.531855,163.21199,2.96642,-0.051447,1.045417
1778850760.3242705,126.891243,-5.531855,163.21199,2.96642,-0.051447,1.045417
1778850760.3246558,126.891243,-5.531855,163.21199,2.96642,-0.051447,1.045417
1778850760.3251245,126.891243,-5.531855,163.21199,2.96642,-0.051447,1.045417
1778850760.3255894,126.891243,-5.531855,163.21199,2.96642,-0.051447,1.045417
1778850760.325983,126.891243,-5.531855,163.21199,2.96642,-0.051447,1.045417
1778850760.326355,126.891243,-5.531855,163.21199,2.96642,-0.051447,1.045417
1778850760.3267193,126.891243,-5.531855,163.21199,2.96642,-0.051447,1.045417
1778850760.3271122,126.864746,-5.533714,163.204651,2.966546,-0.051405,1.044843
1778850760.3275414,126.864746,-5.533714,163.204651,2.966546,-0.051405,1.044843
1778850760.3279214,126.864746,-5.533714,163.204651,2.966546,-0.051405,1.044843
1778850760.3282897,126.864746,-5.533714,163.204651,2.966546,-0.051405,1.044843
1778850760.3286715,126.864746,-5.533714,163.204651,2.966546,-0.051405,1.044843
1778850760.329095,126.864746,-5.533714,163.204651,2.966546,-0.051405,1.044843
1778850760.3296196,126.864746,-5.533714,163.204651,2.966546,-0.051405,1.044843
1778850760.330045,126.864746,-5.533714,163.204651,2.966546,-0.051405,1.044843
1778850760.330438,126.864746,-5.533714,163.204651,2.966546,-0.051405,1.044843
1778850760.3308244,126.838242,-5.535563,163.197327,2.966671,-0.051364,1.04427
1778850760.331213,126.838242,-5.535563,163.197327,2.966671,-0.051364,1.04427
1778850760.3315887,126.838242,-5.535563,163.197327,2.966671,-0.051364,1.04427
1778850760.331971,126.838242,-5.535563,163.197327,2.966671,-0.051364,1.04427
1778850760.3323414,126.838242,-5.535563,163.197327,2.966671,-0.051364,1.04427
1778850760.3327131,126.838242,-5.535563,163.197327,2.966671,-0.051364,1.04427
1778850760.3331115,126.838242,-5.535563,163.197327,2.966671,-0.051364,1.04427
1778850760.3335347,126.838242,-5.535563,163.197327,2.966671,-0.051364,1.04427
1778850760.3339994,126.838242,-5.535563,163.197327,2.966671,-0.051364,1.04427
1778850760.3345218,126.838242,-5.535563,163.197327,2.966671,-0.051364,1.04427
1778850760.3350966,126.811737,-5.537399,163.190018,2.966796,-0.051323,1.043696
1778850760.3355532,126.811737,-5.537399,163.190018,2.966796,-0.051323,1.043696
1778850760.3359396,126.811737,-5.537399,163.190018,2.966796,-0.051323,1.043696
1778850760.3363173,126.811737,-5.537399,163.190018,2.966796,-0.051323,1.043696
1778850760.33668,126.811737,-5.537399,163.190018,2.966796,-0.051323,1.043696
1778850760.3370593,126.811737,-5.537399,163.190018,2.966796,-0.051323,1.043696
1778850760.3374293,126.811737,-5.537399,163.190018,2.966796,-0.051323,1.043696
1778850760.3378031,126.811737,-5.537399,163.190018,2.966796,-0.051323,1.043696
1778850760.338169,126.811737,-5.537399,163.190018,2.966796,-0.051323,1.043696
1778850760.3385558,126.811737,-5.537399,163.190018,2.966796,-0.051323,1.043696
1778850760.3389268,126.785225,-5.539223,163.182693,2.966922,-0.051281,1.043122
1778850760.3393238,126.785225,-5.539223,163.182693,2.966922,-0.051281,1.043122
1778850760.3396902,126.785225,-5.539223,163.182693,2.966922,-0.051281,1.043122
1778850760.3400626,126.785225,-5.539223,163.182693,2.966922,-0.051281,1.043122
1778850760.3404217,126.785225,-5.539223,163.182693,2.966922,-0.051281,1.043122
1778850760.3408606,126.785225,-5.539223,163.182693,2.966922,-0.051281,1.043122
1778850760.341387,126.785225,-5.539223,163.182693,2.966922,-0.051281,1.043122
1778850760.341821,126.785225,-5.539223,163.182693,2.966922,-0.051281,1.043122
1778850760.3422089,126.785225,-5.539223,163.182693,2.966922,-0.051281,1.043122
1778850760.342638,126.785225,-5.539223,163.182693,2.966922,-0.051281,1.043122
1778850760.34303,126.758713,-5.541037,163.175369,2.967047,-0.05124,1.042549
1778850760.3434181,126.758713,-5.541037,163.175369,2.967047,-0.05124,1.042549
1778850760.3438282,126.758713,-5.541037,163.175369,2.967047,-0.05124,1.042549
1778850760.344221,126.758713,-5.541037,163.175369,2.967047,-0.05124,1.042549
1778850760.3446085,126.758713,-5.541037,163.175369,2.967047,-0.05124,1.042549
1778850760.3450398,126.758713,-5.541037,163.175369,2.967047,-0.05124,1.042549
1778850760.3454392,126.758713,-5.541037,163.175369,2.967047,-0.05124,1.042549
1778850760.345834,126.758713,-5.541037,163.175369,2.967047,-0.05124,1.042549
1778850760.3462543,126.758713,-5.541037,163.175369,2.967047,-0.05124,1.042549
1778850760.346637,126.758713,-5.541037,163.175369,2.967047,-0.05124,1.042549
1778850760.3470292,126.732193,-5.542838,163.168045,2.967173,-0.051199,1.041975
1778850760.3474295,126.732193,-5.542838,163.168045,2.967173,-0.051199,1.041975
1778850760.3478134,126.732193,-5.542838,163.168045,2.967173,-0.051199,1.041975
1778850760.3481867,126.732193,-5.542838,163.168045,2.967173,-0.051199,1.041975
1778850760.3485622,126.732193,-5.542838,163.168045,2.967173,-0.051199,1.041975
1778850760.3489454,126.732193,-5.542838,163.168045,2.967173,-0.051199,1.041975
1778850760.34935,126.732193,-5.542838,163.168045,2.967173,-0.051199,1.041975
1778850760.349745,126.732193,-5.542838,163.168045,2.967173,-0.051199,1.041975
1778850760.3501227,126.732193,-5.542838,163.168045,2.967173,-0.051199,1.041975
1778850760.350531,126.732193,-5.542838,163.168045,2.967173,-0.051199,1.041975
1778850760.3510282,126.705666,-5.544628,163.160736,2.967299,-0.051157,1.041401
1778850760.3515236,126.705666,-5.544628,163.160736,2.967299,-0.051157,1.041401
1778850760.3519511,126.705666,-5.544628,163.160736,2.967299,-0.051157,1.041401
1778850760.352366,126.705666,-5.544628,163.160736,2.967299,-0.051157,1.041401
1778850760.3527403,126.705666,-5.544628,163.160736,2.967299,-0.051157,1.041401
1778850760.3531103,126.705666,-5.544628,163.160736,2.967299,-0.051157,1.041401
1778850760.3535988,126.705666,-5.544628,163.160736,2.967299,-0.051157,1.041401
1778850760.3540323,126.705666,-5.544628,163.160736,2.967299,-0.051157,1.041401
1778850760.354455,126.705666,-5.544628,163.160736,2.967299,-0.051157,1.041401
1778850760.3548486,126.705666,-5.544628,163.160736,2.967299,-0.051157,1.041401
1778850760.3552148,126.679138,-5.546406,163.153412,2.967424,-0.051116,1.040828
1778850760.3555858,126.679138,-5.546406,163.153412,2.967424,-0.051116,1.040828
1778850760.3559704,126.679138,-5.546406,163.153412,2.967424,-0.051116,1.040828
1778850760.356399,126.679138,-5.546406,163.153412,2.967424,-0.051116,1.040828
1778850760.3567684,126.679138,-5.546406,163.153412,2.967424,-0.051116,1.040828
1778850760.3571405,126.679138,-5.546406,163.153412,2.967424,-0.051116,1.040828
1778850760.3575273,126.679138,-5.546406,163.153412,2.967424,-0.051116,1.040828
1778850760.3579197,126.679138,-5.546406,163.153412,2.967424,-0.051116,1.040828
1778850760.3583038,126.679138,-5.546406,163.153412,2.967424,-0.051116,1.040828
1778850760.3586693,126.679138,-5.546406,163.153412,2.967424,-0.051116,1.040828
1778850760.3590558,126.652611,-5.548172,163.146103,2.96755,-0.051075,1.040254
1778850760.3594232,126.652611,-5.548172,163.146103,2.96755,-0.051075,1.040254
1778850760.3597848,126.652611,-5.548172,163.146103,2.96755,-0.051075,1.040254
1778850760.3601532,126.652611,-5.548172,163.146103,2.96755,-0.051075,1.040254
1778850760.3605947,126.652611,-5.548172,163.146103,2.96755,-0.051075,1.040254
1778850760.3610802,126.652611,-5.548172,163.146103,2.96755,-0.051075,1.040254
1778850760.3614666,126.652611,-5.548172,163.146103,2.96755,-0.051075,1.040254
1778850760.3618882,126.652611,-5.548172,163.146103,2.96755,-0.051075,1.040254
1778850760.3622909,126.652611,-5.548172,163.146103,2.96755,-0.051075,1.040254
1778850760.3627048,126.652611,-5.548172,163.146103,2.96755,-0.051075,1.040254
1778850760.3633826,126.626068,-5.549927,163.138779,2.967676,-0.051033,1.03968
1778850760.363775,126.626068,-5.549927,163.138779,2.967676,-0.051033,1.03968
1778850760.3641682,126.626068,-5.549927,163.138779,2.967676,-0.051033,1.03968
1778850760.3645484,126.626068,-5.549927,163.138779,2.967676,-0.051033,1.03968
1778850760.3649404,126.626068,-5.549927,163.138779,2.967676,-0.051033,1.03968
1778850760.365309,126.626068,-5.549927,163.138779,2.967676,-0.051033,1.03968
1778850760.3656716,126.626068,-5.549927,163.138779,2.967676,-0.051033,1.03968
1778850760.3660657,126.626068,-5.549927,163.138779,2.967676,-0.051033,1.03968
1778850760.3664336,126.626068,-5.549927,163.138779,2.967676,-0.051033,1.03968
1778850760.3667946,126.599525,-5.551671,163.13147,2.967802,-0.050992,1.039107
1778850760.3671618,126.599525,-5.551671,163.13147,2.967802,-0.050992,1.039107
1778850760.3675473,126.599525,-5.551671,163.13147,2.967802,-0.050992,1.039107
1778850760.3688567,126.599525,-5.551671,163.13147,2.967802,-0.050992,1.039107
1778850760.369339,126.599525,-5.551671,163.13147,2.967802,-0.050992,1.039107
1778850760.3697543,126.599525,-5.551671,163.13147,2.967802,-0.050992,1.039107
1778850760.3701456,126.599525,-5.551671,163.13147,2.967802,-0.050992,1.039107
1778850760.3705409,126.599525,-5.551671,163.13147,2.967802,-0.050992,1.039107
1778850760.370961,126.572983,-5.553402,163.124161,2.967927,-0.05095,1.038533
1778850760.371365,126.572983,-5.553402,163.124161,2.967927,-0.05095,1.038533
1778850760.3717608,126.572983,-5.553402,163.124161,2.967927,-0.05095,1.038533
1778850760.372131,126.572983,-5.553402,163.124161,2.967927,-0.05095,1.038533
1778850760.372498,126.572983,-5.553402,163.124161,2.967927,-0.05095,1.038533
1778850760.3728774,126.572983,-5.553402,163.124161,2.967927,-0.05095,1.038533
1778850760.3733401,126.572983,-5.553402,163.124161,2.967927,-0.05095,1.038533
1778850760.3737674,126.572983,-5.553402,163.124161,2.967927,-0.05095,1.038533
1778850760.374184,126.572983,-5.553402,163.124161,2.967927,-0.05095,1.038533
1778850760.3746068,126.572983,-5.553402,163.124161,2.967927,-0.05095,1.038533
1778850760.3750186,126.546432,-5.555122,163.116837,2.968053,-0.050909,1.03796
1778850760.3754148,126.546432,-5.555122,163.116837,2.968053,-0.050909,1.03796
1778850760.3758261,126.546432,-5.555122,163.116837,2.968053,-0.050909,1.03796
1778850760.3762052,126.546432,-5.555122,163.116837,2.968053,-0.050909,1.03796
1778850760.3765802,126.546432,-5.555122,163.116837,2.968053,-0.050909,1.03796
1778850760.3769884,126.546432,-5.555122,163.116837,2.968053,-0.050909,1.03796
1778850760.377407,126.546432,-5.555122,163.116837,2.968053,-0.050909,1.03796
1778850760.377831,126.546432,-5.555122,163.116837,2.968053,-0.050909,1.03796
1778850760.378265,126.546432,-5.555122,163.116837,2.968053,-0.050909,1.03796
1778850760.3786387,126.546432,-5.555122,163.116837,2.968053,-0.050909,1.03796
1778850760.3790169,126.519875,-5.55683,163.109528,2.968179,-0.050868,1.037386
1778850760.3793926,126.519875,-5.55683,163.109528,2.968179,-0.050868,1.037386
1778850760.3797724,126.519875,-5.55683,163.109528,2.968179,-0.050868,1.037386
1778850760.3801532,126.519875,-5.55683,163.109528,2.968179,-0.050868,1.037386
1778850760.3805382,126.519875,-5.55683,163.109528,2.968179,-0.050868,1.037386
1778850760.3809307,126.519875,-5.55683,163.109528,2.968179,-0.050868,1.037386
1778850760.381362,126.519875,-5.55683,163.109528,2.968179,-0.050868,1.037386
1778850760.381788,126.519875,-5.55683,163.109528,2.968179,-0.050868,1.037386
1778850760.3822317,126.519875,-5.55683,163.109528,2.968179,-0.050868,1.037386
1778850760.3827064,126.519875,-5.55683,163.109528,2.968179,-0.050868,1.037386
1778850760.383108,126.493317,-5.558527,163.102219,2.968305,-0.050826,1.036813
1778850760.3835416,126.493317,-5.558527,163.102219,2.968305,-0.050826,1.036813
1778850760.3839805,126.493317,-5.558527,163.102219,2.968305,-0.050826,1.036813
1778850760.3844936,126.493317,-5.558527,163.102219,2.968305,-0.050826,1.036813
1778850760.38501,126.493317,-5.558527,163.102219,2.968305,-0.050826,1.036813
1778850760.38575,126.493317,-5.558527,163.102219,2.968305,-0.050826,1.036813
1778850760.3862393,126.493317,-5.558527,163.102219,2.968305,-0.050826,1.036813
1778850760.3868082,126.493317,-5.558527,163.102219,2.968305,-0.050826,1.036813
1778850760.3872626,126.466751,-5.560212,163.09491,2.968431,-0.050785,1.036239
1778850760.387718,126.466751,-5.560212,163.09491,2.968431,-0.050785,1.036239
1778850760.388142,126.466751,-5.560212,163.09491,2.968431,-0.050785,1.036239
1778850760.388523,126.466751,-5.560212,163.09491,2.968431,-0.050785,1.036239
1778850760.3889143,126.466751,-5.560212,163.09491,2.968431,-0.050785,1.036239
1778850760.3893425,126.466751,-5.560212,163.09491,2.968431,-0.050785,1.036239
1778850760.3898847,126.466751,-5.560212,163.09491,2.968431,-0.050785,1.036239
1778850760.3903515,126.466751,-5.560212,163.09491,2.968431,-0.050785,1.036239
1778850760.390775,126.466751,-5.560212,163.09491,2.968431,-0.050785,1.036239
1778850760.39116,126.440186,-5.561885,163.087601,2.968557,-0.050744,1.035666
1778850760.391642,126.440186,-5.561885,163.087601,2.968557,-0.050744,1.035666
1778850760.3920336,126.440186,-5.561885,163.087601,2.968557,-0.050744,1.035666
1778850760.3923976,126.440186,-5.561885,163.087601,2.968557,-0.050744,1.035666
1778850760.39277,126.440186,-5.561885,163.087601,2.968557,-0.050744,1.035666
1778850760.3931448,126.440186,-5.561885,163.087601,2.968557,-0.050744,1.035666
1778850760.3935893,126.440186,-5.561885,163.087601,2.968557,-0.050744,1.035666
1778850760.3941672,126.440186,-5.561885,163.087601,2.968557,-0.050744,1.035666
1778850760.3945885,126.440186,-5.561885,163.087601,2.968557,-0.050744,1.035666
1778850760.3950036,126.413612,-5.563547,163.080307,2.968683,-0.050702,1.035092
1778850760.3953469,126.413612,-5.563547,163.080307,2.968683,-0.050702,1.035092
1778850760.3956792,126.413612,-5.563547,163.080307,2.968683,-0.050702,1.035092
1778850760.3960648,126.413612,-5.563547,163.080307,2.968683,-0.050702,1.035092
1778850760.3964036,126.413612,-5.563547,163.080307,2.968683,-0.050702,1.035092
1778850760.3967476,126.413612,-5.563547,163.080307,2.968683,-0.050702,1.035092
1778850760.3971004,126.413612,-5.563547,163.080307,2.968683,-0.050702,1.035092
1778850760.3974397,126.413612,-5.563547,163.080307,2.968683,-0.050702,1.035092
1778850760.3978374,126.413612,-5.563547,163.080307,2.968683,-0.050702,1.035092
1778850760.3982055,126.413612,-5.563547,163.080307,2.968683,-0.050702,1.035092
1778850760.3985803,126.413612,-5.563547,163.080307,2.968683,-0.050702,1.035092
1778850760.3989813,126.387039,-5.565197,163.072998,2.96881,-0.050661,1.034519
1778850760.3993506,126.387039,-5.565197,163.072998,2.96881,-0.050661,1.034519
1778850760.3997226,126.387039,-5.565197,163.072998,2.96881,-0.050661,1.034519
1778850760.4001377,126.387039,-5.565197,163.072998,2.96881,-0.050661,1.034519
1778850760.400532,126.387039,-5.565197,163.072998,2.96881,-0.050661,1.034519
1778850760.400927,126.387039,-5.565197,163.072998,2.96881,-0.050661,1.034519
1778850760.401435,126.387039,-5.565197,163.072998,2.96881,-0.050661,1.034519
1778850760.401925,126.387039,-5.565197,163.072998,2.96881,-0.050661,1.034519
1778850760.4024034,126.387039,-5.565197,163.072998,2.96881,-0.050661,1.034519
1778850760.402945,126.360458,-5.566835,163.065689,2.968936,-0.05062,1.033946
1778850760.403334,126.360458,-5.566835,163.065689,2.968936,-0.05062,1.033946
1778850760.403709,126.360458,-5.566835,163.065689,2.968936,-0.05062,1.033946
1778850760.4040847,126.360458,-5.566835,163.065689,2.968936,-0.05062,1.033946
1778850760.404436,126.360458,-5.566835,163.065689,2.968936,-0.05062,1.033946
1778850760.4048884,126.360458,-5.566835,163.065689,2.968936,-0.05062,1.033946
1778850760.405336,126.360458,-5.566835,163.065689,2.968936,-0.05062,1.033946
1778850760.4057155,126.360458,-5.566835,163.065689,2.968936,-0.05062,1.033946
1778850760.4061055,126.360458,-5.566835,163.065689,2.968936,-0.05062,1.033946
1778850760.4064627,126.360458,-5.566835,163.065689,2.968936,-0.05062,1.033946
1778850760.4068258,126.360458,-5.566835,163.065689,2.968936,-0.05062,1.033946
1778850760.407177,126.33387,-5.568461,163.058395,2.969062,-0.050578,1.033372
1778850760.407525,126.33387,-5.568461,163.058395,2.969062,-0.050578,1.033372
1778850760.4078977,126.33387,-5.568461,163.058395,2.969062,-0.050578,1.033372
1778850760.4082613,126.33387,-5.568461,163.058395,2.969062,-0.050578,1.033372
1778850760.4086144,126.33387,-5.568461,163.058395,2.969062,-0.050578,1.033372
1778850760.4091043,126.33387,-5.568461,163.058395,2.969062,-0.050578,1.033372
1778850760.4094634,126.33387,-5.568461,163.058395,2.969062,-0.050578,1.033372
1778850760.409839,126.33387,-5.568461,163.058395,2.969062,-0.050578,1.033372
1778850760.4102182,126.33387,-5.568461,163.058395,2.969062,-0.050578,1.033372
1778850760.4106057,126.33387,-5.568461,163.058395,2.969062,-0.050578,1.033372
1778850760.410977,126.307281,-5.570076,163.051086,2.969189,-0.050537,1.032799
1778850760.4113488,126.307281,-5.570076,163.051086,2.969189,-0.050537,1.032799
1778850760.411711,126.307281,-5.570076,163.051086,2.969189,-0.050537,1.032799
1778850760.4120882,126.307281,-5.570076,163.051086,2.969189,-0.050537,1.032799
1778850760.4124532,126.307281,-5.570076,163.051086,2.969189,-0.050537,1.032799
1778850760.4128394,126.307281,-5.570076,163.051086,2.969189,-0.050537,1.032799
1778850760.4132457,126.307281,-5.570076,163.051086,2.969189,-0.050537,1.032799
1778850760.413622,126.307281,-5.570076,163.051086,2.969189,-0.050537,1.032799
1778850760.4140134,126.307281,-5.570076,163.051086,2.969189,-0.050537,1.032799
1778850760.4143937,126.307281,-5.570076,163.051086,2.969189,-0.050537,1.032799
1778850760.4147894,126.280685,-5.57168,163.043793,2.969315,-0.050496,1.032226
1778850760.4151845,126.280685,-5.57168,163.043793,2.969315,-0.050496,1.032226
1778850760.4155793,126.280685,-5.57168,163.043793,2.969315,-0.050496,1.032226
1778850760.4159534,126.280685,-5.57168,163.043793,2.969315,-0.050496,1.032226
1778850760.4163246,126.280685,-5.57168,163.043793,2.969315,-0.050496,1.032226
1778850760.4166975,126.280685,-5.57168,163.043793,2.969315,-0.050496,1.032226
1778850760.4171078,126.280685,-5.57168,163.043793,2.969315,-0.050496,1.032226
1778850760.4175436,126.280685,-5.57168,163.043793,2.969315,-0.050496,1.032226
1778850760.4182036,126.280685,-5.57168,163.043793,2.969315,-0.050496,1.032226
1778850760.4186666,126.280685,-5.57168,163.043793,2.969315,-0.050496,1.032226
1778850760.4191308,126.254089,-5.573271,163.036484,2.969441,-0.050454,1.031652
1778850760.4195406,126.254089,-5.573271,163.036484,2.969441,-0.050454,1.031652
1778850760.4199307,126.254089,-5.573271,163.036484,2.969441,-0.050454,1.031652
1778850760.420315,126.254089,-5.573271,163.036484,2.969441,-0.050454,1.031652
1778850760.420695,126.254089,-5.573271,163.036484,2.969441,-0.050454,1.031652
1778850760.4211092,126.254089,-5.573271,163.036484,2.969441,-0.050454,1.031652
1778850760.4215121,126.254089,-5.573271,163.036484,2.969441,-0.050454,1.031652
1778850760.4219148,126.254089,-5.573271,163.036484,2.969441,-0.050454,1.031652
1778850760.4223192,126.254089,-5.573271,163.036484,2.969441,-0.050454,1.031652
1778850760.4227023,126.254089,-5.573271,163.036484,2.969441,-0.050454,1.031652
1778850760.42316,126.227486,-5.574851,163.02919,2.969568,-0.050413,1.031079
1778850760.4235475,126.227486,-5.574851,163.02919,2.969568,-0.050413,1.031079
1778850760.4239419,126.227486,-5.574851,163.02919,2.969568,-0.050413,1.031079
1778850760.4243724,126.227486,-5.574851,163.02919,2.969568,-0.050413,1.031079
1778850760.4248278,126.227486,-5.574851,163.02919,2.969568,-0.050413,1.031079
1778850760.425212,126.227486,-5.574851,163.02919,2.969568,-0.050413,1.031079
1778850760.42558,126.227486,-5.574851,163.02919,2.969568,-0.050413,1.031079
1778850760.4259486,126.227486,-5.574851,163.02919,2.969568,-0.050413,1.031079
1778850760.426488,126.227486,-5.574851,163.02919,2.969568,-0.050413,1.031079
1778850760.4268777,126.200882,-5.576419,163.021896,2.969694,-0.050372,1.030506
1778850760.42728,126.200882,-5.576419,163.021896,2.969694,-0.050372,1.030506
1778850760.4277208,126.200882,-5.576419,163.021896,2.969694,-0.050372,1.030506
1778850760.4280863,126.200882,-5.576419,163.021896,2.969694,-0.050372,1.030506
1778850760.4284482,126.200882,-5.576419,163.021896,2.969694,-0.050372,1.030506
1778850760.428832,126.200882,-5.576419,163.021896,2.969694,-0.050372,1.030506
1778850760.4292197,126.200882,-5.576419,163.021896,2.969694,-0.050372,1.030506
1778850760.4295812,126.200882,-5.576419,163.021896,2.969694,-0.050372,1.030506
1778850760.4299607,126.200882,-5.576419,163.021896,2.969694,-0.050372,1.030506
1778850760.43033,126.200882,-5.576419,163.021896,2.969694,-0.050372,1.030506
1778850760.4307024,126.200882,-5.576419,163.021896,2.969694,-0.050372,1.030506
1778850760.4311094,126.174271,-5.577976,163.014603,2.969821,-0.05033,1.029932
1778850760.4314945,126.174271,-5.577976,163.014603,2.969821,-0.05033,1.029932
1778850760.431868,126.174271,-5.577976,163.014603,2.969821,-0.05033,1.029932
1778850760.4322484,126.174271,-5.577976,163.014603,2.969821,-0.05033,1.029932
1778850760.432623,126.174271,-5.577976,163.014603,2.969821,-0.05033,1.029932
1778850760.433069,126.174271,-5.577976,163.014603,2.969821,-0.05033,1.029932
1778850760.4334528,126.174271,-5.577976,163.014603,2.969821,-0.05033,1.029932
1778850760.4338577,126.174271,-5.577976,163.014603,2.969821,-0.05033,1.029932
1778850760.4342647,126.174271,-5.577976,163.014603,2.969821,-0.05033,1.029932
1778850760.434853,126.147659,-5.579521,163.007309,2.969948,-0.050289,1.029359
1778850760.4353318,126.147659,-5.579521,163.007309,2.969948,-0.050289,1.029359
1778850760.43571,126.147659,-5.579521,163.007309,2.969948,-0.050289,1.029359
1778850760.4361098,126.147659,-5.579521,163.007309,2.969948,-0.050289,1.029359
1778850760.4364758,126.147659,-5.579521,163.007309,2.969948,-0.050289,1.029359
1778850760.4368722,126.147659,-5.579521,163.007309,2.969948,-0.050289,1.029359
1778850760.4373589,126.147659,-5.579521,163.007309,2.969948,-0.050289,1.029359
1778850760.4377534,126.147659,-5.579521,163.007309,2.969948,-0.050289,1.029359
1778850760.4381645,126.147659,-5.579521,163.007309,2.969948,-0.050289,1.029359
1778850760.4385386,126.147659,-5.579521,163.007309,2.969948,-0.050289,1.029359
1778850760.4389324,126.12104,-5.581054,163.000015,2.970074,-0.050248,1.028786
1778850760.4393015,126.12104,-5.581054,163.000015,2.970074,-0.050248,1.028786
1778850760.4396677,126.12104,-5.581054,163.000015,2.970074,-0.050248,1.028786
1778850760.440041,126.12104,-5.581054,163.000015,2.970074,-0.050248,1.028786
1778850760.4404073,126.12104,-5.581054,163.000015,2.970074,-0.050248,1.028786
1778850760.4407933,126.12104,-5.581054,163.000015,2.970074,-0.050248,1.028786
1778850760.441209,126.12104,-5.581054,163.000015,2.970074,-0.050248,1.028786
1778850760.4416475,126.12104,-5.581054,163.000015,2.970074,-0.050248,1.028786
1778850760.4420314,126.12104,-5.581054,163.000015,2.970074,-0.050248,1.028786
1778850760.4424138,126.12104,-5.581054,163.000015,2.970074,-0.050248,1.028786
1778850760.4428053,126.12104,-5.581054,163.000015,2.970074,-0.050248,1.028786
1778850760.4432037,126.094421,-5.582576,162.992722,2.970201,-0.050206,1.028213
1778850760.4436052,126.094421,-5.582576,162.992722,2.970201,-0.050206,1.028213
1778850760.4440794,126.094421,-5.582576,162.992722,2.970201,-0.050206,1.028213
1778850760.4444768,126.094421,-5.582576,162.992722,2.970201,-0.050206,1.028213
1778850760.4448507,126.094421,-5.582576,162.992722,2.970201,-0.050206,1.028213
1778850760.4452798,126.094421,-5.582576,162.992722,2.970201,-0.050206,1.028213
1778850760.4456642,126.094421,-5.582576,162.992722,2.970201,-0.050206,1.028213
1778850760.4460893,126.094421,-5.582576,162.992722,2.970201,-0.050206,1.028213
1778850760.4465334,126.094421,-5.582576,162.992722,2.970201,-0.050206,1.028213
1778850760.4469042,126.067795,-5.584085,162.985428,2.970328,-0.050165,1.02764
1778850760.4472804,126.067795,-5.584085,162.985428,2.970328,-0.050165,1.02764
1778850760.4476395,126.067795,-5.584085,162.985428,2.970328,-0.050165,1.02764
1778850760.4480047,126.067795,-5.584085,162.985428,2.970328,-0.050165,1.02764
1778850760.448378,126.067795,-5.584085,162.985428,2.970328,-0.050165,1.02764
1778850760.448746,126.067795,-5.584085,162.985428,2.970328,-0.050165,1.02764
1778850760.449114,126.067795,-5.584085,162.985428,2.970328,-0.050165,1.02764
1778850760.4495165,126.067795,-5.584085,162.985428,2.970328,-0.050165,1.02764
1778850760.4498844,126.067795,-5.584085,162.985428,2.970328,-0.050165,1.02764
1778850760.4502625,126.067795,-5.584085,162.985428,2.970328,-0.050165,1.02764
1778850760.450646,126.067795,-5.584085,162.985428,2.970328,-0.050165,1.02764
1778850760.4511597,126.041161,-5.585584,162.978134,2.970455,-0.050124,1.027066
1778850760.4516113,126.041161,-5.585584,162.978134,2.970455,-0.050124,1.027066
1778850760.4520266,126.041161,-5.585584,162.978134,2.970455,-0.050124,1.027066
1778850760.45248,126.041161,-5.585584,162.978134,2.970455,-0.050124,1.027066
1778850760.4528573,126.041161,-5.585584,162.978134,2.970455,-0.050124,1.027066
1778850760.453322,126.041161,-5.585584,162.978134,2.970455,-0.050124,1.027066
1778850760.4536896,126.041161,-5.585584,162.978134,2.970455,-0.050124,1.027066
1778850760.454093,126.041161,-5.585584,162.978134,2.970455,-0.050124,1.027066
1778850760.4544725,126.041161,-5.585584,162.978134,2.970455,-0.050124,1.027066
1778850760.4548588,126.041161,-5.585584,162.978134,2.970455,-0.050124,1.027066
1778850760.4552214,126.014526,-5.58707,162.97084,2.970582,-0.050082,1.026493
1778850760.4555764,126.014526,-5.58707,162.97084,2.970582,-0.050082,1.026493
1778850760.4559488,126.014526,-5.58707,162.97084,2.970582,-0.050082,1.026493
1778850760.456334,126.014526,-5.58707,162.97084,2.970582,-0.050082,1.026493
1778850760.456696,126.014526,-5.58707,162.97084,2.970582,-0.050082,1.026493
1778850760.457085,126.014526,-5.58707,162.97084,2.970582,-0.050082,1.026493
1778850760.4574444,126.014526,-5.58707,162.97084,2.970582,-0.050082,1.026493
1778850760.4578197,126.014526,-5.58707,162.97084,2.970582,-0.050082,1.026493
1778850760.4581943,126.014526,-5.58707,162.97084,2.970582,-0.050082,1.026493
1778850760.4585645,126.014526,-5.58707,162.97084,2.970582,-0.050082,1.026493
1778850760.4589417,125.987892,-5.588545,162.963562,2.970708,-0.050041,1.02592
1778850760.459342,125.987892,-5.588545,162.963562,2.970708,-0.050041,1.02592
1778850760.4597063,125.987892,-5.588545,162.963562,2.970708,-0.050041,1.02592
1778850760.460078,125.987892,-5.588545,162.963562,2.970708,-0.050041,1.02592
1778850760.4604545,125.987892,-5.588545,162.963562,2.970708,-0.050041,1.02592
1778850760.4608533,125.987892,-5.588545,162.963562,2.970708,-0.050041,1.02592
1778850760.4612665,125.987892,-5.588545,162.963562,2.970708,-0.050041,1.02592
1778850760.461633,125.987892,-5.588545,162.963562,2.970708,-0.050041,1.02592
1778850760.462034,125.987892,-5.588545,162.963562,2.970708,-0.050041,1.02592
1778850760.462407,125.987892,-5.588545,162.963562,2.970708,-0.050041,1.02592
1778850760.462777,125.96125,-5.590008,162.956268,2.970835,-0.05,1.025347
1778850760.4631784,125.96125,-5.590008,162.956268,2.970835,-0.05,1.025347
1778850760.4635687,125.96125,-5.590008,162.956268,2.970835,-0.05,1.025347
1778850760.4639516,125.96125,-5.590008,162.956268,2.970835,-0.05,1.025347
1778850760.4643157,125.96125,-5.590008,162.956268,2.970835,-0.05,1.025347
1778850760.4647014,125.96125,-5.590008,162.956268,2.970835,-0.05,1.025347
1778850760.4650862,125.96125,-5.590008,162.956268,2.970835,-0.05,1.025347
1778850760.4654472,125.96125,-5.590008,162.956268,2.970835,-0.05,1.025347
1778850760.465871,125.96125,-5.590008,162.956268,2.970835,-0.05,1.025347
1778850760.4662917,125.96125,-5.590008,162.956268,2.970835,-0.05,1.025347
1778850760.466659,125.96125,-5.590008,162.956268,2.970835,-0.05,1.025347
1778850760.4670422,125.934601,-5.591459,162.94899,2.970963,-0.049958,1.024774
1778850760.4674392,125.934601,-5.591459,162.94899,2.970963,-0.049958,1.024774
1778850760.4680204,125.934601,-5.591459,162.94899,2.970963,-0.049958,1.024774
1778850760.4685183,125.934601,-5.591459,162.94899,2.970963,-0.049958,1.024774
1778850760.4689991,125.934601,-5.591459,162.94899,2.970963,-0.049958,1.024774
1778850760.469376,125.934601,-5.591459,162.94899,2.970963,-0.049958,1.024774
1778850760.469855,125.934601,-5.591459,162.94899,2.970963,-0.049958,1.024774
1778850760.4702613,125.934601,-5.591459,162.94899,2.970963,-0.049958,1.024774
1778850760.4706235,125.934601,-5.591459,162.94899,2.970963,-0.049958,1.024774
1778850760.470986,125.907951,-5.592899,162.941696,2.97109,-0.049917,1.024201
1778850760.4713469,125.907951,-5.592899,162.941696,2.97109,-0.049917,1.024201
1778850760.4716973,125.907951,-5.592899,162.941696,2.97109,-0.049917,1.024201
1778850760.4720843,125.907951,-5.592899,162.941696,2.97109,-0.049917,1.024201
1778850760.4724348,125.907951,-5.592899,162.941696,2.97109,-0.049917,1.024201
1778850760.4728348,125.907951,-5.592899,162.941696,2.97109,-0.049917,1.024201
1778850760.4733303,125.907951,-5.592899,162.941696,2.97109,-0.049917,1.024201
1778850760.4737377,125.907951,-5.592899,162.941696,2.97109,-0.049917,1.024201
1778850760.474174,125.907951,-5.592899,162.941696,2.97109,-0.049917,1.024201
1778850760.47464,125.907951,-5.592899,162.941696,2.97109,-0.049917,1.024201
1778850760.4750514,125.881294,-5.594326,162.934418,2.971217,-0.049875,1.023628
1778850760.4754455,125.881294,-5.594326,162.934418,2.971217,-0.049875,1.023628
1778850760.4758294,125.881294,-5.594326,162.934418,2.971217,-0.049875,1.023628
1778850760.4762044,125.881294,-5.594326,162.934418,2.971217,-0.049875,1.023628
1778850760.4765937,125.881294,-5.594326,162.934418,2.971217,-0.049875,1.023628
1778850760.476971,125.881294,-5.594326,162.934418,2.971217,-0.049875,1.023628
1778850760.4773853,125.881294,-5.594326,162.934418,2.971217,-0.049875,1.023628
1778850760.4777973,125.881294,-5.594326,162.934418,2.971217,-0.049875,1.023628
1778850760.4782076,125.881294,-5.594326,162.934418,2.971217,-0.049875,1.023628
1778850760.478615,125.881294,-5.594326,162.934418,2.971217,-0.049875,1.023628
1778850760.4790506,125.854637,-5.595743,162.927139,2.971344,-0.049834,1.023055
1778850760.4794476,125.854637,-5.595743,162.927139,2.971344,-0.049834,1.023055
1778850760.4798205,125.854637,-5.595743,162.927139,2.971344,-0.049834,1.023055
1778850760.480185,125.854637,-5.595743,162.927139,2.971344,-0.049834,1.023055
1778850760.4805462,125.854637,-5.595743,162.927139,2.971344,-0.049834,1.023055
1778850760.4809158,125.854637,-5.595743,162.927139,2.971344,-0.049834,1.023055
1778850760.481345,125.854637,-5.595743,162.927139,2.971344,-0.049834,1.023055
1778850760.4817114,125.854637,-5.595743,162.927139,2.971344,-0.049834,1.023055
1778850760.4820995,125.854637,-5.595743,162.927139,2.971344,-0.049834,1.023055
1778850760.4825318,125.854637,-5.595743,162.927139,2.971344,-0.049834,1.023055
1778850760.4828975,125.82798,-5.597147,162.919861,2.971471,-0.049793,1.022482
1778850760.483288,125.82798,-5.597147,162.919861,2.971471,-0.049793,1.022482
1778850760.4836519,125.82798,-5.597147,162.919861,2.971471,-0.049793,1.022482
1778850760.4840581,125.82798,-5.597147,162.919861,2.971471,-0.049793,1.022482
1778850760.484625,125.82798,-5.597147,162.919861,2.971471,-0.049793,1.022482
1778850760.4851496,125.82798,-5.597147,162.919861,2.971471,-0.049793,1.022482
1778850760.4856272,125.82798,-5.597147,162.919861,2.971471,-0.049793,1.022482
1778850760.486087,125.82798,-5.597147,162.919861,2.971471,-0.049793,1.022482
1778850760.4864902,125.82798,-5.597147,162.919861,2.971471,-0.049793,1.022482
1778850760.486882,125.801315,-5.59854,162.912582,2.971598,-0.049751,1.021909
1778850760.4873126,125.801315,-5.59854,162.912582,2.971598,-0.049751,1.021909
1778850760.4876902,125.801315,-5.59854,162.912582,2.971598,-0.049751,1.021909
1778850760.488078,125.801315,-5.59854,162.912582,2.971598,-0.049751,1.021909
1778850760.488574,125.801315,-5.59854,162.912582,2.971598,-0.049751,1.021909
1778850760.488971,125.801315,-5.59854,162.912582,2.971598,-0.049751,1.021909
1778850760.4893506,125.801315,-5.59854,162.912582,2.971598,-0.049751,1.021909
1778850760.4898179,125.801315,-5.59854,162.912582,2.971598,-0.049751,1.021909
1778850760.490236,125.801315,-5.59854,162.912582,2.971598,-0.049751,1.021909
1778850760.4906232,125.801315,-5.59854,162.912582,2.971598,-0.049751,1.021909
1778850760.4910476,125.774643,-5.599922,162.905304,2.971725,-0.04971,1.021335
1778850760.4914544,125.774643,-5.599922,162.905304,2.971725,-0.04971,1.021335
1778850760.4918342,125.774643,-5.599922,162.905304,2.971725,-0.04971,1.021335
1778850760.492206,125.774643,-5.599922,162.905304,2.971725,-0.04971,1.021335
1778850760.492578,125.774643,-5.599922,162.905304,2.971725,-0.04971,1.021335
1778850760.492962,125.774643,-5.599922,162.905304,2.971725,-0.04971,1.021335
1778850760.4933665,125.774643,-5.599922,162.905304,2.971725,-0.04971,1.021335
1778850760.4938335,125.774643,-5.599922,162.905304,2.971725,-0.04971,1.021335
1778850760.4942517,125.774643,-5.599922,162.905304,2.971725,-0.04971,1.021335
1778850760.4946501,125.774643,-5.599922,162.905304,2.971725,-0.04971,1.021335
1778850760.4950573,125.747971,-5.601291,162.898026,2.971853,-0.049669,1.020763
1778850760.4954503,125.747971,-5.601291,162.898026,2.971853,-0.049669,1.020763
1778850760.495844,125.747971,-5.601291,162.898026,2.971853,-0.049669,1.020763
1778850760.496231,125.747971,-5.601291,162.898026,2.971853,-0.049669,1.020763
1778850760.4966013,125.747971,-5.601291,162.898026,2.971853,-0.049669,1.020763
1778850760.4969885,125.747971,-5.601291,162.898026,2.971853,-0.049669,1.020763
1778850760.4973645,125.747971,-5.601291,162.898026,2.971853,-0.049669,1.020763
1778850760.4977906,125.747971,-5.601291,162.898026,2.971853,-0.049669,1.020763
1778850760.4981751,125.747971,-5.601291,162.898026,2.971853,-0.049669,1.020763
1778850760.4985697,125.747971,-5.601291,162.898026,2.971853,-0.049669,1.020763
1778850760.4989598,125.721291,-5.602649,162.890747,2.97198,-0.049627,1.02019
1778850760.4993463,125.721291,-5.602649,162.890747,2.97198,-0.049627,1.02019
1778850760.4997227,125.721291,-5.602649,162.890747,2.97198,-0.049627,1.02019
1778850760.5001028,125.721291,-5.602649,162.890747,2.97198,-0.049627,1.02019
1778850760.5004835,125.721291,-5.602649,162.890747,2.97198,-0.049627,1.02019
1778850760.5009012,125.721291,-5.602649,162.890747,2.97198,-0.049627,1.02019
1778850760.5014079,125.721291,-5.602649,162.890747,2.97198,-0.049627,1.02019
1778850760.501881,125.721291,-5.602649,162.890747,2.97198,-0.049627,1.02019
1778850760.5025685,125.721291,-5.602649,162.890747,2.97198,-0.049627,1.02019
1778850760.5029902,125.694611,-5.603995,162.883469,2.972108,-0.049586,1.019617
1778850760.5033815,125.694611,-5.603995,162.883469,2.972108,-0.049586,1.019617
1778850760.5037713,125.694611,-5.603995,162.883469,2.972108,-0.049586,1.019617
1778850760.5041475,125.694611,-5.603995,162.883469,2.972108,-0.049586,1.019617
1778850760.5045438,125.694611,-5.603995,162.883469,2.972108,-0.049586,1.019617
1778850760.5049515,125.694611,-5.603995,162.883469,2.972108,-0.049586,1.019617
1778850760.5053484,125.694611,-5.603995,162.883469,2.972108,-0.049586,1.019617
1778850760.5058806,125.694611,-5.603995,162.883469,2.972108,-0.049586,1.019617
1778850760.5063243,125.694611,-5.603995,162.883469,2.972108,-0.049586,1.019617
1778850760.5067673,125.694611,-5.603995,162.883469,2.972108,-0.049586,1.019617
1778850760.5071669,125.667931,-5.605329,162.876205,2.972235,-0.049545,1.019044
1778850760.5075638,125.667931,-5.605329,162.876205,2.972235,-0.049545,1.019044
1778850760.507987,125.667931,-5.605329,162.876205,2.972235,-0.049545,1.019044
1778850760.508368,125.667931,-5.605329,162.876205,2.972235,-0.049545,1.019044
1778850760.5087526,125.667931,-5.605329,162.876205,2.972235,-0.049545,1.019044
1778850760.509146,125.667931,-5.605329,162.876205,2.972235,-0.049545,1.019044
1778850760.509564,125.667931,-5.605329,162.876205,2.972235,-0.049545,1.019044
1778850760.5099976,125.667931,-5.605329,162.876205,2.972235,-0.049545,1.019044
1778850760.510412,125.667931,-5.605329,162.876205,2.972235,-0.049545,1.019044
1778850760.510819,125.641243,-5.606651,162.868927,2.972363,-0.049503,1.018471
1778850760.511206,125.641243,-5.606651,162.868927,2.972363,-0.049503,1.018471
1778850760.5115852,125.641243,-5.606651,162.868927,2.972363,-0.049503,1.018471
1778850760.511967,125.641243,-5.606651,162.868927,2.972363,-0.049503,1.018471
1778850760.5123706,125.641243,-5.606651,162.868927,2.972363,-0.049503,1.018471
1778850760.5127573,125.641243,-5.606651,162.868927,2.972363,-0.049503,1.018471
1778850760.5131378,125.641243,-5.606651,162.868927,2.972363,-0.049503,1.018471
1778850760.5135794,125.641243,-5.606651,162.868927,2.972363,-0.049503,1.018471
1778850760.5139823,125.641243,-5.606651,162.868927,2.972363,-0.049503,1.018471
1778850760.5143888,125.641243,-5.606651,162.868927,2.972363,-0.049503,1.018471
1778850760.5148017,125.641243,-5.606651,162.868927,2.972363,-0.049503,1.018471
1778850760.5151947,125.614548,-5.607963,162.861664,2.97249,-0.049462,1.017898
1778850760.515588,125.614548,-5.607963,162.861664,2.97249,-0.049462,1.017898
1778850760.5159724,125.614548,-5.607963,162.861664,2.97249,-0.049462,1.017898
1778850760.5163462,125.614548,-5.607963,162.861664,2.97249,-0.049462,1.017898
1778850760.5167372,125.614548,-5.607963,162.861664,2.97249,-0.049462,1.017898
1778850760.5171149,125.614548,-5.607963,162.861664,2.97249,-0.049462,1.017898
1778850760.517562,125.614548,-5.607963,162.861664,2.97249,-0.049462,1.017898
1778850760.5180066,125.614548,-5.607963,162.861664,2.97249,-0.049462,1.017898
1778850760.5185084,125.614548,-5.607963,162.861664,2.97249,-0.049462,1.017898
1778850760.5189674,125.587852,-5.609262,162.854385,2.972618,-0.049421,1.017325
1778850760.5194225,125.587852,-5.609262,162.854385,2.972618,-0.049421,1.017325
1778850760.5198991,125.587852,-5.609262,162.854385,2.972618,-0.049421,1.017325
1778850760.520296,125.587852,-5.609262,162.854385,2.972618,-0.049421,1.017325
1778850760.5206783,125.587852,-5.609262,162.854385,2.972618,-0.049421,1.017325
1778850760.5211163,125.587852,-5.609262,162.854385,2.972618,-0.049421,1.017325
1778850760.521511,125.587852,-5.609262,162.854385,2.972618,-0.049421,1.017325
1778850760.5219123,125.587852,-5.609262,162.854385,2.972618,-0.049421,1.017325
1778850760.52235,125.587852,-5.609262,162.854385,2.972618,-0.049421,1.017325
1778850760.5227778,125.587852,-5.609262,162.854385,2.972618,-0.049421,1.017325
1778850760.523182,125.561157,-5.610549,162.847122,2.972745,-0.049379,1.016752
1778850760.523615,125.561157,-5.610549,162.847122,2.972745,-0.049379,1.016752
1778850760.5240426,125.561157,-5.610549,162.847122,2.972745,-0.049379,1.016752
1778850760.5244505,125.561157,-5.610549,162.847122,2.972745,-0.049379,1.016752
1778850760.5248563,125.561157,-5.610549,162.847122,2.972745,-0.049379,1.016752
1778850760.525397,125.561157,-5.610549,162.847122,2.972745,-0.049379,1.016752
1778850760.5258806,125.561157,-5.610549,162.847122,2.972745,-0.049379,1.016752
1778850760.5263097,125.561157,-5.610549,162.847122,2.972745,-0.049379,1.016752
1778850760.5267742,125.561157,-5.610549,162.847122,2.972745,-0.049379,1.016752
1778850760.5272093,125.561157,-5.610549,162.847122,2.972745,-0.049379,1.016752
1778850760.5276477,125.561157,-5.610549,162.847122,2.972745,-0.049379,1.016752
1778850760.5280423,125.561157,-5.610549,162.847122,2.972745,-0.049379,1.016752
1778850760.5284507,125.534454,-5.611825,162.839859,2.972873,-0.049338,1.016179
1778850760.5288537,125.534454,-5.611825,162.839859,2.972873,-0.049338,1.016179
1778850760.5293174,125.534454,-5.611825,162.839859,2.972873,-0.049338,1.016179
1778850760.529698,125.534454,-5.611825,162.839859,2.972873,-0.049338,1.016179
1778850760.5301216,125.534454,-5.611825,162.839859,2.972873,-0.049338,1.016179
1778850760.530539,125.534454,-5.611825,162.839859,2.972873,-0.049338,1.016179
1778850760.5309281,125.507744,-5.613089,162.832596,2.973001,-0.049297,1.015607
1778850760.5313091,125.507744,-5.613089,162.832596,2.973001,-0.049297,1.015607
1778850760.531758,125.507744,-5.613089,162.832596,2.973001,-0.049297,1.015607
1778850760.5321429,125.507744,-5.613089,162.832596,2.973001,-0.049297,1.015607
1778850760.5325205,125.507744,-5.613089,162.832596,2.973001,-0.049297,1.015607
1778850760.5329027,125.507744,-5.613089,162.832596,2.973001,-0.049297,1.015607
1778850760.5333269,125.507744,-5.613089,162.832596,2.973001,-0.049297,1.015607
1778850760.5337155,125.507744,-5.613089,162.832596,2.973001,-0.049297,1.015607
1778850760.534129,125.507744,-5.613089,162.832596,2.973001,-0.049297,1.015607
1778850760.5345209,125.507744,-5.613089,162.832596,2.973001,-0.049297,1.015607
1778850760.5356927,125.481033,-5.614341,162.825333,2.973129,-0.049256,1.015034
1778850760.5361958,125.481033,-5.614341,162.825333,2.973129,-0.049256,1.015034
1778850760.5365655,125.481033,-5.614341,162.825333,2.973129,-0.049256,1.015034
1778850760.5369544,125.481033,-5.614341,162.825333,2.973129,-0.049256,1.015034
1778850760.53732,125.481033,-5.614341,162.825333,2.973129,-0.049256,1.015034
1778850760.5376914,125.481033,-5.614341,162.825333,2.973129,-0.049256,1.015034
1778850760.5381083,125.481033,-5.614341,162.825333,2.973129,-0.049256,1.015034
1778850760.5385113,125.481033,-5.614341,162.825333,2.973129,-0.049256,1.015034
1778850760.5388818,125.454323,-5.615582,162.818069,2.973256,-0.049214,1.014461
1778850760.5392501,125.454323,-5.615582,162.818069,2.973256,-0.049214,1.014461
1778850760.5396163,125.454323,-5.615582,162.818069,2.973256,-0.049214,1.014461
1778850760.539973,125.454323,-5.615582,162.818069,2.973256,-0.049214,1.014461
1778850760.540387,125.454323,-5.615582,162.818069,2.973256,-0.049214,1.014461
1778850760.5407639,125.454323,-5.615582,162.818069,2.973256,-0.049214,1.014461
1778850760.541154,125.454323,-5.615582,162.818069,2.973256,-0.049214,1.014461
1778850760.5416203,125.454323,-5.615582,162.818069,2.973256,-0.049214,1.014461
1778850760.5420303,125.454323,-5.615582,162.818069,2.973256,-0.049214,1.014461
1778850760.5424147,125.454323,-5.615582,162.818069,2.973256,-0.049214,1.014461
1778850760.5428078,125.454323,-5.615582,162.818069,2.973256,-0.049214,1.014461
1778850760.5431848,125.427605,-5.61681,162.810806,2.973384,-0.049173,1.013888
1778850760.5435522,125.427605,-5.61681,162.810806,2.973384,-0.049173,1.013888
1778850760.5439832,125.427605,-5.61681,162.810806,2.973384,-0.049173,1.013888
1778850760.5443447,125.427605,-5.61681,162.810806,2.973384,-0.049173,1.013888
1778850760.5447042,125.427605,-5.61681,162.810806,2.973384,-0.049173,1.013888
1778850760.5450926,125.427605,-5.61681,162.810806,2.973384,-0.049173,1.013888
1778850760.545485,125.427605,-5.61681,162.810806,2.973384,-0.049173,1.013888
1778850760.5458596,125.427605,-5.61681,162.810806,2.973384,-0.049173,1.013888
1778850760.5462387,125.427605,-5.61681,162.810806,2.973384,-0.049173,1.013888
1778850760.5466242,125.427605,-5.61681,162.810806,2.973384,-0.049173,1.013888
1778850760.5469892,125.400887,-5.618028,162.803543,2.973512,-0.049132,1.013315
1778850760.5473948,125.400887,-5.618028,162.803543,2.973512,-0.049132,1.013315
1778850760.5477996,125.400887,-5.618028,162.803543,2.973512,-0.049132,1.013315
1778850760.548182,125.400887,-5.618028,162.803543,2.973512,-0.049132,1.013315
1778850760.5485425,125.400887,-5.618028,162.803543,2.973512,-0.049132,1.013315
1778850760.54891,125.400887,-5.618028,162.803543,2.973512,-0.049132,1.013315
1778850760.5492926,125.400887,-5.618028,162.803543,2.973512,-0.049132,1.013315
1778850760.5496519,125.400887,-5.618028,162.803543,2.973512,-0.049132,1.013315
1778850760.5501564,125.400887,-5.618028,162.803543,2.973512,-0.049132,1.013315
1778850760.5506036,125.400887,-5.618028,162.803543,2.973512,-0.049132,1.013315
1778850760.5511017,125.400887,-5.618028,162.803543,2.973512,-0.049132,1.013315
1778850760.5516086,125.400887,-5.618028,162.803543,2.973512,-0.049132,1.013315
1778850760.5521326,125.400887,-5.618028,162.803543,2.973512,-0.049132,1.013315
1778850760.5525944,125.374161,-5.619233,162.79628,2.97364,-0.04909,1.012743
1778850760.5529993,125.374161,-5.619233,162.79628,2.97364,-0.04909,1.012743
1778850760.5534382,125.374161,-5.619233,162.79628,2.97364,-0.04909,1.012743
1778850760.5538416,125.374161,-5.619233,162.79628,2.97364,-0.04909,1.012743
1778850760.5542302,125.374161,-5.619233,162.79628,2.97364,-0.04909,1.012743
1778850760.5546107,125.374161,-5.619233,162.79628,2.97364,-0.04909,1.012743
1778850760.5550046,125.347435,-5.620427,162.789017,2.973768,-0.049049,1.01217
1778850760.5553756,125.347435,-5.620427,162.789017,2.973768,-0.049049,1.01217
1778850760.5557473,125.347435,-5.620427,162.789017,2.973768,-0.049049,1.01217
1778850760.5561042,125.347435,-5.620427,162.789017,2.973768,-0.049049,1.01217
1778850760.5564795,125.347435,-5.620427,162.789017,2.973768,-0.049049,1.01217
1778850760.5568316,125.347435,-5.620427,162.789017,2.973768,-0.049049,1.01217
1778850760.5572226,125.347435,-5.620427,162.789017,2.973768,-0.049049,1.01217
1778850760.557641,125.347435,-5.620427,162.789017,2.973768,-0.049049,1.01217
1778850760.558083,125.347435,-5.620427,162.789017,2.973768,-0.049049,1.01217
1778850760.5584488,125.347435,-5.620427,162.789017,2.973768,-0.049049,1.01217
1778850760.5588012,125.320709,-5.621609,162.781769,2.973896,-0.049008,1.011597
1778850760.5591664,125.320709,-5.621609,162.781769,2.973896,-0.049008,1.011597
1778850760.5595274,125.320709,-5.621609,162.781769,2.973896,-0.049008,1.011597
1778850760.5598896,125.320709,-5.621609,162.781769,2.973896,-0.049008,1.011597
1778850760.5602627,125.320709,-5.621609,162.781769,2.973896,-0.049008,1.011597
1778850760.5606565,125.320709,-5.621609,162.781769,2.973896,-0.049008,1.011597
1778850760.5610998,125.320709,-5.621609,162.781769,2.973896,-0.049008,1.011597
1778850760.5614865,125.320709,-5.621609,162.781769,2.973896,-0.049008,1.011597
1778850760.5618558,125.320709,-5.621609,162.781769,2.973896,-0.049008,1.011597
1778850760.5622993,125.320709,-5.621609,162.781769,2.973896,-0.049008,1.011597
1778850760.562691,125.320709,-5.621609,162.781769,2.973896,-0.049008,1.011597
1778850760.5634305,125.293976,-5.622779,162.774506,2.974024,-0.048966,1.011025
1778850760.5638132,125.293976,-5.622779,162.774506,2.974024,-0.048966,1.011025
1778850760.564177,125.293976,-5.622779,162.774506,2.974024,-0.048966,1.011025
1778850760.56454,125.293976,-5.622779,162.774506,2.974024,-0.048966,1.011025
1778850760.564939,125.293976,-5.622779,162.774506,2.974024,-0.048966,1.011025
1778850760.5653145,125.293976,-5.622779,162.774506,2.974024,-0.048966,1.011025
1778850760.5656903,125.293976,-5.622779,162.774506,2.974024,-0.048966,1.011025
1778850760.5660908,125.293976,-5.622779,162.774506,2.974024,-0.048966,1.011025
1778850760.5664752,125.293976,-5.622779,162.774506,2.974024,-0.048966,1.011025
1778850760.5668397,125.267235,-5.623937,162.767258,2.974152,-0.048925,1.010452
1778850760.5672405,125.267235,-5.623937,162.767258,2.974152,-0.048925,1.010452
1778850760.5676632,125.267235,-5.623937,162.767258,2.974152,-0.048925,1.010452
1778850760.5681703,125.267235,-5.623937,162.767258,2.974152,-0.048925,1.010452
1778850760.5686636,125.267235,-5.623937,162.767258,2.974152,-0.048925,1.010452
1778850760.5691264,125.267235,-5.623937,162.767258,2.974152,-0.048925,1.010452
1778850760.5695689,125.267235,-5.623937,162.767258,2.974152,-0.048925,1.010452
1778850760.5699794,125.267235,-5.623937,162.767258,2.974152,-0.048925,1.010452
1778850760.5703604,125.267235,-5.623937,162.767258,2.974152,-0.048925,1.010452
1778850760.5707448,125.267235,-5.623937,162.767258,2.974152,-0.048925,1.010452
1778850760.5711346,125.240494,-5.625084,162.76001,2.97428,-0.048884,1.009879
1778850760.5714931,125.240494,-5.625084,162.76001,2.97428,-0.048884,1.009879
1778850760.5718553,125.240494,-5.625084,162.76001,2.97428,-0.048884,1.009879
1778850760.5722458,125.240494,-5.625084,162.76001,2.97428,-0.048884,1.009879
1778850760.5726147,125.240494,-5.625084,162.76001,2.97428,-0.048884,1.009879
1778850760.573008,125.240494,-5.625084,162.76001,2.97428,-0.048884,1.009879
1778850760.5733726,125.240494,-5.625084,162.76001,2.97428,-0.048884,1.009879
1778850760.5737827,125.240494,-5.625084,162.76001,2.97428,-0.048884,1.009879
1778850760.5743136,125.240494,-5.625084,162.76001,2.97428,-0.048884,1.009879
1778850760.574704,125.240494,-5.625084,162.76001,2.97428,-0.048884,1.009879
1778850760.5750902,125.213753,-5.626219,162.752747,2.974409,-0.048842,1.009307
1778850760.5754652,125.213753,-5.626219,162.752747,2.974409,-0.048842,1.009307
1778850760.5758274,125.213753,-5.626219,162.752747,2.974409,-0.048842,1.009307
1778850760.5761874,125.213753,-5.626219,162.752747,2.974409,-0.048842,1.009307
1778850760.5765467,125.213753,-5.626219,162.752747,2.974409,-0.048842,1.009307
1778850760.5769105,125.213753,-5.626219,162.752747,2.974409,-0.048842,1.009307
1778850760.5773902,125.213753,-5.626219,162.752747,2.974409,-0.048842,1.009307
1778850760.5778852,125.213753,-5.626219,162.752747,2.974409,-0.048842,1.009307
1778850760.5783374,125.213753,-5.626219,162.752747,2.974409,-0.048842,1.009307
1778850760.5787556,125.213753,-5.626219,162.752747,2.974409,-0.048842,1.009307
1778850760.579169,125.187004,-5.627342,162.745499,2.974537,-0.048801,1.008734
1778850760.579539,125.187004,-5.627342,162.745499,2.974537,-0.048801,1.008734
1778850760.5799127,125.187004,-5.627342,162.745499,2.974537,-0.048801,1.008734
1778850760.5802796,125.187004,-5.627342,162.745499,2.974537,-0.048801,1.008734
1778850760.5806446,125.187004,-5.627342,162.745499,2.974537,-0.048801,1.008734
1778850760.581074,125.187004,-5.627342,162.745499,2.974537,-0.048801,1.008734
1778850760.5814419,125.187004,-5.627342,162.745499,2.974537,-0.048801,1.008734
1778850760.5818172,125.187004,-5.627342,162.745499,2.974537,-0.048801,1.008734
1778850760.5822,125.187004,-5.627342,162.745499,2.974537,-0.048801,1.008734
1778850760.5825872,125.187004,-5.627342,162.745499,2.974537,-0.048801,1.008734
1778850760.5829632,125.187004,-5.627342,162.745499,2.974537,-0.048801,1.008734
1778850760.5833492,125.160255,-5.628454,162.738251,2.974665,-0.04876,1.008162
1778850760.583737,125.160255,-5.628454,162.738251,2.974665,-0.04876,1.008162
1778850760.5841413,125.160255,-5.628454,162.738251,2.974665,-0.04876,1.008162
1778850760.5847087,125.160255,-5.628454,162.738251,2.974665,-0.04876,1.008162
1778850760.5851643,125.160255,-5.628454,162.738251,2.974665,-0.04876,1.008162
1778850760.5855734,125.160255,-5.628454,162.738251,2.974665,-0.04876,1.008162
1778850760.5859978,125.160255,-5.628454,162.738251,2.974665,-0.04876,1.008162
1778850760.5863724,125.160255,-5.628454,162.738251,2.974665,-0.04876,1.008162
1778850760.5867639,125.160255,-5.628454,162.738251,2.974665,-0.04876,1.008162
1778850760.587137,125.133499,-5.629554,162.731003,2.974793,-0.048718,1.007589
1778850760.5875263,125.133499,-5.629554,162.731003,2.974793,-0.048718,1.007589
1778850760.5879006,125.133499,-5.629554,162.731003,2.974793,-0.048718,1.007589
1778850760.5882957,125.133499,-5.629554,162.731003,2.974793,-0.048718,1.007589
1778850760.588768,125.133499,-5.629554,162.731003,2.974793,-0.048718,1.007589
1778850760.5891523,125.133499,-5.629554,162.731003,2.974793,-0.048718,1.007589
1778850760.5895746,125.133499,-5.629554,162.731003,2.974793,-0.048718,1.007589
1778850760.589987,125.133499,-5.629554,162.731003,2.974793,-0.048718,1.007589
1778850760.5903928,125.133499,-5.629554,162.731003,2.974793,-0.048718,1.007589
1778850760.5908036,125.133499,-5.629554,162.731003,2.974793,-0.048718,1.007589
1778850760.5911493,125.106743,-5.630642,162.723755,2.974922,-0.048677,1.007016
1778850760.5915682,125.106743,-5.630642,162.723755,2.974922,-0.048677,1.007016
1778850760.5919843,125.106743,-5.630642,162.723755,2.974922,-0.048677,1.007016
1778850760.592385,125.106743,-5.630642,162.723755,2.974922,-0.048677,1.007016
1778850760.592833,125.106743,-5.630642,162.723755,2.974922,-0.048677,1.007016
1778850760.5933344,125.106743,-5.630642,162.723755,2.974922,-0.048677,1.007016
1778850760.5940046,125.106743,-5.630642,162.723755,2.974922,-0.048677,1.007016
1778850760.5945456,125.106743,-5.630642,162.723755,2.974922,-0.048677,1.007016
1778850760.5949807,125.106743,-5.630642,162.723755,2.974922,-0.048677,1.007016
1778850760.5953655,125.079979,-5.631718,162.716507,2.97505,-0.048636,1.006444
1778850760.595776,125.079979,-5.631718,162.716507,2.97505,-0.048636,1.006444
1778850760.5961418,125.079979,-5.631718,162.716507,2.97505,-0.048636,1.006444
1778850760.5964994,125.079979,-5.631718,162.716507,2.97505,-0.048636,1.006444
1778850760.5968506,125.079979,-5.631718,162.716507,2.97505,-0.048636,1.006444
1778850760.5972338,125.079979,-5.631718,162.716507,2.97505,-0.048636,1.006444
1778850760.5975845,125.079979,-5.631718,162.716507,2.97505,-0.048636,1.006444
1778850760.598003,125.079979,-5.631718,162.716507,2.97505,-0.048636,1.006444
1778850760.5983598,125.079979,-5.631718,162.716507,2.97505,-0.048636,1.006444
1778850760.5987108,125.079979,-5.631718,162.716507,2.97505,-0.048636,1.006444
1778850760.5990632,125.053215,-5.632783,162.709274,2.975179,-0.048595,1.005871
1778850760.599436,125.053215,-5.632783,162.709274,2.975179,-0.048595,1.005871
1778850760.5997815,125.053215,-5.632783,162.709274,2.975179,-0.048595,1.005871
1778850760.600115,125.053215,-5.632783,162.709274,2.975179,-0.048595,1.005871
1778850760.6005378,125.053215,-5.632783,162.709274,2.975179,-0.048595,1.005871
1778850760.6009753,125.053215,-5.632783,162.709274,2.975179,-0.048595,1.005871
1778850760.601439,125.053215,-5.632783,162.709274,2.975179,-0.048595,1.005871
1778850760.6018395,125.053215,-5.632783,162.709274,2.975179,-0.048595,1.005871
1778850760.6022463,125.053215,-5.632783,162.709274,2.975179,-0.048595,1.005871
1778850760.6026728,125.053215,-5.632783,162.709274,2.975179,-0.048595,1.005871
1778850760.6031308,125.026451,-5.633836,162.702026,2.975307,-0.048553,1.005299
1778850760.6035237,125.026451,-5.633836,162.702026,2.975307,-0.048553,1.005299
1778850760.6039798,125.026451,-5.633836,162.702026,2.975307,-0.048553,1.005299
1778850760.6043649,125.026451,-5.633836,162.702026,2.975307,-0.048553,1.005299
1778850760.60475,125.026451,-5.633836,162.702026,2.975307,-0.048553,1.005299
1778850760.6051621,125.026451,-5.633836,162.702026,2.975307,-0.048553,1.005299
1778850760.6055923,125.026451,-5.633836,162.702026,2.975307,-0.048553,1.005299
1778850760.6060002,125.026451,-5.633836,162.702026,2.975307,-0.048553,1.005299
1778850760.6063733,125.026451,-5.633836,162.702026,2.975307,-0.048553,1.005299
1778850760.6067588,125.026451,-5.633836,162.702026,2.975307,-0.048553,1.005299
1778850760.6071658,124.99968,-5.634877,162.694778,2.975436,-0.048512,1.004726
1778850760.6075647,124.99968,-5.634877,162.694778,2.975436,-0.048512,1.004726
1778850760.6079419,124.99968,-5.634877,162.694778,2.975436,-0.048512,1.004726
1778850760.608306,124.99968,-5.634877,162.694778,2.975436,-0.048512,1.004726
1778850760.6086578,124.99968,-5.634877,162.694778,2.975436,-0.048512,1.004726
1778850760.609077,124.99968,-5.634877,162.694778,2.975436,-0.048512,1.004726
1778850760.6094549,124.99968,-5.634877,162.694778,2.975436,-0.048512,1.004726
1778850760.6098619,124.99968,-5.634877,162.694778,2.975436,-0.048512,1.004726
1778850760.610257,124.99968,-5.634877,162.694778,2.975436,-0.048512,1.004726
1778850760.6106732,124.99968,-5.634877,162.694778,2.975436,-0.048512,1.004726
1778850760.6110847,124.99968,-5.634877,162.694778,2.975436,-0.048512,1.004726
1778850760.6114714,124.972908,-5.635907,162.687546,2.975564,-0.048471,1.004154
1778850760.6118495,124.972908,-5.635907,162.687546,2.975564,-0.048471,1.004154
1778850760.6122212,124.972908,-5.635907,162.687546,2.975564,-0.048471,1.004154
1778850760.612585,124.972908,-5.635907,162.687546,2.975564,-0.048471,1.004154
1778850760.6129608,124.972908,-5.635907,162.687546,2.975564,-0.048471,1.004154
1778850760.6133327,124.972908,-5.635907,162.687546,2.975564,-0.048471,1.004154
1778850760.61373,124.972908,-5.635907,162.687546,2.975564,-0.048471,1.004154
1778850760.614154,124.972908,-5.635907,162.687546,2.975564,-0.048471,1.004154
1778850760.6145964,124.972908,-5.635907,162.687546,2.975564,-0.048471,1.004154
1778850760.6149912,124.946129,-5.636924,162.680298,2.975693,-0.048429,1.003582
1778850760.6153808,124.946129,-5.636924,162.680298,2.975693,-0.048429,1.003582
1778850760.6157467,124.946129,-5.636924,162.680298,2.975693,-0.048429,1.003582
1778850760.6161997,124.946129,-5.636924,162.680298,2.975693,-0.048429,1.003582
1778850760.6165662,124.946129,-5.636924,162.680298,2.975693,-0.048429,1.003582
1778850760.616976,124.946129,-5.636924,162.680298,2.975693,-0.048429,1.003582
1778850760.6173835,124.946129,-5.636924,162.680298,2.975693,-0.048429,1.003582
1778850760.6179245,124.946129,-5.636924,162.680298,2.975693,-0.048429,1.003582
1778850760.6183968,124.946129,-5.636924,162.680298,2.975693,-0.048429,1.003582
1778850760.618855,124.946129,-5.636924,162.680298,2.975693,-0.048429,1.003582
1778850760.6193213,124.91935,-5.63793,162.673065,2.975821,-0.048388,1.003009
1778850760.6196969,124.91935,-5.63793,162.673065,2.975821,-0.048388,1.003009
1778850760.620074,124.91935,-5.63793,162.673065,2.975821,-0.048388,1.003009
1778850760.6204364,124.91935,-5.63793,162.673065,2.975821,-0.048388,1.003009
1778850760.620826,124.91935,-5.63793,162.673065,2.975821,-0.048388,1.003009
1778850760.6212091,124.91935,-5.63793,162.673065,2.975821,-0.048388,1.003009
1778850760.621585,124.91935,-5.63793,162.673065,2.975821,-0.048388,1.003009
1778850760.6219883,124.91935,-5.63793,162.673065,2.975821,-0.048388,1.003009
1778850760.6223688,124.91935,-5.63793,162.673065,2.975821,-0.048388,1.003009
1778850760.6227577,124.91935,-5.63793,162.673065,2.975821,-0.048388,1.003009
1778850760.6231833,124.89257,-5.638925,162.665833,2.97595,-0.048347,1.002437
1778850760.623591,124.89257,-5.638925,162.665833,2.97595,-0.048347,1.002437
1778850760.6239827,124.89257,-5.638925,162.665833,2.97595,-0.048347,1.002437
1778850760.6243703,124.89257,-5.638925,162.665833,2.97595,-0.048347,1.002437
1778850760.6247442,124.89257,-5.638925,162.665833,2.97595,-0.048347,1.002437
1778850760.625158,124.89257,-5.638925,162.665833,2.97595,-0.048347,1.002437
1778850760.625587,124.89257,-5.638925,162.665833,2.97595,-0.048347,1.002437
1778850760.6259716,124.89257,-5.638925,162.665833,2.97595,-0.048347,1.002437
1778850760.6263525,124.89257,-5.638925,162.665833,2.97595,-0.048347,1.002437
1778850760.626762,124.89257,-5.638925,162.665833,2.97595,-0.048347,1.002437
1778850760.6271548,124.865784,-5.639907,162.6586,2.976079,-0.048306,1.001864
1778850760.6275277,124.865784,-5.639907,162.6586,2.976079,-0.048306,1.001864
1778850760.6278937,124.865784,-5.639907,162.6586,2.976079,-0.048306,1.001864
1778850760.6282532,124.865784,-5.639907,162.6586,2.976079,-0.048306,1.001864
1778850760.6286082,124.865784,-5.639907,162.6586,2.976079,-0.048306,1.001864
1778850760.6289814,124.865784,-5.639907,162.6586,2.976079,-0.048306,1.001864
1778850760.6293619,124.865784,-5.639907,162.6586,2.976079,-0.048306,1.001864
1778850760.6298344,124.865784,-5.639907,162.6586,2.976079,-0.048306,1.001864
1778850760.630229,124.865784,-5.639907,162.6586,2.976079,-0.048306,1.001864
1778850760.6305976,124.865784,-5.639907,162.6586,2.976079,-0.048306,1.001864
1778850760.6309662,124.838997,-5.640878,162.651367,2.976208,-0.048264,1.001292
1778850760.6313775,124.838997,-5.640878,162.651367,2.976208,-0.048264,1.001292
1778850760.6317601,124.838997,-5.640878,162.651367,2.976208,-0.048264,1.001292
1778850760.6321335,124.838997,-5.640878,162.651367,2.976208,-0.048264,1.001292
1778850760.6324973,124.838997,-5.640878,162.651367,2.976208,-0.048264,1.001292
1778850760.6328616,124.838997,-5.640878,162.651367,2.976208,-0.048264,1.001292
1778850760.6333008,124.838997,-5.640878,162.651367,2.976208,-0.048264,1.001292
1778850760.6336796,124.838997,-5.640878,162.651367,2.976208,-0.048264,1.001292
1778850760.6341157,124.838997,-5.640878,162.651367,2.976208,-0.048264,1.001292
1778850760.634676,124.838997,-5.640878,162.651367,2.976208,-0.048264,1.001292
1778850760.635195,124.838997,-5.640878,162.651367,2.976208,-0.048264,1.001292
1778850760.635626,124.838997,-5.640878,162.651367,2.976208,-0.048264,1.001292
1778850760.6360435,124.838997,-5.640878,162.651367,2.976208,-0.048264,1.001292
1778850760.636419,124.812202,-5.641837,162.644135,2.976337,-0.048223,1.00072
1778850760.636832,124.812202,-5.641837,162.644135,2.976337,-0.048223,1.00072
1778850760.6372063,124.812202,-5.641837,162.644135,2.976337,-0.048223,1.00072
1778850760.6376123,124.812202,-5.641837,162.644135,2.976337,-0.048223,1.00072
1778850760.6380134,124.812202,-5.641837,162.644135,2.976337,-0.048223,1.00072
1778850760.6383944,124.812202,-5.641837,162.644135,2.976337,-0.048223,1.00072
1778850760.6387873,124.812202,-5.641837,162.644135,2.976337,-0.048223,1.00072
1778850760.6391563,124.785408,-5.642785,162.636902,2.976465,-0.048182,1.000147
1778850760.6395454,124.785408,-5.642785,162.636902,2.976465,-0.048182,1.000147
1778850760.6399252,124.785408,-5.642785,162.636902,2.976465,-0.048182,1.000147
1778850760.6402907,124.785408,-5.642785,162.636902,2.976465,-0.048182,1.000147
1778850760.6406584,124.785408,-5.642785,162.636902,2.976465,-0.048182,1.000147
1778850760.6410856,124.785408,-5.642785,162.636902,2.976465,-0.048182,1.000147
1778850760.6414633,124.785408,-5.642785,162.636902,2.976465,-0.048182,1.000147
1778850760.6418228,124.785408,-5.642785,162.636902,2.976465,-0.048182,1.000147
1778850760.6421955,124.785408,-5.642785,162.636902,2.976465,-0.048182,1.000147
1778850760.6425552,124.785408,-5.642785,162.636902,2.976465,-0.048182,1.000147
1778850760.6429222,124.758606,-5.64372,162.629669,2.976594,-0.048141,0.999575
1778850760.643294,124.758606,-5.64372,162.629669,2.976594,-0.048141,0.999575
1778850760.643653,124.758606,-5.64372,162.629669,2.976594,-0.048141,0.999575
1778850760.6441426,124.758606,-5.64372,162.629669,2.976594,-0.048141,0.999575
1778850760.6445422,124.758606,-5.64372,162.629669,2.976594,-0.048141,0.999575
1778850760.6449103,124.758606,-5.64372,162.629669,2.976594,-0.048141,0.999575
1778850760.6453366,124.758606,-5.64372,162.629669,2.976594,-0.048141,0.999575
1778850760.6457956,124.758606,-5.64372,162.629669,2.976594,-0.048141,0.999575
1778850760.6461606,124.758606,-5.64372,162.629669,2.976594,-0.048141,0.999575
1778850760.646577,124.758606,-5.64372,162.629669,2.976594,-0.048141,0.999575
1778850760.6469593,124.758606,-5.64372,162.629669,2.976594,-0.048141,0.999575
1778850760.6473558,124.758606,-5.64372,162.629669,2.976594,-0.048141,0.999575
1778850760.6477592,124.758606,-5.64372,162.629669,2.976594,-0.048141,0.999575
1778850760.6481316,124.731812,-5.644644,162.622437,2.976723,-0.048099,0.999003
1778850760.6485252,124.731812,-5.644644,162.622437,2.976723,-0.048099,0.999003
1778850760.6489077,124.731812,-5.644644,162.622437,2.976723,-0.048099,0.999003
1778850760.6493611,124.731812,-5.644644,162.622437,2.976723,-0.048099,0.999003
1778850760.6498039,124.731812,-5.644644,162.622437,2.976723,-0.048099,0.999003
1778850760.650195,124.731812,-5.644644,162.622437,2.976723,-0.048099,0.999003
1778850760.6505911,124.731812,-5.644644,162.622437,2.976723,-0.048099,0.999003
1778850760.6509883,124.705002,-5.645556,162.615204,2.976852,-0.048058,0.99843
1778850760.6513789,124.705002,-5.645556,162.615204,2.976852,-0.048058,0.99843
1778850760.6517634,124.705002,-5.645556,162.615204,2.976852,-0.048058,0.99843
1778850760.6522598,124.705002,-5.645556,162.615204,2.976852,-0.048058,0.99843
1778850760.6526787,124.705002,-5.645556,162.615204,2.976852,-0.048058,0.99843
1778850760.6531723,124.705002,-5.645556,162.615204,2.976852,-0.048058,0.99843
1778850760.653618,124.705002,-5.645556,162.615204,2.976852,-0.048058,0.99843
1778850760.6540494,124.705002,-5.645556,162.615204,2.976852,-0.048058,0.99843
1778850760.6544182,124.705002,-5.645556,162.615204,2.976852,-0.048058,0.99843
1778850760.654793,124.705002,-5.645556,162.615204,2.976852,-0.048058,0.99843
1778850760.6551921,124.6782,-5.646457,162.607986,2.976981,-0.048017,0.997858
1778850760.6555817,124.6782,-5.646457,162.607986,2.976981,-0.048017,0.997858
1778850760.6559584,124.6782,-5.646457,162.607986,2.976981,-0.048017,0.997858
1778850760.6563323,124.6782,-5.646457,162.607986,2.976981,-0.048017,0.997858
1778850760.6566854,124.6782,-5.646457,162.607986,2.976981,-0.048017,0.997858
1778850760.6570563,124.6782,-5.646457,162.607986,2.976981,-0.048017,0.997858
1778850760.6574488,124.6782,-5.646457,162.607986,2.976981,-0.048017,0.997858
1778850760.6579485,124.6782,-5.646457,162.607986,2.976981,-0.048017,0.997858
1778850760.6583495,124.6782,-5.646457,162.607986,2.976981,-0.048017,0.997858
1778850760.6587615,124.6782,-5.646457,162.607986,2.976981,-0.048017,0.997858
1778850760.6591818,124.6782,-5.646457,162.607986,2.976981,-0.048017,0.997858
1778850760.659571,124.6782,-5.646457,162.607986,2.976981,-0.048017,0.997858
1778850760.6599784,124.6782,-5.646457,162.607986,2.976981,-0.048017,0.997858
1778850760.6603873,124.65139,-5.647345,162.600754,2.97711,-0.047976,0.997286
1778850760.6608539,124.65139,-5.647345,162.600754,2.97711,-0.047976,0.997286
1778850760.6613224,124.65139,-5.647345,162.600754,2.97711,-0.047976,0.997286
1778850760.6617107,124.65139,-5.647345,162.600754,2.97711,-0.047976,0.997286
1778850760.6621153,124.65139,-5.647345,162.600754,2.97711,-0.047976,0.997286
1778850760.6625085,124.65139,-5.647345,162.600754,2.97711,-0.047976,0.997286
1778850760.662904,124.624573,-5.648222,162.593536,2.97724,-0.047934,0.996714
1778850760.6632848,124.624573,-5.648222,162.593536,2.97724,-0.047934,0.996714
1778850760.6636572,124.624573,-5.648222,162.593536,2.97724,-0.047934,0.996714
1778850760.664049,124.624573,-5.648222,162.593536,2.97724,-0.047934,0.996714
1778850760.664421,124.624573,-5.648222,162.593536,2.97724,-0.047934,0.996714
1778850760.6649191,124.624573,-5.648222,162.593536,2.97724,-0.047934,0.996714
1778850760.6653383,124.624573,-5.648222,162.593536,2.97724,-0.047934,0.996714
1778850760.6657722,124.624573,-5.648222,162.593536,2.97724,-0.047934,0.996714
1778850760.666204,124.624573,-5.648222,162.593536,2.97724,-0.047934,0.996714
1778850760.6666236,124.624573,-5.648222,162.593536,2.97724,-0.047934,0.996714
1778850760.6670072,124.597763,-5.649087,162.586319,2.977369,-0.047893,0.996142
1778850760.6673982,124.597763,-5.649087,162.586319,2.977369,-0.047893,0.996142
1778850760.6678832,124.597763,-5.649087,162.586319,2.977369,-0.047893,0.996142
1778850760.668325,124.597763,-5.649087,162.586319,2.977369,-0.047893,0.996142
1778850760.6687932,124.597763,-5.649087,162.586319,2.977369,-0.047893,0.996142
1778850760.6692529,124.597763,-5.649087,162.586319,2.977369,-0.047893,0.996142
1778850760.6696343,124.597763,-5.649087,162.586319,2.977369,-0.047893,0.996142
1778850760.6700313,124.597763,-5.649087,162.586319,2.977369,-0.047893,0.996142
1778850760.670413,124.597763,-5.649087,162.586319,2.977369,-0.047893,0.996142
1778850760.6708236,124.597763,-5.649087,162.586319,2.977369,-0.047893,0.996142
1778850760.6712315,124.597763,-5.649087,162.586319,2.977369,-0.047893,0.996142
1778850760.6716082,124.597763,-5.649087,162.586319,2.977369,-0.047893,0.996142
1778850760.6720245,124.597763,-5.649087,162.586319,2.977369,-0.047893,0.996142
1778850760.6724057,124.570946,-5.649941,162.579102,2.977498,-0.047852,0.995569
1778850760.6728194,124.570946,-5.649941,162.579102,2.977498,-0.047852,0.995569
1778850760.6732597,124.570946,-5.649941,162.579102,2.977498,-0.047852,0.995569
1778850760.6736813,124.570946,-5.649941,162.579102,2.977498,-0.047852,0.995569
1778850760.6741228,124.570946,-5.649941,162.579102,2.977498,-0.047852,0.995569
1778850760.67457,124.570946,-5.649941,162.579102,2.977498,-0.047852,0.995569
1778850760.6749842,124.544121,-5.650783,162.571869,2.977627,-0.047811,0.994997
1778850760.6753697,124.544121,-5.650783,162.571869,2.977627,-0.047811,0.994997
1778850760.675759,124.544121,-5.650783,162.571869,2.977627,-0.047811,0.994997
1778850760.6761487,124.544121,-5.650783,162.571869,2.977627,-0.047811,0.994997
1778850760.676525,124.544121,-5.650783,162.571869,2.977627,-0.047811,0.994997
1778850760.676911,124.544121,-5.650783,162.571869,2.977627,-0.047811,0.994997
1778850760.6773624,124.544121,-5.650783,162.571869,2.977627,-0.047811,0.994997
1778850760.677783,124.544121,-5.650783,162.571869,2.977627,-0.047811,0.994997
1778850760.6781862,124.544121,-5.650783,162.571869,2.977627,-0.047811,0.994997
1778850760.6785648,124.544121,-5.650783,162.571869,2.977627,-0.047811,0.994997
1778850760.6789546,124.517296,-5.651613,162.564651,2.977756,-0.047769,0.994425
1778850760.6793313,124.517296,-5.651613,162.564651,2.977756,-0.047769,0.994425
1778850760.6797056,124.517296,-5.651613,162.564651,2.977756,-0.047769,0.994425
1778850760.6800883,124.517296,-5.651613,162.564651,2.977756,-0.047769,0.994425
1778850760.6804638,124.517296,-5.651613,162.564651,2.977756,-0.047769,0.994425
1778850760.6808527,124.517296,-5.651613,162.564651,2.977756,-0.047769,0.994425
1778850760.6812954,124.517296,-5.651613,162.564651,2.977756,-0.047769,0.994425
1778850760.6816947,124.517296,-5.651613,162.564651,2.977756,-0.047769,0.994425
1778850760.6821117,124.517296,-5.651613,162.564651,2.977756,-0.047769,0.994425
1778850760.6825294,124.517296,-5.651613,162.564651,2.977756,-0.047769,0.994425
1778850760.6829169,124.517296,-5.651613,162.564651,2.977756,-0.047769,0.994425
1778850760.683319,124.517296,-5.651613,162.564651,2.977756,-0.047769,0.994425
1778850760.6837215,124.517296,-5.651613,162.564651,2.977756,-0.047769,0.994425
1778850760.6841276,124.490471,-5.652431,162.557434,2.977885,-0.047728,0.993853
1778850760.6846473,124.490471,-5.652431,162.557434,2.977885,-0.047728,0.993853
1778850760.6851482,124.490471,-5.652431,162.557434,2.977885,-0.047728,0.993853
1778850760.68561,124.490471,-5.652431,162.557434,2.977885,-0.047728,0.993853
1778850760.6860182,124.490471,-5.652431,162.557434,2.977885,-0.047728,0.993853
1778850760.6864312,124.490471,-5.652431,162.557434,2.977885,-0.047728,0.993853
1778850760.6868603,124.490471,-5.652431,162.557434,2.977885,-0.047728,0.993853
1778850760.6872454,124.463646,-5.653237,162.550232,2.978015,-0.047687,0.993281
1778850760.6876173,124.463646,-5.653237,162.550232,2.978015,-0.047687,0.993281
1778850760.688005,124.463646,-5.653237,162.550232,2.978015,-0.047687,0.993281
1778850760.688394,124.463646,-5.653237,162.550232,2.978015,-0.047687,0.993281
1778850760.688779,124.463646,-5.653237,162.550232,2.978015,-0.047687,0.993281
1778850760.6891751,124.463646,-5.653237,162.550232,2.978015,-0.047687,0.993281
1778850760.6895678,124.463646,-5.653237,162.550232,2.978015,-0.047687,0.993281
1778850760.690033,124.463646,-5.653237,162.550232,2.978015,-0.047687,0.993281
1778850760.6904304,124.463646,-5.653237,162.550232,2.978015,-0.047687,0.993281
1778850760.690856,124.436813,-5.654032,162.543015,2.978144,-0.047646,0.992709
1778850760.691254,124.436813,-5.654032,162.543015,2.978144,-0.047646,0.992709
1778850760.6916506,124.436813,-5.654032,162.543015,2.978144,-0.047646,0.992709
1778850760.692044,124.436813,-5.654032,162.543015,2.978144,-0.047646,0.992709
1778850760.6924243,124.436813,-5.654032,162.543015,2.978144,-0.047646,0.992709
1778850760.6928012,124.436813,-5.654032,162.543015,2.978144,-0.047646,0.992709
1778850760.6932027,124.436813,-5.654032,162.543015,2.978144,-0.047646,0.992709
1778850760.6935966,124.436813,-5.654032,162.543015,2.978144,-0.047646,0.992709
1778850760.6941626,124.436813,-5.654032,162.543015,2.978144,-0.047646,0.992709
1778850760.6962159,124.436813,-5.654032,162.543015,2.978144,-0.047646,0.992709
1778850760.6966102,124.409973,-5.654815,162.535797,2.978274,-0.047605,0.992137
1778850760.6970546,124.409973,-5.654815,162.535797,2.978274,-0.047605,0.992137
1778850760.6974454,124.409973,-5.654815,162.535797,2.978274,-0.047605,0.992137
1778850760.6978378,124.409973,-5.654815,162.535797,2.978274,-0.047605,0.992137
1778850760.6982398,124.409973,-5.654815,162.535797,2.978274,-0.047605,0.992137
1778850760.6986413,124.409973,-5.654815,162.535797,2.978274,-0.047605,0.992137
1778850760.6990538,124.383141,-5.655587,162.528595,2.978403,-0.047563,0.991565
1778850760.699446,124.383141,-5.655587,162.528595,2.978403,-0.047563,0.991565
1778850760.6998322,124.383141,-5.655587,162.528595,2.978403,-0.047563,0.991565
1778850760.7002323,124.383141,-5.655587,162.528595,2.978403,-0.047563,0.991565
1778850760.7006545,124.383141,-5.655587,162.528595,2.978403,-0.047563,0.991565
1778850760.7011406,124.383141,-5.655587,162.528595,2.978403,-0.047563,0.991565
1778850760.7016504,124.383141,-5.655587,162.528595,2.978403,-0.047563,0.991565
1778850760.7021258,124.383141,-5.655587,162.528595,2.978403,-0.047563,0.991565
1778850760.7026584,124.383141,-5.655587,162.528595,2.978403,-0.047563,0.991565
1778850760.7030382,124.3563,-5.656346,162.521378,2.978533,-0.047522,0.990992
1778850760.703394,124.3563,-5.656346,162.521378,2.978533,-0.047522,0.990992
1778850760.7037637,124.3563,-5.656346,162.521378,2.978533,-0.047522,0.990992
1778850760.7041137,124.3563,-5.656346,162.521378,2.978533,-0.047522,0.990992
1778850760.7044647,124.3563,-5.656346,162.521378,2.978533,-0.047522,0.990992
1778850760.7048483,124.3563,-5.656346,162.521378,2.978533,-0.047522,0.990992
1778850760.7052343,124.3563,-5.656346,162.521378,2.978533,-0.047522,0.990992
1778850760.7056186,124.3563,-5.656346,162.521378,2.978533,-0.047522,0.990992
1778850760.705992,124.3563,-5.656346,162.521378,2.978533,-0.047522,0.990992
1778850760.7064018,124.3563,-5.656346,162.521378,2.978533,-0.047522,0.990992
1778850760.706789,124.3563,-5.656346,162.521378,2.978533,-0.047522,0.990992
1778850760.7071605,124.3563,-5.656346,162.521378,2.978533,-0.047522,0.990992
1778850760.707534,124.3563,-5.656346,162.521378,2.978533,-0.047522,0.990992
1778850760.7079535,124.3563,-5.656346,162.521378,2.978533,-0.047522,0.990992
1778850760.7083454,124.329453,-5.657094,162.514175,2.978662,-0.047481,0.99042
1778850760.7087066,124.329453,-5.657094,162.514175,2.978662,-0.047481,0.99042
1778850760.7090962,124.329453,-5.657094,162.514175,2.978662,-0.047481,0.99042
1778850760.709455,124.329453,-5.657094,162.514175,2.978662,-0.047481,0.99042
1778850760.709829,124.329453,-5.657094,162.514175,2.978662,-0.047481,0.99042
1778850760.7101996,124.329453,-5.657094,162.514175,2.978662,-0.047481,0.99042
1778850760.710644,124.329453,-5.657094,162.514175,2.978662,-0.047481,0.99042
1778850760.711074,124.302612,-5.65783,162.506958,2.978792,-0.04744,0.989848
1778850760.7114453,124.302612,-5.65783,162.506958,2.978792,-0.04744,0.989848
1778850760.711847,124.302612,-5.65783,162.506958,2.978792,-0.04744,0.989848
1778850760.7122378,124.302612,-5.65783,162.506958,2.978792,-0.04744,0.989848
1778850760.7126055,124.302612,-5.65783,162.506958,2.978792,-0.04744,0.989848
1778850760.7129805,124.302612,-5.65783,162.506958,2.978792,-0.04744,0.989848
1778850760.7133734,124.302612,-5.65783,162.506958,2.978792,-0.04744,0.989848
1778850760.7138004,124.302612,-5.65783,162.506958,2.978792,-0.04744,0.989848
1778850760.7142198,124.302612,-5.65783,162.506958,2.978792,-0.04744,0.989848
1778850760.7146366,124.302612,-5.65783,162.506958,2.978792,-0.04744,0.989848
1778850760.7150245,124.275764,-5.658555,162.499756,2.978921,-0.047399,0.989276
1778850760.7153907,124.275764,-5.658555,162.499756,2.978921,-0.047399,0.989276
1778850760.7157638,124.275764,-5.658555,162.499756,2.978921,-0.047399,0.989276
1778850760.716148,124.275764,-5.658555,162.499756,2.978921,-0.047399,0.989276
1778850760.7165124,124.275764,-5.658555,162.499756,2.978921,-0.047399,0.989276
1778850760.7168891,124.275764,-5.658555,162.499756,2.978921,-0.047399,0.989276
1778850760.717289,124.275764,-5.658555,162.499756,2.978921,-0.047399,0.989276
1778850760.7176816,124.275764,-5.658555,162.499756,2.978921,-0.047399,0.989276
1778850760.7181635,124.275764,-5.658555,162.499756,2.978921,-0.047399,0.989276
1778850760.718614,124.275764,-5.658555,162.499756,2.978921,-0.047399,0.989276
1778850760.719046,124.275764,-5.658555,162.499756,2.978921,-0.047399,0.989276
1778850760.7194276,124.275764,-5.658555,162.499756,2.978921,-0.047399,0.989276
1778850760.7198036,124.275764,-5.658555,162.499756,2.978921,-0.047399,0.989276
1778850760.7201657,124.248909,-5.659267,162.492554,2.979051,-0.047357,0.988705
1778850760.7205427,124.248909,-5.659267,162.492554,2.979051,-0.047357,0.988705
1778850760.7209127,124.248909,-5.659267,162.492554,2.979051,-0.047357,0.988705
1778850760.7213404,124.248909,-5.659267,162.492554,2.979051,-0.047357,0.988705
1778850760.7216976,124.248909,-5.659267,162.492554,2.979051,-0.047357,0.988705
1778850760.7221053,124.248909,-5.659267,162.492554,2.979051,-0.047357,0.988705
1778850760.7224882,124.248909,-5.659267,162.492554,2.979051,-0.047357,0.988705
1778850760.7228937,124.222061,-5.659968,162.485352,2.979181,-0.047316,0.988133
1778850760.7232945,124.222061,-5.659968,162.485352,2.979181,-0.047316,0.988133
1778850760.7236793,124.222061,-5.659968,162.485352,2.979181,-0.047316,0.988133
1778850760.7240899,124.222061,-5.659968,162.485352,2.979181,-0.047316,0.988133
1778850760.7244875,124.222061,-5.659968,162.485352,2.979181,-0.047316,0.988133
1778850760.724872,124.222061,-5.659968,162.485352,2.979181,-0.047316,0.988133
1778850760.725292,124.222061,-5.659968,162.485352,2.979181,-0.047316,0.988133
1778850760.725661,124.222061,-5.659968,162.485352,2.979181,-0.047316,0.988133
1778850760.7261455,124.222061,-5.659968,162.485352,2.979181,-0.047316,0.988133
1778850760.7265806,124.222061,-5.659968,162.485352,2.979181,-0.047316,0.988133
1778850760.726995,124.195206,-5.660658,162.478149,2.97931,-0.047275,0.987561
1778850760.7274275,124.195206,-5.660658,162.478149,2.97931,-0.047275,0.987561
1778850760.7278066,124.195206,-5.660658,162.478149,2.97931,-0.047275,0.987561
1778850760.7281785,124.195206,-5.660658,162.478149,2.97931,-0.047275,0.987561
1778850760.7285364,124.195206,-5.660658,162.478149,2.97931,-0.047275,0.987561
1778850760.72891,124.195206,-5.660658,162.478149,2.97931,-0.047275,0.987561
1778850760.7293274,124.195206,-5.660658,162.478149,2.97931,-0.047275,0.987561
1778850760.729693,124.195206,-5.660658,162.478149,2.97931,-0.047275,0.987561
1778850760.7300797,124.195206,-5.660658,162.478149,2.97931,-0.047275,0.987561
1778850760.7304518,124.195206,-5.660658,162.478149,2.97931,-0.047275,0.987561
1778850760.7308152,124.195206,-5.660658,162.478149,2.97931,-0.047275,0.987561
1778850760.7311788,124.195206,-5.660658,162.478149,2.97931,-0.047275,0.987561
1778850760.7315679,124.195206,-5.660658,162.478149,2.97931,-0.047275,0.987561
1778850760.7319417,124.195206,-5.660658,162.478149,2.97931,-0.047275,0.987561
1778850760.7323654,124.168343,-5.661335,162.470947,2.97944,-0.047234,0.986989
1778850760.7327454,124.168343,-5.661335,162.470947,2.97944,-0.047234,0.986989
1778850760.7331333,124.168343,-5.661335,162.470947,2.97944,-0.047234,0.986989
1778850760.7335973,124.168343,-5.661335,162.470947,2.97944,-0.047234,0.986989
1778850760.734007,124.168343,-5.661335,162.470947,2.97944,-0.047234,0.986989
1778850760.734521,124.168343,-5.661335,162.470947,2.97944,-0.047234,0.986989
1778850760.7350338,124.141487,-5.662001,162.463745,2.97957,-0.047193,0.986417
1778850760.7354734,124.141487,-5.662001,162.463745,2.97957,-0.047193,0.986417
1778850760.7358792,124.141487,-5.662001,162.463745,2.97957,-0.047193,0.986417
1778850760.7362583,124.141487,-5.662001,162.463745,2.97957,-0.047193,0.986417
1778850760.7366376,124.141487,-5.662001,162.463745,2.97957,-0.047193,0.986417
1778850760.7370298,124.141487,-5.662001,162.463745,2.97957,-0.047193,0.986417
1778850760.7374,124.141487,-5.662001,162.463745,2.97957,-0.047193,0.986417
1778850760.7378163,124.141487,-5.662001,162.463745,2.97957,-0.047193,0.986417
1778850760.738203,124.141487,-5.662001,162.463745,2.97957,-0.047193,0.986417
1778850760.7385886,124.141487,-5.662001,162.463745,2.97957,-0.047193,0.986417
1778850760.7389565,124.114624,-5.662655,162.456558,2.9797,-0.047151,0.985845
1778850760.7393494,124.114624,-5.662655,162.456558,2.9797,-0.047151,0.985845
1778850760.739724,124.114624,-5.662655,162.456558,2.9797,-0.047151,0.985845
1778850760.7401073,124.114624,-5.662655,162.456558,2.9797,-0.047151,0.985845
1778850760.740478,124.114624,-5.662655,162.456558,2.9797,-0.047151,0.985845
1778850760.740855,124.114624,-5.662655,162.456558,2.9797,-0.047151,0.985845
1778850760.741324,124.114624,-5.662655,162.456558,2.9797,-0.047151,0.985845
1778850760.7417722,124.114624,-5.662655,162.456558,2.9797,-0.047151,0.985845
1778850760.7421463,124.114624,-5.662655,162.456558,2.9797,-0.047151,0.985845
1778850760.7425451,124.114624,-5.662655,162.456558,2.9797,-0.047151,0.985845
1778850760.7429185,124.114624,-5.662655,162.456558,2.9797,-0.047151,0.985845
1778850760.7433417,124.114624,-5.662655,162.456558,2.9797,-0.047151,0.985845
1778850760.7438009,124.114624,-5.662655,162.456558,2.9797,-0.047151,0.985845
1778850760.7443252,124.087753,-5.663298,162.449356,2.979829,-0.04711,0.985273
1778850760.744747,124.087753,-5.663298,162.449356,2.979829,-0.04711,0.985273
1778850760.745195,124.087753,-5.663298,162.449356,2.979829,-0.04711,0.985273
1778850760.7456312,124.087753,-5.663298,162.449356,2.979829,-0.04711,0.985273
1778850760.746102,124.087753,-5.663298,162.449356,2.979829,-0.04711,0.985273
1778850760.7464807,124.087753,-5.663298,162.449356,2.979829,-0.04711,0.985273
1778850760.7468565,124.06089,-5.663929,162.442154,2.979959,-0.047069,0.984701
1778850760.7472286,124.06089,-5.663929,162.442154,2.979959,-0.047069,0.984701
1778850760.7475986,124.06089,-5.663929,162.442154,2.979959,-0.047069,0.984701
1778850760.7479897,124.06089,-5.663929,162.442154,2.979959,-0.047069,0.984701
1778850760.7483635,124.06089,-5.663929,162.442154,2.979959,-0.047069,0.984701
1778850760.7487407,124.06089,-5.663929,162.442154,2.979959,-0.047069,0.984701
1778850760.7491145,124.06089,-5.663929,162.442154,2.979959,-0.047069,0.984701
1778850760.7495346,124.06089,-5.663929,162.442154,2.979959,-0.047069,0.984701
1778850760.749941,124.06089,-5.663929,162.442154,2.979959,-0.047069,0.984701
1778850760.750377,124.06089,-5.663929,162.442154,2.979959,-0.047069,0.984701
1778850760.7507591,124.06089,-5.663929,162.442154,2.979959,-0.047069,0.984701
1778850760.7511332,124.034019,-5.664547,162.434967,2.980089,-0.047028,0.984129
1778850760.7515488,124.034019,-5.664547,162.434967,2.980089,-0.047028,0.984129
1778850760.7521527,124.034019,-5.664547,162.434967,2.980089,-0.047028,0.984129
1778850760.7526174,124.034019,-5.664547,162.434967,2.980089,-0.047028,0.984129
1778850760.7531402,124.034019,-5.664547,162.434967,2.980089,-0.047028,0.984129
1778850760.7535572,124.034019,-5.664547,162.434967,2.980089,-0.047028,0.984129
1778850760.7539363,124.034019,-5.664547,162.434967,2.980089,-0.047028,0.984129
1778850760.7543268,124.034019,-5.664547,162.434967,2.980089,-0.047028,0.984129
1778850760.754716,124.034019,-5.664547,162.434967,2.980089,-0.047028,0.984129
1778850760.755108,124.034019,-5.664547,162.434967,2.980089,-0.047028,0.984129
1778850760.7555542,124.034019,-5.664547,162.434967,2.980089,-0.047028,0.984129
1778850760.7559438,124.034019,-5.664547,162.434967,2.980089,-0.047028,0.984129
1778850760.7563019,124.034019,-5.664547,162.434967,2.980089,-0.047028,0.984129
1778850760.7566645,124.034019,-5.664547,162.434967,2.980089,-0.047028,0.984129
1778850760.7570658,124.007141,-5.665154,162.42778,2.980219,-0.046987,0.983558
1778850760.757484,124.007141,-5.665154,162.42778,2.980219,-0.046987,0.983558
1778850760.7578604,124.007141,-5.665154,162.42778,2.980219,-0.046987,0.983558
1778850760.7582643,124.007141,-5.665154,162.42778,2.980219,-0.046987,0.983558
1778850760.758677,124.007141,-5.665154,162.42778,2.980219,-0.046987,0.983558
1778850760.7590659,123.98027,-5.66575,162.420578,2.980349,-0.046946,0.982986
1778850760.7594433,123.98027,-5.66575,162.420578,2.980349,-0.046946,0.982986
1778850760.7598147,123.98027,-5.66575,162.420578,2.980349,-0.046946,0.982986
1778850760.7601736,123.98027,-5.66575,162.420578,2.980349,-0.046946,0.982986
1778850760.7606654,123.98027,-5.66575,162.420578,2.980349,-0.046946,0.982986
1778850760.7611084,123.98027,-5.66575,162.420578,2.980349,-0.046946,0.982986
1778850760.7615507,123.98027,-5.66575,162.420578,2.980349,-0.046946,0.982986
1778850760.761927,123.98027,-5.66575,162.420578,2.980349,-0.046946,0.982986
1778850760.7623208,123.98027,-5.66575,162.420578,2.980349,-0.046946,0.982986
1778850760.762689,123.98027,-5.66575,162.420578,2.980349,-0.046946,0.982986
1778850760.7630625,123.953392,-5.666334,162.413391,2.980479,-0.046904,0.982414
1778850760.763768,123.953392,-5.666334,162.413391,2.980479,-0.046904,0.982414
1778850760.7641528,123.953392,-5.666334,162.413391,2.980479,-0.046904,0.982414
1778850760.764533,123.953392,-5.666334,162.413391,2.980479,-0.046904,0.982414
1778850760.7649157,123.953392,-5.666334,162.413391,2.980479,-0.046904,0.982414
1778850760.7653644,123.953392,-5.666334,162.413391,2.980479,-0.046904,0.982414
1778850760.7658188,123.953392,-5.666334,162.413391,2.980479,-0.046904,0.982414
1778850760.7661872,123.953392,-5.666334,162.413391,2.980479,-0.046904,0.982414
1778850760.7665846,123.953392,-5.666334,162.413391,2.980479,-0.046904,0.982414
1778850760.7669535,123.953392,-5.666334,162.413391,2.980479,-0.046904,0.982414
1778850760.767324,123.953392,-5.666334,162.413391,2.980479,-0.046904,0.982414
1778850760.7678368,123.953392,-5.666334,162.413391,2.980479,-0.046904,0.982414
1778850760.7683623,123.926514,-5.666906,162.406204,2.980609,-0.046863,0.981842
1778850760.768814,123.926514,-5.666906,162.406204,2.980609,-0.046863,0.981842
1778850760.7693355,123.926514,-5.666906,162.406204,2.980609,-0.046863,0.981842
1778850760.7697456,123.926514,-5.666906,162.406204,2.980609,-0.046863,0.981842
1778850760.7701488,123.926514,-5.666906,162.406204,2.980609,-0.046863,0.981842
1778850760.7705293,123.926514,-5.666906,162.406204,2.980609,-0.046863,0.981842
1778850760.7709124,123.899628,-5.667466,162.399017,2.980739,-0.046822,0.98127
1778850760.7712858,123.899628,-5.667466,162.399017,2.980739,-0.046822,0.98127
1778850760.7716467,123.899628,-5.667466,162.399017,2.980739,-0.046822,0.98127
1778850760.772001,123.899628,-5.667466,162.399017,2.980739,-0.046822,0.98127
1778850760.7723784,123.899628,-5.667466,162.399017,2.980739,-0.046822,0.98127
1778850760.772748,123.899628,-5.667466,162.399017,2.980739,-0.046822,0.98127
1778850760.7731423,123.899628,-5.667466,162.399017,2.980739,-0.046822,0.98127
1778850760.7736232,123.899628,-5.667466,162.399017,2.980739,-0.046822,0.98127
1778850760.774031,123.899628,-5.667466,162.399017,2.980739,-0.046822,0.98127
1778850760.7744162,123.899628,-5.667466,162.399017,2.980739,-0.046822,0.98127
1778850760.7748268,123.899628,-5.667466,162.399017,2.980739,-0.046822,0.98127
1778850760.7752335,123.872742,-5.668015,162.39183,2.980869,-0.046781,0.980699
1778850760.7756038,123.872742,-5.668015,162.39183,2.980869,-0.046781,0.980699
1778850760.7759852,123.872742,-5.668015,162.39183,2.980869,-0.046781,0.980699
1778850760.7763605,123.872742,-5.668015,162.39183,2.980869,-0.046781,0.980699
1778850760.7767336,123.872742,-5.668015,162.39183,2.980869,-0.046781,0.980699
1778850760.777127,123.872742,-5.668015,162.39183,2.980869,-0.046781,0.980699
1778850760.7775638,123.872742,-5.668015,162.39183,2.980869,-0.046781,0.980699
1778850760.7779396,123.872742,-5.668015,162.39183,2.980869,-0.046781,0.980699
1778850760.778334,123.872742,-5.668015,162.39183,2.980869,-0.046781,0.980699
1778850760.7787056,123.872742,-5.668015,162.39183,2.980869,-0.046781,0.980699
1778850760.7790973,123.872742,-5.668015,162.39183,2.980869,-0.046781,0.980699
1778850760.7794619,123.872742,-5.668015,162.39183,2.980869,-0.046781,0.980699
1778850760.7798545,123.872742,-5.668015,162.39183,2.980869,-0.046781,0.980699
1778850760.7802255,123.845856,-5.668551,162.384659,2.980999,-0.04674,0.980127
1778850760.7805965,123.845856,-5.668551,162.384659,2.980999,-0.04674,0.980127
1778850760.7809749,123.845856,-5.668551,162.384659,2.980999,-0.04674,0.980127
1778850760.7813454,123.845856,-5.668551,162.384659,2.980999,-0.04674,0.980127
1778850760.781706,123.845856,-5.668551,162.384659,2.980999,-0.04674,0.980127
1778850760.7820902,123.845856,-5.668551,162.384659,2.980999,-0.04674,0.980127
1778850760.7824798,123.845856,-5.668551,162.384659,2.980999,-0.04674,0.980127
1778850760.782849,123.81897,-5.669077,162.377472,2.98113,-0.046699,0.979555
1778850760.7832427,123.81897,-5.669077,162.377472,2.98113,-0.046699,0.979555
1778850760.783614,123.81897,-5.669077,162.377472,2.98113,-0.046699,0.979555
1778850760.7840364,123.81897,-5.669077,162.377472,2.98113,-0.046699,0.979555
1778850760.784547,123.81897,-5.669077,162.377472,2.98113,-0.046699,0.979555
1778850760.785086,123.81897,-5.669077,162.377472,2.98113,-0.046699,0.979555
1778850760.7856038,123.81897,-5.669077,162.377472,2.98113,-0.046699,0.979555
1778850760.786085,123.81897,-5.669077,162.377472,2.98113,-0.046699,0.979555
1778850760.7865415,123.81897,-5.669077,162.377472,2.98113,-0.046699,0.979555
1778850760.7870235,123.792076,-5.66959,162.370285,2.98126,-0.046658,0.978984
1778850760.787418,123.792076,-5.66959,162.370285,2.98126,-0.046658,0.978984
1778850760.7878213,123.792076,-5.66959,162.370285,2.98126,-0.046658,0.978984
1778850760.7882204,123.792076,-5.66959,162.370285,2.98126,-0.046658,0.978984
1778850760.7885933,123.792076,-5.66959,162.370285,2.98126,-0.046658,0.978984
1778850760.7890975,123.792076,-5.66959,162.370285,2.98126,-0.046658,0.978984
1778850760.7895107,123.792076,-5.66959,162.370285,2.98126,-0.046658,0.978984
1778850760.7899609,123.792076,-5.66959,162.370285,2.98126,-0.046658,0.978984
1778850760.7903948,123.792076,-5.66959,162.370285,2.98126,-0.046658,0.978984
1778850760.790807,123.792076,-5.66959,162.370285,2.98126,-0.046658,0.978984
1778850760.7912147,123.792076,-5.66959,162.370285,2.98126,-0.046658,0.978984
1778850760.791598,123.792076,-5.66959,162.370285,2.98126,-0.046658,0.978984
1778850760.7919888,123.792076,-5.66959,162.370285,2.98126,-0.046658,0.978984
1778850760.7923863,123.765182,-5.670092,162.363113,2.98139,-0.046617,0.978412
1778850760.79288,123.765182,-5.670092,162.363113,2.98139,-0.046617,0.978412
1778850760.7933445,123.765182,-5.670092,162.363113,2.98139,-0.046617,0.978412
1778850760.7937958,123.765182,-5.670092,162.363113,2.98139,-0.046617,0.978412
1778850760.794258,123.765182,-5.670092,162.363113,2.98139,-0.046617,0.978412
1778850760.7947628,123.765182,-5.670092,162.363113,2.98139,-0.046617,0.978412
1778850760.7951915,123.738289,-5.670582,162.355927,2.98152,-0.046575,0.97784
1778850760.7955976,123.738289,-5.670582,162.355927,2.98152,-0.046575,0.97784
1778850760.7960083,123.738289,-5.670582,162.355927,2.98152,-0.046575,0.97784
1778850760.796385,123.738289,-5.670582,162.355927,2.98152,-0.046575,0.97784
1778850760.7967792,123.738289,-5.670582,162.355927,2.98152,-0.046575,0.97784
1778850760.7971911,123.738289,-5.670582,162.355927,2.98152,-0.046575,0.97784
1778850760.7976377,123.738289,-5.670582,162.355927,2.98152,-0.046575,0.97784
1778850760.7981305,123.738289,-5.670582,162.355927,2.98152,-0.046575,0.97784
1778850760.7986488,123.738289,-5.670582,162.355927,2.98152,-0.046575,0.97784
1778850760.7990978,123.711388,-5.67106,162.348755,2.981651,-0.046534,0.977269
1778850760.7995467,123.711388,-5.67106,162.348755,2.981651,-0.046534,0.977269
1778850760.7999854,123.711388,-5.67106,162.348755,2.981651,-0.046534,0.977269
1778850760.8003926,123.711388,-5.67106,162.348755,2.981651,-0.046534,0.977269
1778850760.8009,123.711388,-5.67106,162.348755,2.981651,-0.046534,0.977269
1778850760.801555,123.711388,-5.67106,162.348755,2.981651,-0.046534,0.977269
1778850760.8022423,123.711388,-5.67106,162.348755,2.981651,-0.046534,0.977269
1778850760.8027925,123.711388,-5.67106,162.348755,2.981651,-0.046534,0.977269
1778850760.8033738,123.711388,-5.67106,162.348755,2.981651,-0.046534,0.977269
1778850760.803876,123.711388,-5.67106,162.348755,2.981651,-0.046534,0.977269
1778850760.804328,123.684486,-5.671527,162.341583,2.981781,-0.046493,0.976697
1778850760.804722,123.684486,-5.671527,162.341583,2.981781,-0.046493,0.976697
1778850760.8051176,123.684486,-5.671527,162.341583,2.981781,-0.046493,0.976697
1778850760.8054934,123.684486,-5.671527,162.341583,2.981781,-0.046493,0.976697
1778850760.8058882,123.684486,-5.671527,162.341583,2.981781,-0.046493,0.976697
1778850760.8062747,123.684486,-5.671527,162.341583,2.981781,-0.046493,0.976697
1778850760.8066342,123.684486,-5.671527,162.341583,2.981781,-0.046493,0.976697
1778850760.8070729,123.657585,-5.671982,162.334412,2.981912,-0.046452,0.976126
1778850760.8074443,123.657585,-5.671982,162.334412,2.981912,-0.046452,0.976126
1778850760.8078167,123.657585,-5.671982,162.334412,2.981912,-0.046452,0.976126
1778850760.8081858,123.657585,-5.671982,162.334412,2.981912,-0.046452,0.976126
1778850760.8085592,123.657585,-5.671982,162.334412,2.981912,-0.046452,0.976126
1778850760.8089337,123.657585,-5.671982,162.334412,2.981912,-0.046452,0.976126
1778850760.8093143,123.657585,-5.671982,162.334412,2.981912,-0.046452,0.976126
1778850760.8096826,123.657585,-5.671982,162.334412,2.981912,-0.046452,0.976126
1778850760.8101163,123.657585,-5.671982,162.334412,2.981912,-0.046452,0.976126
1778850760.8105426,123.657585,-5.671982,162.334412,2.981912,-0.046452,0.976126
1778850760.8109474,123.630684,-5.672425,162.32724,2.982042,-0.046411,0.975554
1778850760.8113313,123.630684,-5.672425,162.32724,2.982042,-0.046411,0.975554
1778850760.811718,123.630684,-5.672425,162.32724,2.982042,-0.046411,0.975554
1778850760.8121142,123.630684,-5.672425,162.32724,2.982042,-0.046411,0.975554
1778850760.812488,123.630684,-5.672425,162.32724,2.982042,-0.046411,0.975554
1778850760.8128715,123.630684,-5.672425,162.32724,2.982042,-0.046411,0.975554
1778850760.8132813,123.630684,-5.672425,162.32724,2.982042,-0.046411,0.975554
1778850760.8136556,123.630684,-5.672425,162.32724,2.982042,-0.046411,0.975554
1778850760.8140693,123.630684,-5.672425,162.32724,2.982042,-0.046411,0.975554
1778850760.8144882,123.630684,-5.672425,162.32724,2.982042,-0.046411,0.975554
1778850760.814907,123.630684,-5.672425,162.32724,2.982042,-0.046411,0.975554
1778850760.815331,123.630684,-5.672425,162.32724,2.982042,-0.046411,0.975554
1778850760.815716,123.630684,-5.672425,162.32724,2.982042,-0.046411,0.975554
1778850760.816101,123.630684,-5.672425,162.32724,2.982042,-0.046411,0.975554
1778850760.8165193,123.603775,-5.672857,162.320068,2.982172,-0.04637,0.974983
1778850760.8168988,123.603775,-5.672857,162.320068,2.982172,-0.04637,0.974983
1778850760.8173444,123.603775,-5.672857,162.320068,2.982172,-0.04637,0.974983
1778850760.8179235,123.603775,-5.672857,162.320068,2.982172,-0.04637,0.974983
1778850760.8184156,123.603775,-5.672857,162.320068,2.982172,-0.04637,0.974983
1778850760.8188994,123.576866,-5.673276,162.312897,2.982303,-0.046329,0.974411
1778850760.8193045,123.576866,-5.673276,162.312897,2.982303,-0.046329,0.974411
1778850760.8197048,123.576866,-5.673276,162.312897,2.982303,-0.046329,0.974411
1778850760.8200762,123.576866,-5.673276,162.312897,2.982303,-0.046329,0.974411
1778850760.820433,123.576866,-5.673276,162.312897,2.982303,-0.046329,0.974411
1778850760.8208084,123.576866,-5.673276,162.312897,2.982303,-0.046329,0.974411
1778850760.8211784,123.576866,-5.673276,162.312897,2.982303,-0.046329,0.974411
1778850760.821565,123.576866,-5.673276,162.312897,2.982303,-0.046329,0.974411
1778850760.821952,123.576866,-5.673276,162.312897,2.982303,-0.046329,0.974411
1778850760.822341,123.576866,-5.673276,162.312897,2.982303,-0.046329,0.974411
1778850760.8226953,123.576866,-5.673276,162.312897,2.982303,-0.046329,0.974411
1778850760.8231084,123.549957,-5.673685,162.305725,2.982434,-0.046288,0.97384
1778850760.82351,123.549957,-5.673685,162.305725,2.982434,-0.046288,0.97384
1778850760.8239067,123.549957,-5.673685,162.305725,2.982434,-0.046288,0.97384
1778850760.8242695,123.549957,-5.673685,162.305725,2.982434,-0.046288,0.97384
1778850760.8246386,123.549957,-5.673685,162.305725,2.982434,-0.046288,0.97384
1778850760.8250835,123.549957,-5.673685,162.305725,2.982434,-0.046288,0.97384
1778850760.8254464,123.549957,-5.673685,162.305725,2.982434,-0.046288,0.97384
1778850760.8258402,123.549957,-5.673685,162.305725,2.982434,-0.046288,0.97384
1778850760.826206,123.549957,-5.673685,162.305725,2.982434,-0.046288,0.97384
1778850760.826586,123.549957,-5.673685,162.305725,2.982434,-0.046288,0.97384
1778850760.8269813,123.549957,-5.673685,162.305725,2.982434,-0.046288,0.97384
1778850760.827389,123.549957,-5.673685,162.305725,2.982434,-0.046288,0.97384
1778850760.8277519,123.549957,-5.673685,162.305725,2.982434,-0.046288,0.97384
1778850760.8281279,123.523041,-5.674081,162.298553,2.982564,-0.046247,0.973268
1778850760.8284998,123.523041,-5.674081,162.298553,2.982564,-0.046247,0.973268
1778850760.8288689,123.523041,-5.674081,162.298553,2.982564,-0.046247,0.973268
1778850760.82923,123.523041,-5.674081,162.298553,2.982564,-0.046247,0.973268
1778850760.8296282,123.523041,-5.674081,162.298553,2.982564,-0.046247,0.973268
1778850760.830038,123.523041,-5.674081,162.298553,2.982564,-0.046247,0.973268
1778850760.8304799,123.523041,-5.674081,162.298553,2.982564,-0.046247,0.973268
1778850760.8308768,123.496124,-5.674466,162.291397,2.982695,-0.046206,0.972697
1778850760.8312466,123.496124,-5.674466,162.291397,2.982695,-0.046206,0.972697
1778850760.8316371,123.496124,-5.674466,162.291397,2.982695,-0.046206,0.972697
1778850760.8320007,123.496124,-5.674466,162.291397,2.982695,-0.046206,0.972697
1778850760.8323781,123.496124,-5.674466,162.291397,2.982695,-0.046206,0.972697
1778850760.8327556,123.496124,-5.674466,162.291397,2.982695,-0.046206,0.972697
1778850760.8331225,123.496124,-5.674466,162.291397,2.982695,-0.046206,0.972697
1778850760.8335829,123.496124,-5.674466,162.291397,2.982695,-0.046206,0.972697
1778850760.8340023,123.496124,-5.674466,162.291397,2.982695,-0.046206,0.972697
1778850760.834423,123.496124,-5.674466,162.291397,2.982695,-0.046206,0.972697
1778850760.834951,123.469208,-5.674839,162.284225,2.982825,-0.046165,0.972125
1778850760.8353877,123.469208,-5.674839,162.284225,2.982825,-0.046165,0.972125
1778850760.8359108,123.469208,-5.674839,162.284225,2.982825,-0.046165,0.972125
1778850760.8363023,123.469208,-5.674839,162.284225,2.982825,-0.046165,0.972125
1778850760.8366635,123.469208,-5.674839,162.284225,2.982825,-0.046165,0.972125
1778850760.837106,123.469208,-5.674839,162.284225,2.982825,-0.046165,0.972125
1778850760.8374827,123.469208,-5.674839,162.284225,2.982825,-0.046165,0.972125
1778850760.837834,123.469208,-5.674839,162.284225,2.982825,-0.046165,0.972125
1778850760.8381836,123.469208,-5.674839,162.284225,2.982825,-0.046165,0.972125
1778850760.8385568,123.469208,-5.674839,162.284225,2.982825,-0.046165,0.972125
1778850760.8389623,123.469208,-5.674839,162.284225,2.982825,-0.046165,0.972125
1778850760.8393316,123.469208,-5.674839,162.284225,2.982825,-0.046165,0.972125
1778850760.8396895,123.469208,-5.674839,162.284225,2.982825,-0.046165,0.972125
1778850760.8400824,123.469208,-5.674839,162.284225,2.982825,-0.046165,0.972125
1778850760.8404765,123.442291,-5.6752,162.277069,2.982956,-0.046124,0.971554
1778850760.8408535,123.442291,-5.6752,162.277069,2.982956,-0.046124,0.971554
1778850760.8412588,123.442291,-5.6752,162.277069,2.982956,-0.046124,0.971554
1778850760.8416245,123.442291,-5.6752,162.277069,2.982956,-0.046124,0.971554
1778850760.8420138,123.442291,-5.6752,162.277069,2.982956,-0.046124,0.971554
1778850760.842389,123.442291,-5.6752,162.277069,2.982956,-0.046124,0.971554
1778850760.842753,123.442291,-5.6752,162.277069,2.982956,-0.046124,0.971554
1778850760.8431244,123.415375,-5.67555,162.269913,2.983087,-0.046083,0.970982
1778850760.8434966,123.415375,-5.67555,162.269913,2.983087,-0.046083,0.970982
1778850760.84388,123.415375,-5.67555,162.269913,2.983087,-0.046083,0.970982
1778850760.8442578,123.415375,-5.67555,162.269913,2.983087,-0.046083,0.970982
1778850760.8446217,123.415375,-5.67555,162.269913,2.983087,-0.046083,0.970982
1778850760.8450985,123.415375,-5.67555,162.269913,2.983087,-0.046083,0.970982
1778850760.845459,123.415375,-5.67555,162.269913,2.983087,-0.046083,0.970982
1778850760.8458452,123.415375,-5.67555,162.269913,2.983087,-0.046083,0.970982
1778850760.8462105,123.415375,-5.67555,162.269913,2.983087,-0.046083,0.970982
1778850760.8465831,123.415375,-5.67555,162.269913,2.983087,-0.046083,0.970982
1778850760.8469706,123.388451,-5.675888,162.262741,2.983217,-0.046041,0.970411
1778850760.8473318,123.388451,-5.675888,162.262741,2.983217,-0.046041,0.970411
1778850760.8476872,123.388451,-5.675888,162.262741,2.983217,-0.046041,0.970411
1778850760.848048,123.388451,-5.675888,162.262741,2.983217,-0.046041,0.970411
1778850760.8484368,123.388451,-5.675888,162.262741,2.983217,-0.046041,0.970411
1778850760.848803,123.388451,-5.675888,162.262741,2.983217,-0.046041,0.970411
1778850760.849159,123.388451,-5.675888,162.262741,2.983217,-0.046041,0.970411
1778850760.8495712,123.388451,-5.675888,162.262741,2.983217,-0.046041,0.970411
1778850760.8499444,123.388451,-5.675888,162.262741,2.983217,-0.046041,0.970411
1778850760.8503397,123.388451,-5.675888,162.262741,2.983217,-0.046041,0.970411
1778850760.8507752,123.388451,-5.675888,162.262741,2.983217,-0.046041,0.970411
1778850760.8512633,123.388451,-5.675888,162.262741,2.983217,-0.046041,0.970411
1778850760.851742,123.388451,-5.675888,162.262741,2.983217,-0.046041,0.970411
1778850760.852232,123.361526,-5.676214,162.255585,2.983348,-0.046,0.969839
1778850760.8526654,123.361526,-5.676214,162.255585,2.983348,-0.046,0.969839
1778850760.8530993,123.361526,-5.676214,162.255585,2.983348,-0.046,0.969839
1778850760.8535178,123.361526,-5.676214,162.255585,2.983348,-0.046,0.969839
1778850760.8539033,123.361526,-5.676214,162.255585,2.983348,-0.046,0.969839
1778850760.8543751,123.361526,-5.676214,162.255585,2.983348,-0.046,0.969839
1778850760.8547513,123.361526,-5.676214,162.255585,2.983348,-0.046,0.969839
1778850760.8551319,123.334602,-5.676528,162.248428,2.983479,-0.045959,0.969268
1778850760.8554833,123.334602,-5.676528,162.248428,2.983479,-0.045959,0.969268
1778850760.8558302,123.334602,-5.676528,162.248428,2.983479,-0.045959,0.969268
1778850760.8562393,123.334602,-5.676528,162.248428,2.983479,-0.045959,0.969268
1778850760.8566146,123.334602,-5.676528,162.248428,2.983479,-0.045959,0.969268
1778850760.856975,123.334602,-5.676528,162.248428,2.983479,-0.045959,0.969268
1778850760.8573484,123.334602,-5.676528,162.248428,2.983479,-0.045959,0.969268
1778850760.8577075,123.334602,-5.676528,162.248428,2.983479,-0.045959,0.969268
1778850760.8581204,123.334602,-5.676528,162.248428,2.983479,-0.045959,0.969268
1778850760.85858,123.334602,-5.676528,162.248428,2.983479,-0.045959,0.969268
1778850760.858955,123.307671,-5.676831,162.241272,2.98361,-0.045918,0.968697
1778850760.859315,123.307671,-5.676831,162.241272,2.98361,-0.045918,0.968697
1778850760.8596835,123.307671,-5.676831,162.241272,2.98361,-0.045918,0.968697
1778850760.8600671,123.307671,-5.676831,162.241272,2.98361,-0.045918,0.968697
1778850760.8604343,123.307671,-5.676831,162.241272,2.98361,-0.045918,0.968697
1778850760.8608277,123.307671,-5.676831,162.241272,2.98361,-0.045918,0.968697
1778850760.8612368,123.307671,-5.676831,162.241272,2.98361,-0.045918,0.968697
1778850760.8615963,123.307671,-5.676831,162.241272,2.98361,-0.045918,0.968697
1778850760.861966,123.307671,-5.676831,162.241272,2.98361,-0.045918,0.968697
1778850760.8623528,123.307671,-5.676831,162.241272,2.98361,-0.045918,0.968697
1778850760.86274,123.307671,-5.676831,162.241272,2.98361,-0.045918,0.968697
1778850760.8631198,123.307671,-5.676831,162.241272,2.98361,-0.045918,0.968697
1778850760.863558,123.307671,-5.676831,162.241272,2.98361,-0.045918,0.968697
1778850760.8639677,123.307671,-5.676831,162.241272,2.98361,-0.045918,0.968697
1778850760.8643355,123.280739,-5.677123,162.234131,2.983741,-0.045877,0.968125
1778850760.864702,123.280739,-5.677123,162.234131,2.983741,-0.045877,0.968125
1778850760.8650892,123.280739,-5.677123,162.234131,2.983741,-0.045877,0.968125
1778850760.8654869,123.280739,-5.677123,162.234131,2.983741,-0.045877,0.968125
1778850760.8658874,123.280739,-5.677123,162.234131,2.983741,-0.045877,0.968125
1778850760.866276,123.280739,-5.677123,162.234131,2.983741,-0.045877,0.968125
1778850760.8666463,123.280739,-5.677123,162.234131,2.983741,-0.045877,0.968125
1778850760.8670146,123.253807,-5.677402,162.226974,2.983871,-0.045836,0.967554
1778850760.8673873,123.253807,-5.677402,162.226974,2.983871,-0.045836,0.967554
1778850760.8677645,123.253807,-5.677402,162.226974,2.983871,-0.045836,0.967554
1778850760.868147,123.253807,-5.677402,162.226974,2.983871,-0.045836,0.967554
1778850760.8686423,123.253807,-5.677402,162.226974,2.983871,-0.045836,0.967554
1778850760.8691323,123.253807,-5.677402,162.226974,2.983871,-0.045836,0.967554
1778850760.8696113,123.253807,-5.677402,162.226974,2.983871,-0.045836,0.967554
1778850760.870016,123.253807,-5.677402,162.226974,2.983871,-0.045836,0.967554
1778850760.8703918,123.253807,-5.677402,162.226974,2.983871,-0.045836,0.967554
1778850760.8707638,123.226875,-5.67767,162.219818,2.984002,-0.045795,0.966983
1778850760.871129,123.226875,-5.67767,162.219818,2.984002,-0.045795,0.966983
1778850760.8716025,123.226875,-5.67767,162.219818,2.984002,-0.045795,0.966983
1778850760.8719776,123.226875,-5.67767,162.219818,2.984002,-0.045795,0.966983
1778850760.872333,123.226875,-5.67767,162.219818,2.984002,-0.045795,0.966983
1778850760.872693,123.226875,-5.67767,162.219818,2.984002,-0.045795,0.966983
1778850760.873113,123.226875,-5.67767,162.219818,2.984002,-0.045795,0.966983
1778850760.8735502,123.226875,-5.67767,162.219818,2.984002,-0.045795,0.966983
1778850760.8739522,123.226875,-5.67767,162.219818,2.984002,-0.045795,0.966983
1778850760.8743696,123.226875,-5.67767,162.219818,2.984002,-0.045795,0.966983
1778850760.8748145,123.226875,-5.67767,162.219818,2.984002,-0.045795,0.966983
1778850760.875309,123.226875,-5.67767,162.219818,2.984002,-0.045795,0.966983
1778850760.875698,123.226875,-5.67767,162.219818,2.984002,-0.045795,0.966983
1778850760.8761258,123.226875,-5.67767,162.219818,2.984002,-0.045795,0.966983
1778850760.8765185,123.199944,-5.677926,162.212677,2.984133,-0.045754,0.966411
1778850760.876926,123.199944,-5.677926,162.212677,2.984133,-0.045754,0.966411
1778850760.877368,123.199944,-5.677926,162.212677,2.984133,-0.045754,0.966411
1778850760.8778021,123.199944,-5.677926,162.212677,2.984133,-0.045754,0.966411
1778850760.878195,123.199944,-5.677926,162.212677,2.984133,-0.045754,0.966411
1778850760.878631,123.199944,-5.677926,162.212677,2.984133,-0.045754,0.966411
1778850760.8790183,123.173004,-5.67817,162.205521,2.984264,-0.045713,0.96584
1778850760.8794339,123.173004,-5.67817,162.205521,2.984264,-0.045713,0.96584
1778850760.8798285,123.173004,-5.67817,162.205521,2.984264,-0.045713,0.96584
1778850760.880215,123.173004,-5.67817,162.205521,2.984264,-0.045713,0.96584
1778850760.8806,123.173004,-5.67817,162.205521,2.984264,-0.045713,0.96584
1778850760.8810632,123.173004,-5.67817,162.205521,2.984264,-0.045713,0.96584
1778850760.8814473,123.173004,-5.67817,162.205521,2.984264,-0.045713,0.96584
1778850760.881869,123.173004,-5.67817,162.205521,2.984264,-0.045713,0.96584
1778850760.882307,123.173004,-5.67817,162.205521,2.984264,-0.045713,0.96584
1778850760.8826818,123.173004,-5.67817,162.205521,2.984264,-0.045713,0.96584
1778850760.8830602,123.146065,-5.678403,162.19838,2.984395,-0.045672,0.965269
1778850760.883431,123.146065,-5.678403,162.19838,2.984395,-0.045672,0.965269
1778850760.8838077,123.146065,-5.678403,162.19838,2.984395,-0.045672,0.965269
1778850760.88421,123.146065,-5.678403,162.19838,2.984395,-0.045672,0.965269
1778850760.884727,123.146065,-5.678403,162.19838,2.984395,-0.045672,0.965269
1778850760.8851788,123.146065,-5.678403,162.19838,2.984395,-0.045672,0.965269
1778850760.8856752,123.146065,-5.678403,162.19838,2.984395,-0.045672,0.965269
1778850760.88609,123.146065,-5.678403,162.19838,2.984395,-0.045672,0.965269
1778850760.8864722,123.146065,-5.678403,162.19838,2.984395,-0.045672,0.965269
1778850760.8868508,123.146065,-5.678403,162.19838,2.984395,-0.045672,0.965269
1778850760.8872364,123.146065,-5.678403,162.19838,2.984395,-0.045672,0.965269
1778850760.8876069,123.146065,-5.678403,162.19838,2.984395,-0.045672,0.965269
1778850760.8879817,123.146065,-5.678403,162.19838,2.984395,-0.045672,0.965269
1778850760.8883483,123.119125,-5.678624,162.191238,2.984526,-0.045631,0.964698
1778850760.8887658,123.119125,-5.678624,162.191238,2.984526,-0.045631,0.964698
1778850760.8891582,123.119125,-5.678624,162.191238,2.984526,-0.045631,0.964698
1778850760.8895755,123.119125,-5.678624,162.191238,2.984526,-0.045631,0.964698
1778850760.8899662,123.119125,-5.678624,162.191238,2.984526,-0.045631,0.964698
1778850760.8903513,123.119125,-5.678624,162.191238,2.984526,-0.045631,0.964698
1778850760.8907487,123.119125,-5.678624,162.191238,2.984526,-0.045631,0.964698
1778850760.891149,123.092178,-5.678834,162.184097,2.984658,-0.04559,0.964127
1778850760.8915293,123.092178,-5.678834,162.184097,2.984658,-0.04559,0.964127
1778850760.8919048,123.092178,-5.678834,162.184097,2.984658,-0.04559,0.964127
1778850760.8922763,123.092178,-5.678834,162.184097,2.984658,-0.04559,0.964127
1778850760.8926725,123.092178,-5.678834,162.184097,2.984658,-0.04559,0.964127
1778850760.8930802,123.092178,-5.678834,162.184097,2.984658,-0.04559,0.964127
1778850760.8934712,123.092178,-5.678834,162.184097,2.984658,-0.04559,0.964127
1778850760.8939395,123.092178,-5.678834,162.184097,2.984658,-0.04559,0.964127
1778850760.8945906,123.092178,-5.678834,162.184097,2.984658,-0.04559,0.964127
1778850760.894986,123.065239,-5.679032,162.176941,2.984789,-0.045549,0.963555
1778850760.895361,123.065239,-5.679032,162.176941,2.984789,-0.045549,0.963555
1778850760.8957555,123.065239,-5.679032,162.176941,2.984789,-0.045549,0.963555
1778850760.896143,123.065239,-5.679032,162.176941,2.984789,-0.045549,0.963555
1778850760.8965156,123.065239,-5.679032,162.176941,2.984789,-0.045549,0.963555
1778850760.896905,123.065239,-5.679032,162.176941,2.984789,-0.045549,0.963555
1778850760.897331,123.065239,-5.679032,162.176941,2.984789,-0.045549,0.963555
1778850760.8978527,123.065239,-5.679032,162.176941,2.984789,-0.045549,0.963555
1778850760.898313,123.065239,-5.679032,162.176941,2.984789,-0.045549,0.963555
1778850760.8987548,123.065239,-5.679032,162.176941,2.984789,-0.045549,0.963555
1778850760.899144,123.065239,-5.679032,162.176941,2.984789,-0.045549,0.963555
1778850760.8995245,123.065239,-5.679032,162.176941,2.984789,-0.045549,0.963555
1778850760.8999212,123.065239,-5.679032,162.176941,2.984789,-0.045549,0.963555
1778850760.900321,123.038292,-5.679218,162.169815,2.98492,-0.045508,0.962984
1778850760.9007094,123.038292,-5.679218,162.169815,2.98492,-0.045508,0.962984
1778850760.9012215,123.038292,-5.679218,162.169815,2.98492,-0.045508,0.962984
1778850760.9016595,123.038292,-5.679218,162.169815,2.98492,-0.045508,0.962984
1778850760.9020808,123.038292,-5.679218,162.169815,2.98492,-0.045508,0.962984
1778850760.9024975,123.038292,-5.679218,162.169815,2.98492,-0.045508,0.962984
1778850760.902859,123.011345,-5.679392,162.162674,2.985051,-0.045467,0.962413
1778850760.9032674,123.011345,-5.679392,162.162674,2.985051,-0.045467,0.962413
1778850760.9036584,123.011345,-5.679392,162.162674,2.985051,-0.045467,0.962413
1778850760.9040334,123.011345,-5.679392,162.162674,2.985051,-0.045467,0.962413
1778850760.9043894,123.011345,-5.679392,162.162674,2.985051,-0.045467,0.962413
1778850760.9047608,123.011345,-5.679392,162.162674,2.985051,-0.045467,0.962413
1778850760.9051707,123.011345,-5.679392,162.162674,2.985051,-0.045467,0.962413
1778850760.9056091,123.011345,-5.679392,162.162674,2.985051,-0.045467,0.962413
1778850760.90598,123.011345,-5.679392,162.162674,2.985051,-0.045467,0.962413
1778850760.906378,123.011345,-5.679392,162.162674,2.985051,-0.045467,0.962413
1778850760.9067893,123.011345,-5.679392,162.162674,2.985051,-0.045467,0.962413
1778850760.9071448,122.984398,-5.679555,162.155533,2.985182,-0.045426,0.961842
1778850760.9074965,122.984398,-5.679555,162.155533,2.985182,-0.045426,0.961842
1778850760.9078574,122.984398,-5.679555,162.155533,2.985182,-0.045426,0.961842
1778850760.908231,122.984398,-5.679555,162.155533,2.985182,-0.045426,0.961842
1778850760.908621,122.984398,-5.679555,162.155533,2.985182,-0.045426,0.961842
1778850760.9090538,122.984398,-5.679555,162.155533,2.985182,-0.045426,0.961842
1778850760.9094164,122.984398,-5.679555,162.155533,2.985182,-0.045426,0.961842
1778850760.9098136,122.984398,-5.679555,162.155533,2.985182,-0.045426,0.961842
1778850760.9101906,122.984398,-5.679555,162.155533,2.985182,-0.045426,0.961842
1778850760.910658,122.984398,-5.679555,162.155533,2.985182,-0.045426,0.961842
1778850760.911076,122.984398,-5.679555,162.155533,2.985182,-0.045426,0.961842
1778850760.9114642,122.984398,-5.679555,162.155533,2.985182,-0.045426,0.961842
1778850760.9118505,122.984398,-5.679555,162.155533,2.985182,-0.045426,0.961842
1778850760.91225,122.957443,-5.679706,162.148392,2.985313,-0.045386,0.961271
1778850760.9126296,122.957443,-5.679706,162.148392,2.985313,-0.045386,0.961271
1778850760.913015,122.957443,-5.679706,162.148392,2.985313,-0.045386,0.961271
1778850760.9134233,122.957443,-5.679706,162.148392,2.985313,-0.045386,0.961271
1778850760.913946,122.957443,-5.679706,162.148392,2.985313,-0.045386,0.961271
1778850760.9144034,122.957443,-5.679706,162.148392,2.985313,-0.045386,0.961271
1778850760.9147978,122.957443,-5.679706,162.148392,2.985313,-0.045386,0.961271
1778850760.9151862,122.930496,-5.679846,162.141266,2.985445,-0.045345,0.9607
1778850760.91557,122.930496,-5.679846,162.141266,2.985445,-0.045345,0.9607
1778850760.915952,122.930496,-5.679846,162.141266,2.985445,-0.045345,0.9607
1778850760.916321,122.930496,-5.679846,162.141266,2.985445,-0.045345,0.9607
1778850760.9166977,122.930496,-5.679846,162.141266,2.985445,-0.045345,0.9607
1778850760.9170947,122.930496,-5.679846,162.141266,2.985445,-0.045345,0.9607
1778850760.9175909,122.930496,-5.679846,162.141266,2.985445,-0.045345,0.9607
1778850760.9181411,122.930496,-5.679846,162.141266,2.985445,-0.045345,0.9607
1778850760.9185565,122.930496,-5.679846,162.141266,2.985445,-0.045345,0.9607
1778850760.9189675,122.903542,-5.679974,162.134125,2.985576,-0.045304,0.960129
1778850760.9193683,122.903542,-5.679974,162.134125,2.985576,-0.045304,0.960129
1778850760.9197848,122.903542,-5.679974,162.134125,2.985576,-0.045304,0.960129
1778850760.920207,122.903542,-5.679974,162.134125,2.985576,-0.045304,0.960129
1778850760.9205763,122.903542,-5.679974,162.134125,2.985576,-0.045304,0.960129
1778850760.9209764,122.903542,-5.679974,162.134125,2.985576,-0.045304,0.960129
1778850760.9213505,122.903542,-5.679974,162.134125,2.985576,-0.045304,0.960129
1778850760.921743,122.903542,-5.679974,162.134125,2.985576,-0.045304,0.960129
1778850760.9221182,122.903542,-5.679974,162.134125,2.985576,-0.045304,0.960129
1778850760.9240732,122.903542,-5.679974,162.134125,2.985576,-0.045304,0.960129
1778850760.9244747,122.876587,-5.680089,162.126999,2.985707,-0.045263,0.959557
1778850760.9248888,122.876587,-5.680089,162.126999,2.985707,-0.045263,0.959557
1778850760.9253576,122.876587,-5.680089,162.126999,2.985707,-0.045263,0.959557
1778850760.9258378,122.876587,-5.680089,162.126999,2.985707,-0.045263,0.959557
1778850760.926239,122.876587,-5.680089,162.126999,2.985707,-0.045263,0.959557
1778850760.9266403,122.876587,-5.680089,162.126999,2.985707,-0.045263,0.959557
1778850760.9270573,122.849625,-5.680194,162.119873,2.985838,-0.045222,0.958986
1778850760.9274824,122.849625,-5.680194,162.119873,2.985838,-0.045222,0.958986
1778850760.9278738,122.849625,-5.680194,162.119873,2.985838,-0.045222,0.958986
1778850760.9282553,122.849625,-5.680194,162.119873,2.985838,-0.045222,0.958986
1778850760.9286482,122.849625,-5.680194,162.119873,2.985838,-0.045222,0.958986
1778850760.9290824,122.849625,-5.680194,162.119873,2.985838,-0.045222,0.958986
1778850760.929484,122.849625,-5.680194,162.119873,2.985838,-0.045222,0.958986
1778850760.9298935,122.849625,-5.680194,162.119873,2.985838,-0.045222,0.958986
1778850760.930348,122.849625,-5.680194,162.119873,2.985838,-0.045222,0.958986
1778850760.9307616,122.849625,-5.680194,162.119873,2.985838,-0.045222,0.958986
1778850760.9311492,122.82267,-5.680287,162.112732,2.98597,-0.045181,0.958415
1778850760.9315352,122.82267,-5.680287,162.112732,2.98597,-0.045181,0.958415
1778850760.9319289,122.82267,-5.680287,162.112732,2.98597,-0.045181,0.958415
1778850760.9323003,122.82267,-5.680287,162.112732,2.98597,-0.045181,0.958415
1778850760.932677,122.82267,-5.680287,162.112732,2.98597,-0.045181,0.958415
1778850760.9330738,122.82267,-5.680287,162.112732,2.98597,-0.045181,0.958415
1778850760.9335458,122.82267,-5.680287,162.112732,2.98597,-0.045181,0.958415
1778850760.9339368,122.82267,-5.680287,162.112732,2.98597,-0.045181,0.958415
1778850760.934423,122.82267,-5.680287,162.112732,2.98597,-0.045181,0.958415
1778850760.9349344,122.82267,-5.680287,162.112732,2.98597,-0.045181,0.958415
1778850760.935386,122.82267,-5.680287,162.112732,2.98597,-0.045181,0.958415
1778850760.9358594,122.82267,-5.680287,162.112732,2.98597,-0.045181,0.958415
1778850760.9362898,122.795708,-5.680368,162.105606,2.986101,-0.04514,0.957844
1778850760.9366949,122.795708,-5.680368,162.105606,2.986101,-0.04514,0.957844
1778850760.9370987,122.795708,-5.680368,162.105606,2.986101,-0.04514,0.957844
1778850760.937523,122.795708,-5.680368,162.105606,2.986101,-0.04514,0.957844
1778850760.9379077,122.795708,-5.680368,162.105606,2.986101,-0.04514,0.957844
1778850760.9383757,122.795708,-5.680368,162.105606,2.986101,-0.04514,0.957844
1778850760.93881,122.795708,-5.680368,162.105606,2.986101,-0.04514,0.957844
1778850760.9391985,122.768753,-5.680438,162.09848,2.986233,-0.045099,0.957273
1778850760.9395974,122.768753,-5.680438,162.09848,2.986233,-0.045099,0.957273
1778850760.9400127,122.768753,-5.680438,162.09848,2.986233,-0.045099,0.957273
1778850760.940402,122.768753,-5.680438,162.09848,2.986233,-0.045099,0.957273
1778850760.940824,122.768753,-5.680438,162.09848,2.986233,-0.045099,0.957273
1778850760.9412358,122.768753,-5.680438,162.09848,2.986233,-0.045099,0.957273
1778850760.9416313,122.768753,-5.680438,162.09848,2.986233,-0.045099,0.957273
1778850760.9420638,122.768753,-5.680438,162.09848,2.986233,-0.045099,0.957273
1778850760.9424684,122.768753,-5.680438,162.09848,2.986233,-0.045099,0.957273
1778850760.942875,122.741783,-5.680496,162.091354,2.986364,-0.045058,0.956702
1778850760.943251,122.741783,-5.680496,162.091354,2.986364,-0.045058,0.956702
1778850760.94363,122.741783,-5.680496,162.091354,2.986364,-0.045058,0.956702
1778850760.944075,122.741783,-5.680496,162.091354,2.986364,-0.045058,0.956702
1778850760.944462,122.741783,-5.680496,162.091354,2.986364,-0.045058,0.956702
1778850760.9448433,122.741783,-5.680496,162.091354,2.986364,-0.045058,0.956702
1778850760.9452865,122.741783,-5.680496,162.091354,2.986364,-0.045058,0.956702
1778850760.9456823,122.741783,-5.680496,162.091354,2.986364,-0.045058,0.956702
1778850760.9461355,122.741783,-5.680496,162.091354,2.986364,-0.045058,0.956702
1778850760.9465644,122.741783,-5.680496,162.091354,2.986364,-0.045058,0.956702
1778850760.9469721,122.741783,-5.680496,162.091354,2.986364,-0.045058,0.956702
1778850760.947354,122.741783,-5.680496,162.091354,2.986364,-0.045058,0.956702
1778850760.947748,122.741783,-5.680496,162.091354,2.986364,-0.045058,0.956702
1778850760.9481194,122.714821,-5.680542,162.084244,2.986495,-0.045017,0.956131
1778850760.948498,122.714821,-5.680542,162.084244,2.986495,-0.045017,0.956131
1778850760.94888,122.714821,-5.680542,162.084244,2.986495,-0.045017,0.956131
1778850760.9492898,122.714821,-5.680542,162.084244,2.986495,-0.045017,0.956131
1778850760.9496903,122.714821,-5.680542,162.084244,2.986495,-0.045017,0.956131
1778850760.9501123,122.714821,-5.680542,162.084244,2.986495,-0.045017,0.956131
1778850760.9504995,122.714821,-5.680542,162.084244,2.986495,-0.045017,0.956131
1778850760.9509025,122.687859,-5.680577,162.077118,2.986627,-0.044976,0.95556
1778850760.9512975,122.687859,-5.680577,162.077118,2.986627,-0.044976,0.95556
1778850760.9517665,122.687859,-5.680577,162.077118,2.986627,-0.044976,0.95556
1778850760.9522603,122.687859,-5.680577,162.077118,2.986627,-0.044976,0.95556
1778850760.9527018,122.687859,-5.680577,162.077118,2.986627,-0.044976,0.95556
1778850760.953124,122.687859,-5.680577,162.077118,2.986627,-0.044976,0.95556
1778850760.9535894,122.687859,-5.680577,162.077118,2.986627,-0.044976,0.95556
1778850760.9539976,122.687859,-5.680577,162.077118,2.986627,-0.044976,0.95556
1778850760.9543896,122.687859,-5.680577,162.077118,2.986627,-0.044976,0.95556
1778850760.9547875,122.660889,-5.6806,162.069992,2.986758,-0.044936,0.95499
1778850760.9552102,122.660889,-5.6806,162.069992,2.986758,-0.044936,0.95499
1778850760.955579,122.660889,-5.6806,162.069992,2.986758,-0.044936,0.95499
1778850760.9559705,122.660889,-5.6806,162.069992,2.986758,-0.044936,0.95499
1778850760.9563441,122.660889,-5.6806,162.069992,2.986758,-0.044936,0.95499
1778850760.956733,122.660889,-5.6806,162.069992,2.986758,-0.044936,0.95499
1778850760.95716,122.660889,-5.6806,162.069992,2.986758,-0.044936,0.95499
1778850760.95762,122.660889,-5.6806,162.069992,2.986758,-0.044936,0.95499
1778850760.958021,122.660889,-5.6806,162.069992,2.986758,-0.044936,0.95499
1778850760.9584243,122.660889,-5.6806,162.069992,2.986758,-0.044936,0.95499
1778850760.9589195,122.660889,-5.6806,162.069992,2.986758,-0.044936,0.95499
1778850760.9593194,122.660889,-5.6806,162.069992,2.986758,-0.044936,0.95499
1778850760.9597147,122.660889,-5.6806,162.069992,2.986758,-0.044936,0.95499
1778850760.9601138,122.660889,-5.6806,162.069992,2.986758,-0.044936,0.95499
1778850760.9605303,122.633926,-5.680612,162.062881,2.98689,-0.044895,0.954419
1778850760.9609234,122.633926,-5.680612,162.062881,2.98689,-0.044895,0.954419
1778850760.9613428,122.633926,-5.680612,162.062881,2.98689,-0.044895,0.954419
1778850760.9617362,122.633926,-5.680612,162.062881,2.98689,-0.044895,0.954419
1778850760.9621232,122.633926,-5.680612,162.062881,2.98689,-0.044895,0.954419
1778850760.9625494,122.633926,-5.680612,162.062881,2.98689,-0.044895,0.954419
1778850760.9629672,122.606956,-5.680611,162.055756,2.987022,-0.044854,0.953848
1778850760.9635835,122.606956,-5.680611,162.055756,2.987022,-0.044854,0.953848
1778850760.9639835,122.606956,-5.680611,162.055756,2.987022,-0.044854,0.953848
1778850760.9643836,122.606956,-5.680611,162.055756,2.987022,-0.044854,0.953848
1778850760.964808,122.606956,-5.680611,162.055756,2.987022,-0.044854,0.953848
1778850760.96519,122.606956,-5.680611,162.055756,2.987022,-0.044854,0.953848
1778850760.9656258,122.606956,-5.680611,162.055756,2.987022,-0.044854,0.953848
1778850760.9660406,122.606956,-5.680611,162.055756,2.987022,-0.044854,0.953848
1778850760.9664588,122.606956,-5.680611,162.055756,2.987022,-0.044854,0.953848
1778850760.9668388,122.579987,-5.680599,162.048645,2.987153,-0.044813,0.953277
1778850760.9672246,122.579987,-5.680599,162.048645,2.987153,-0.044813,0.953277
1778850760.9676824,122.579987,-5.680599,162.048645,2.987153,-0.044813,0.953277
1778850760.9682693,122.579987,-5.680599,162.048645,2.987153,-0.044813,0.953277
1778850760.9687219,122.579987,-5.680599,162.048645,2.987153,-0.044813,0.953277
1778850760.9691663,122.579987,-5.680599,162.048645,2.987153,-0.044813,0.953277
1778850760.969589,122.579987,-5.680599,162.048645,2.987153,-0.044813,0.953277
1778850760.9699974,122.579987,-5.680599,162.048645,2.987153,-0.044813,0.953277
1778850760.9704058,122.579987,-5.680599,162.048645,2.987153,-0.044813,0.953277
1778850760.9708033,122.579987,-5.680599,162.048645,2.987153,-0.044813,0.953277
1778850760.9711978,122.579987,-5.680599,162.048645,2.987153,-0.044813,0.953277
1778850760.9715772,122.579987,-5.680599,162.048645,2.987153,-0.044813,0.953277
1778850760.9720087,122.579987,-5.680599,162.048645,2.987153,-0.044813,0.953277
1778850760.9723802,122.553009,-5.680576,162.041534,2.987285,-0.044772,0.952706
1778850760.9727716,122.553009,-5.680576,162.041534,2.987285,-0.044772,0.952706
1778850760.9731834,122.553009,-5.680576,162.041534,2.987285,-0.044772,0.952706
1778850760.9736161,122.553009,-5.680576,162.041534,2.987285,-0.044772,0.952706
1778850760.974055,122.553009,-5.680576,162.041534,2.987285,-0.044772,0.952706
1778850760.9744494,122.553009,-5.680576,162.041534,2.987285,-0.044772,0.952706
1778850760.9748797,122.526039,-5.680541,162.034424,2.987417,-0.044731,0.952135
1778850760.9752684,122.526039,-5.680541,162.034424,2.987417,-0.044731,0.952135
1778850760.9756398,122.526039,-5.680541,162.034424,2.987417,-0.044731,0.952135
1778850760.9760258,122.526039,-5.680541,162.034424,2.987417,-0.044731,0.952135
1778850760.9763992,122.526039,-5.680541,162.034424,2.987417,-0.044731,0.952135
1778850760.9767973,122.526039,-5.680541,162.034424,2.987417,-0.044731,0.952135
1778850760.977196,122.526039,-5.680541,162.034424,2.987417,-0.044731,0.952135
1778850760.9776266,122.526039,-5.680541,162.034424,2.987417,-0.044731,0.952135
1778850760.9780562,122.526039,-5.680541,162.034424,2.987417,-0.044731,0.952135
1778850760.9784408,122.526039,-5.680541,162.034424,2.987417,-0.044731,0.952135
1778850760.9788334,122.526039,-5.680541,162.034424,2.987417,-0.044731,0.952135
1778850760.979226,122.499062,-5.680494,162.027313,2.987548,-0.04469,0.951564
1778850760.9796197,122.499062,-5.680494,162.027313,2.987548,-0.04469,0.951564
1778850760.9800425,122.499062,-5.680494,162.027313,2.987548,-0.04469,0.951564
1778850760.9804335,122.499062,-5.680494,162.027313,2.987548,-0.04469,0.951564
1778850760.980837,122.499062,-5.680494,162.027313,2.987548,-0.04469,0.951564
1778850760.9812124,122.499062,-5.680494,162.027313,2.987548,-0.04469,0.951564
1778850760.9815934,122.499062,-5.680494,162.027313,2.987548,-0.04469,0.951564
1778850760.982031,122.499062,-5.680494,162.027313,2.987548,-0.04469,0.951564
1778850760.9824128,122.499062,-5.680494,162.027313,2.987548,-0.04469,0.951564
1778850760.9827876,122.499062,-5.680494,162.027313,2.987548,-0.04469,0.951564
1778850760.9832072,122.499062,-5.680494,162.027313,2.987548,-0.04469,0.951564
1778850760.9836094,122.499062,-5.680494,162.027313,2.987548,-0.04469,0.951564
1778850760.9840791,122.499062,-5.680494,162.027313,2.987548,-0.04469,0.951564
1778850760.98457,122.499062,-5.680494,162.027313,2.987548,-0.04469,0.951564
1778850760.9850616,122.472092,-5.680436,162.020203,2.98768,-0.04465,0.950993
1778850760.9854958,122.472092,-5.680436,162.020203,2.98768,-0.04465,0.950993
1778850760.9859273,122.472092,-5.680436,162.020203,2.98768,-0.04465,0.950993
1778850760.9863484,122.472092,-5.680436,162.020203,2.98768,-0.04465,0.950993
1778850760.9867098,122.472092,-5.680436,162.020203,2.98768,-0.04465,0.950993
1778850760.987089,122.445114,-5.680366,162.013092,2.987812,-0.044609,0.950423
1778850760.9874523,122.445114,-5.680366,162.013092,2.987812,-0.044609,0.950423
1778850760.987809,122.445114,-5.680366,162.013092,2.987812,-0.044609,0.950423
1778850760.9881787,122.445114,-5.680366,162.013092,2.987812,-0.044609,0.950423
1778850760.9885259,122.445114,-5.680366,162.013092,2.987812,-0.044609,0.950423
1778850760.9888756,122.445114,-5.680366,162.013092,2.987812,-0.044609,0.950423
1778850760.989255,122.445114,-5.680366,162.013092,2.987812,-0.044609,0.950423
1778850760.9896467,122.445114,-5.680366,162.013092,2.987812,-0.044609,0.950423
1778850760.9900005,122.445114,-5.680366,162.013092,2.987812,-0.044609,0.950423
1778850760.990387,122.445114,-5.680366,162.013092,2.987812,-0.044609,0.950423
1778850760.9907863,122.445114,-5.680366,162.013092,2.987812,-0.044609,0.950423
1778850760.9911659,122.418137,-5.680285,162.005997,2.987944,-0.044568,0.949852
1778850760.9915407,122.418137,-5.680285,162.005997,2.987944,-0.044568,0.949852
1778850760.9919145,122.418137,-5.680285,162.005997,2.987944,-0.044568,0.949852
1778850760.992272,122.418137,-5.680285,162.005997,2.987944,-0.044568,0.949852
1778850760.9926314,122.418137,-5.680285,162.005997,2.987944,-0.044568,0.949852
1778850760.9930763,122.418137,-5.680285,162.005997,2.987944,-0.044568,0.949852
1778850760.993492,122.418137,-5.680285,162.005997,2.987944,-0.044568,0.949852
1778850760.9938774,122.418137,-5.680285,162.005997,2.987944,-0.044568,0.949852
1778850760.9942784,122.418137,-5.680285,162.005997,2.987944,-0.044568,0.949852
1778850760.9946725,122.418137,-5.680285,162.005997,2.987944,-0.044568,0.949852
1778850760.9950886,122.418137,-5.680285,162.005997,2.987944,-0.044568,0.949852
1778850760.9954731,122.418137,-5.680285,162.005997,2.987944,-0.044568,0.949852
1778850760.9958708,122.418137,-5.680285,162.005997,2.987944,-0.044568,0.949852
1778850760.9962702,122.391151,-5.680192,161.998886,2.988075,-0.044527,0.949281
1778850760.9966633,122.391151,-5.680192,161.998886,2.988075,-0.044527,0.949281
1778850760.9970782,122.391151,-5.680192,161.998886,2.988075,-0.044527,0.949281
1778850760.9974558,122.391151,-5.680192,161.998886,2.988075,-0.044527,0.949281
1778850760.9978526,122.391151,-5.680192,161.998886,2.988075,-0.044527,0.949281
1778850760.99825,122.391151,-5.680192,161.998886,2.988075,-0.044527,0.949281
1778850760.998646,122.391151,-5.680192,161.998886,2.988075,-0.044527,0.949281
1778850760.999053,122.364174,-5.680087,161.991776,2.988207,-0.044486,0.94871
1778850760.9994678,122.364174,-5.680087,161.991776,2.988207,-0.044486,0.94871
1778850760.9998705,122.364174,-5.680087,161.991776,2.988207,-0.044486,0.94871
1778850761.00035,122.364174,-5.680087,161.991776,2.988207,-0.044486,0.94871
1778850761.0007937,122.364174,-5.680087,161.991776,2.988207,-0.044486,0.94871
1778850761.0015092,122.364174,-5.680087,161.991776,2.988207,-0.044486,0.94871
1778850761.001996,122.364174,-5.680087,161.991776,2.988207,-0.044486,0.94871
1778850761.0025105,122.364174,-5.680087,161.991776,2.988207,-0.044486,0.94871
1778850761.0029538,122.337196,-5.67997,161.98468,2.988339,-0.044445,0.94814
1778850761.0034237,122.337196,-5.67997,161.98468,2.988339,-0.044445,0.94814
1778850761.0039043,122.337196,-5.67997,161.98468,2.988339,-0.044445,0.94814
1778850761.0043359,122.337196,-5.67997,161.98468,2.988339,-0.044445,0.94814
1778850761.0047898,122.337196,-5.67997,161.98468,2.988339,-0.044445,0.94814
1778850761.0052035,122.337196,-5.67997,161.98468,2.988339,-0.044445,0.94814
1778850761.005666,122.337196,-5.67997,161.98468,2.988339,-0.044445,0.94814
1778850761.0060866,122.337196,-5.67997,161.98468,2.988339,-0.044445,0.94814
1778850761.0065372,122.337196,-5.67997,161.98468,2.988339,-0.044445,0.94814
1778850761.0070624,122.337196,-5.67997,161.98468,2.988339,-0.044445,0.94814
1778850761.007449,122.337196,-5.67997,161.98468,2.988339,-0.044445,0.94814
1778850761.007873,122.337196,-5.67997,161.98468,2.988339,-0.044445,0.94814
1778850761.008343,122.310211,-5.679842,161.977585,2.988471,-0.044405,0.947569
1778850761.008697,122.310211,-5.679842,161.977585,2.988471,-0.044405,0.947569
1778850761.0090644,122.310211,-5.679842,161.977585,2.988471,-0.044405,0.947569
1778850761.0094128,122.310211,-5.679842,161.977585,2.988471,-0.044405,0.947569
1778850761.009844,122.310211,-5.679842,161.977585,2.988471,-0.044405,0.947569
1778850761.0102224,122.310211,-5.679842,161.977585,2.988471,-0.044405,0.947569
1778850761.010689,122.310211,-5.679842,161.977585,2.988471,-0.044405,0.947569
1778850761.0111024,122.283226,-5.679703,161.97049,2.988603,-0.044364,0.946998
1778850761.0114453,122.283226,-5.679703,161.97049,2.988603,-0.044364,0.946998
1778850761.011782,122.283226,-5.679703,161.97049,2.988603,-0.044364,0.946998
1778850761.0121183,122.283226,-5.679703,161.97049,2.988603,-0.044364,0.946998
1778850761.0124512,122.283226,-5.679703,161.97049,2.988603,-0.044364,0.946998
1778850761.012807,122.283226,-5.679703,161.97049,2.988603,-0.044364,0.946998
1778850761.0131497,122.283226,-5.679703,161.97049,2.988603,-0.044364,0.946998
1778850761.0135903,122.283226,-5.679703,161.97049,2.988603,-0.044364,0.946998
1778850761.0139544,122.283226,-5.679703,161.97049,2.988603,-0.044364,0.946998
1778850761.0143535,122.283226,-5.679703,161.97049,2.988603,-0.044364,0.946998
1778850761.0147069,122.283226,-5.679703,161.97049,2.988603,-0.044364,0.946998
1778850761.0150871,122.256241,-5.679552,161.963379,2.988735,-0.044323,0.946428
1778850761.0154574,122.256241,-5.679552,161.963379,2.988735,-0.044323,0.946428
1778850761.0158226,122.256241,-5.679552,161.963379,2.988735,-0.044323,0.946428
1778850761.016191,122.256241,-5.679552,161.963379,2.988735,-0.044323,0.946428
1778850761.0165608,122.256241,-5.679552,161.963379,2.988735,-0.044323,0.946428
1778850761.0169616,122.256241,-5.679552,161.963379,2.988735,-0.044323,0.946428
1778850761.0173514,122.256241,-5.679552,161.963379,2.988735,-0.044323,0.946428
1778850761.0177655,122.256241,-5.679552,161.963379,2.988735,-0.044323,0.946428
1778850761.018266,122.256241,-5.679552,161.963379,2.988735,-0.044323,0.946428
1778850761.0187678,122.256241,-5.679552,161.963379,2.988735,-0.044323,0.946428
1778850761.0192356,122.256241,-5.679552,161.963379,2.988735,-0.044323,0.946428
1778850761.0196922,122.256241,-5.679552,161.963379,2.988735,-0.044323,0.946428
1778850761.0201662,122.229256,-5.679389,161.956284,2.988867,-0.044282,0.945857
1778850761.0206175,122.229256,-5.679389,161.956284,2.988867,-0.044282,0.945857
1778850761.0211012,122.229256,-5.679389,161.956284,2.988867,-0.044282,0.945857
1778850761.0215294,122.229256,-5.679389,161.956284,2.988867,-0.044282,0.945857
1778850761.0219185,122.229256,-5.679389,161.956284,2.988867,-0.044282,0.945857
1778850761.0223653,122.229256,-5.679389,161.956284,2.988867,-0.044282,0.945857
1778850761.0227537,122.229256,-5.679389,161.956284,2.988867,-0.044282,0.945857
1778850761.0231378,122.202271,-5.679215,161.949203,2.988999,-0.044242,0.945286
1778850761.0235476,122.202271,-5.679215,161.949203,2.988999,-0.044242,0.945286
1778850761.0239522,122.202271,-5.679215,161.949203,2.988999,-0.044242,0.945286
1778850761.0243402,122.202271,-5.679215,161.949203,2.988999,-0.044242,0.945286
1778850761.0247536,122.202271,-5.679215,161.949203,2.988999,-0.044242,0.945286
1778850761.0251586,122.202271,-5.679215,161.949203,2.988999,-0.044242,0.945286
1778850761.0255682,122.202271,-5.679215,161.949203,2.988999,-0.044242,0.945286
1778850761.0259554,122.202271,-5.679215,161.949203,2.988999,-0.044242,0.945286
1778850761.026338,122.202271,-5.679215,161.949203,2.988999,-0.044242,0.945286
1778850761.0267384,122.202271,-5.679215,161.949203,2.988999,-0.044242,0.945286
1778850761.0271373,122.175285,-5.679029,161.942108,2.989131,-0.044201,0.944716
1778850761.0275395,122.175285,-5.679029,161.942108,2.989131,-0.044201,0.944716
1778850761.0279188,122.175285,-5.679029,161.942108,2.989131,-0.044201,0.944716
1778850761.028289,122.175285,-5.679029,161.942108,2.989131,-0.044201,0.944716
1778850761.0286539,122.175285,-5.679029,161.942108,2.989131,-0.044201,0.944716
1778850761.0291095,122.175285,-5.679029,161.942108,2.989131,-0.044201,0.944716
1778850761.0294957,122.175285,-5.679029,161.942108,2.989131,-0.044201,0.944716
1778850761.029918,122.175285,-5.679029,161.942108,2.989131,-0.044201,0.944716
1778850761.0303302,122.175285,-5.679029,161.942108,2.989131,-0.044201,0.944716
1778850761.0307481,122.175285,-5.679029,161.942108,2.989131,-0.044201,0.944716
1778850761.0311217,122.175285,-5.679029,161.942108,2.989131,-0.044201,0.944716
1778850761.031496,122.175285,-5.679029,161.942108,2.989131,-0.044201,0.944716
1778850761.0319102,122.175285,-5.679029,161.942108,2.989131,-0.044201,0.944716
1778850761.0322883,122.148293,-5.678832,161.935013,2.989263,-0.04416,0.944145
1778850761.0326617,122.148293,-5.678832,161.935013,2.989263,-0.04416,0.944145
1778850761.0330892,122.148293,-5.678832,161.935013,2.989263,-0.04416,0.944145
1778850761.0334718,122.148293,-5.678832,161.935013,2.989263,-0.04416,0.944145
1778850761.0339015,122.148293,-5.678832,161.935013,2.989263,-0.04416,0.944145
1778850761.0343907,122.148293,-5.678832,161.935013,2.989263,-0.04416,0.944145
1778850761.0349333,122.121307,-5.678623,161.927933,2.989395,-0.044119,0.943574
1778850761.03544,122.121307,-5.678623,161.927933,2.989395,-0.044119,0.943574
1778850761.0358536,122.121307,-5.678623,161.927933,2.989395,-0.044119,0.943574
1778850761.03624,122.121307,-5.678623,161.927933,2.989395,-0.044119,0.943574
1778850761.036619,122.121307,-5.678623,161.927933,2.989395,-0.044119,0.943574
1778850761.0369911,122.121307,-5.678623,161.927933,2.989395,-0.044119,0.943574
1778850761.0373693,122.121307,-5.678623,161.927933,2.989395,-0.044119,0.943574
1778850761.0378275,122.121307,-5.678623,161.927933,2.989395,-0.044119,0.943574
1778850761.038204,122.121307,-5.678623,161.927933,2.989395,-0.044119,0.943574
1778850761.0385728,122.121307,-5.678623,161.927933,2.989395,-0.044119,0.943574
1778850761.0389595,122.094315,-5.678402,161.920837,2.989527,-0.044079,0.943004
1778850761.0393193,122.094315,-5.678402,161.920837,2.989527,-0.044079,0.943004
1778850761.039713,122.094315,-5.678402,161.920837,2.989527,-0.044079,0.943004
1778850761.0400918,122.094315,-5.678402,161.920837,2.989527,-0.044079,0.943004
1778850761.0404584,122.094315,-5.678402,161.920837,2.989527,-0.044079,0.943004
1778850761.0408912,122.094315,-5.678402,161.920837,2.989527,-0.044079,0.943004
1778850761.0414119,122.094315,-5.678402,161.920837,2.989527,-0.044079,0.943004
1778850761.0418572,122.094315,-5.678402,161.920837,2.989527,-0.044079,0.943004
1778850761.0422482,122.094315,-5.678402,161.920837,2.989527,-0.044079,0.943004
1778850761.0426276,122.094315,-5.678402,161.920837,2.989527,-0.044079,0.943004
1778850761.0430505,122.094315,-5.678402,161.920837,2.989527,-0.044079,0.943004
1778850761.0434399,122.094315,-5.678402,161.920837,2.989527,-0.044079,0.943004
1778850761.044015,122.094315,-5.678402,161.920837,2.989527,-0.044079,0.943004
1778850761.0444822,122.067322,-5.67817,161.913757,2.989659,-0.044038,0.942433
1778850761.0448897,122.067322,-5.67817,161.913757,2.989659,-0.044038,0.942433
1778850761.0453136,122.067322,-5.67817,161.913757,2.989659,-0.044038,0.942433
1778850761.0456953,122.067322,-5.67817,161.913757,2.989659,-0.044038,0.942433
1778850761.0460958,122.067322,-5.67817,161.913757,2.989659,-0.044038,0.942433
1778850761.0465267,122.067322,-5.67817,161.913757,2.989659,-0.044038,0.942433
1778850761.0469024,122.040329,-5.677926,161.906662,2.989791,-0.043997,0.941863
1778850761.047278,122.040329,-5.677926,161.906662,2.989791,-0.043997,0.941863
1778850761.0476465,122.040329,-5.677926,161.906662,2.989791,-0.043997,0.941863
1778850761.0480666,122.040329,-5.677926,161.906662,2.989791,-0.043997,0.941863
1778850761.0484428,122.040329,-5.677926,161.906662,2.989791,-0.043997,0.941863
1778850761.0488346,122.040329,-5.677926,161.906662,2.989791,-0.043997,0.941863
1778850761.049221,122.040329,-5.677926,161.906662,2.989791,-0.043997,0.941863
1778850761.0496273,122.040329,-5.677926,161.906662,2.989791,-0.043997,0.941863
1778850761.050089,122.040329,-5.677926,161.906662,2.989791,-0.043997,0.941863
1778850761.0505383,122.040329,-5.677926,161.906662,2.989791,-0.043997,0.941863
1778850761.0509408,122.013336,-5.677671,161.899582,2.989923,-0.043956,0.941292
1778850761.0513294,122.013336,-5.677671,161.899582,2.989923,-0.043956,0.941292
1778850761.0517087,122.013336,-5.677671,161.899582,2.989923,-0.043956,0.941292
1778850761.0520687,122.013336,-5.677671,161.899582,2.989923,-0.043956,0.941292
1778850761.0524325,122.013336,-5.677671,161.899582,2.989923,-0.043956,0.941292
1778850761.0528238,122.013336,-5.677671,161.899582,2.989923,-0.043956,0.941292
1778850761.0531805,122.013336,-5.677671,161.899582,2.989923,-0.043956,0.941292
1778850761.053577,122.013336,-5.677671,161.899582,2.989923,-0.043956,0.941292
1778850761.05407,122.013336,-5.677671,161.899582,2.989923,-0.043956,0.941292
1778850761.0545328,122.013336,-5.677671,161.899582,2.989923,-0.043956,0.941292
1778850761.0549684,122.013336,-5.677671,161.899582,2.989923,-0.043956,0.941292
1778850761.0553336,122.013336,-5.677671,161.899582,2.989923,-0.043956,0.941292
1778850761.0557277,122.013336,-5.677671,161.899582,2.989923,-0.043956,0.941292
1778850761.0560937,122.013336,-5.677671,161.899582,2.989923,-0.043956,0.941292
1778850761.0564837,121.986343,-5.677404,161.892502,2.990056,-0.043916,0.940722
1778850761.056846,121.986343,-5.677404,161.892502,2.990056,-0.043916,0.940722
1778850761.0572412,121.986343,-5.677404,161.892502,2.990056,-0.043916,0.940722
1778850761.0575979,121.986343,-5.677404,161.892502,2.990056,-0.043916,0.940722
1778850761.057962,121.986343,-5.677404,161.892502,2.990056,-0.043916,0.940722
1778850761.0583293,121.986343,-5.677404,161.892502,2.990056,-0.043916,0.940722
1778850761.0587034,121.986343,-5.677404,161.892502,2.990056,-0.043916,0.940722
1778850761.059062,121.959351,-5.677125,161.885422,2.990188,-0.043875,0.940151
1778850761.0594103,121.959351,-5.677125,161.885422,2.990188,-0.043875,0.940151
1778850761.0597744,121.959351,-5.677125,161.885422,2.990188,-0.043875,0.940151
1778850761.0601208,121.959351,-5.677125,161.885422,2.990188,-0.043875,0.940151
1778850761.0604968,121.959351,-5.677125,161.885422,2.990188,-0.043875,0.940151
1778850761.0608578,121.959351,-5.677125,161.885422,2.990188,-0.043875,0.940151
1778850761.0612187,121.959351,-5.677125,161.885422,2.990188,-0.043875,0.940151
1778850761.0616314,121.959351,-5.677125,161.885422,2.990188,-0.043875,0.940151
1778850761.062123,121.959351,-5.677125,161.885422,2.990188,-0.043875,0.940151
1778850761.0625315,121.959351,-5.677125,161.885422,2.990188,-0.043875,0.940151
1778850761.0628874,121.93235,-5.676836,161.878342,2.99032,-0.043834,0.939581
1778850761.0632799,121.93235,-5.676836,161.878342,2.99032,-0.043834,0.939581
1778850761.0636332,121.93235,-5.676836,161.878342,2.99032,-0.043834,0.939581
1778850761.0640078,121.93235,-5.676836,161.878342,2.99032,-0.043834,0.939581
1778850761.0643654,121.93235,-5.676836,161.878342,2.99032,-0.043834,0.939581
1778850761.0647428,121.93235,-5.676836,161.878342,2.99032,-0.043834,0.939581
1778850761.0651028,121.93235,-5.676836,161.878342,2.99032,-0.043834,0.939581
1778850761.0654573,121.93235,-5.676836,161.878342,2.99032,-0.043834,0.939581
1778850761.0658443,121.93235,-5.676836,161.878342,2.99032,-0.043834,0.939581
1778850761.0661998,121.93235,-5.676836,161.878342,2.99032,-0.043834,0.939581
1778850761.0665789,121.93235,-5.676836,161.878342,2.99032,-0.043834,0.939581
1778850761.0669482,121.93235,-5.676836,161.878342,2.99032,-0.043834,0.939581
1778850761.0672984,121.93235,-5.676836,161.878342,2.99032,-0.043834,0.939581
1778850761.0676482,121.93235,-5.676836,161.878342,2.99032,-0.043834,0.939581
